static const unsigned char _tmp_stoner_encoder_tables_bin[] = {
  0x00, 0x00, 0x00, 0x01, 0x00, 0x02, 0x00, 0x03, 0x00, 0x04, 0x01, 0x04,
  0x01, 0x03, 0x01, 0x02, 0x01, 0x01, 0x01, 0x00, 0x01, 0x01, 0x01, 0x02,
  0x01, 0x03, 0x01, 0x04, 0x01, 0x05, 0x01, 0x06, 0x01, 0x07, 0x01, 0x08,
  0x02, 0x08, 0x02, 0x07, 0x02, 0x06, 0x02, 0x05, 0x02, 0x04, 0x02, 0x03,
  0x02, 0x02, 0x02, 0x01, 0x02, 0x00, 0x02, 0x01, 0x02, 0x02, 0x02, 0x03,
  0x02, 0x04, 0x02, 0x05, 0x02, 0x06, 0x02, 0x07, 0x02, 0x08, 0x03, 0x08,
  0x03, 0x07, 0x03, 0x06, 0x03, 0x05, 0x03, 0x04, 0x03, 0x03, 0x03, 0x02,
  0x03, 0x01, 0x03, 0x00, 0x03, 0x01, 0x03, 0x02, 0x03, 0x03, 0x03, 0x04,
  0x03, 0x05, 0x03, 0x06, 0x03, 0x07, 0x03, 0x08, 0x04, 0x08, 0x04, 0x07,
  0x04, 0x06, 0x04, 0x05, 0x04, 0x04, 0x04, 0x03, 0x04, 0x02, 0x04, 0x01,
  0x04, 0x00, 0x04, 0x01, 0x04, 0x02, 0x04, 0x03, 0x04, 0x04, 0x04, 0x05,
  0x04, 0x06, 0x04, 0x07, 0x04, 0x08, 0x05, 0x08, 0x05, 0x07, 0x05, 0x06,
  0x05, 0x05, 0x05, 0x04, 0x05, 0x03, 0x05, 0x02, 0x05, 0x01, 0x05, 0x00,
  0x05, 0x01, 0x05, 0x02, 0x05, 0x03, 0x05, 0x04, 0x05, 0x05, 0x05, 0x06,
  0x05, 0x07, 0x05, 0x08, 0x06, 0x08, 0x06, 0x07, 0x06, 0x06, 0x06, 0x05,
  0x06, 0x04, 0x06, 0x03, 0x06, 0x02, 0x06, 0x01, 0x06, 0x00, 0x06, 0x01,
  0x06, 0x02, 0x06, 0x03, 0x06, 0x04, 0x06, 0x05, 0x06, 0x06, 0x06, 0x07,
  0x06, 0x08, 0x07, 0x08, 0x07, 0x07, 0x07, 0x06, 0x07, 0x05, 0x07, 0x04,
  0x07, 0x03, 0x07, 0x02, 0x07, 0x01, 0x07, 0x00, 0x07, 0x01, 0x07, 0x02,
  0x07, 0x03, 0x07, 0x04, 0x07, 0x05, 0x07, 0x06, 0x07, 0x07, 0x07, 0x08,
  0x08, 0x08, 0x08, 0x07, 0x08, 0x06, 0x08, 0x05, 0x08, 0x04, 0x08, 0x03,
  0x08, 0x02, 0x08, 0x01, 0x08, 0x00, 0x08, 0x01, 0x08, 0x02, 0x08, 0x03,
  0x08, 0x04, 0x08, 0x05, 0x08, 0x06, 0x08, 0x07, 0x08, 0x08, 0x09, 0x08,
  0x09, 0x07, 0x09, 0x06, 0x09, 0x05, 0x09, 0x04, 0x09, 0x03, 0x09, 0x02,
  0x09, 0x01, 0x09, 0x00, 0x09, 0x01, 0x09, 0x02, 0x09, 0x03, 0x09, 0x04,
  0x09, 0x05, 0x09, 0x06, 0x09, 0x07, 0x09, 0x08, 0x0a, 0x08, 0x0a, 0x07,
  0x0a, 0x06, 0x0a, 0x05, 0x0a, 0x04, 0x0a, 0x03, 0x0a, 0x02, 0x0a, 0x01,
  0x0a, 0x00, 0x0a, 0x01, 0x0a, 0x02, 0x0a, 0x03, 0x0a, 0x04, 0x0a, 0x05,
  0x0a, 0x06, 0x0a, 0x07, 0x0a, 0x08, 0x0b, 0x08, 0x0b, 0x07, 0x0b, 0x06,
  0x0b, 0x05, 0x0b, 0x04, 0x0b, 0x03, 0x0b, 0x02, 0x0b, 0x01, 0x0b, 0x00,
  0x0b, 0x01, 0x0b, 0x02, 0x0b, 0x03, 0x0b, 0x04, 0x0b, 0x05, 0x0b, 0x06,
  0x0b, 0x07, 0x0b, 0x08, 0x0c, 0x08, 0x0c, 0x07, 0x0c, 0x06, 0x0c, 0x05,
  0x0c, 0x04, 0x0c, 0x03, 0x0c, 0x02, 0x0c, 0x01, 0x0c, 0x00, 0x0c, 0x01,
  0x0c, 0x02, 0x0c, 0x03, 0x0c, 0x04, 0x0c, 0x05, 0x0c, 0x06, 0x0c, 0x07,
  0x0c, 0x08, 0x0d, 0x08, 0x0d, 0x07, 0x0d, 0x06, 0x0d, 0x05, 0x0d, 0x04,
  0x0d, 0x03, 0x0d, 0x02, 0x0d, 0x01, 0x0d, 0x00, 0x0d, 0x01, 0x0d, 0x02,
  0x0d, 0x03, 0x0d, 0x04, 0x0d, 0x05, 0x0d, 0x06, 0x0d, 0x07, 0x0d, 0x08,
  0x0e, 0x08, 0x0e, 0x07, 0x0e, 0x06, 0x0e, 0x05, 0x0e, 0x04, 0x0e, 0x03,
  0x0e, 0x02, 0x0e, 0x01, 0x0e, 0x00, 0x0e, 0x01, 0x0e, 0x02, 0x0e, 0x03,
  0x0e, 0x04, 0x0e, 0x05, 0x0e, 0x06, 0x0e, 0x07, 0x0e, 0x08, 0x0f, 0x08,
  0x0f, 0x07, 0x0f, 0x06, 0x0f, 0x05, 0x0f, 0x04, 0x0f, 0x03, 0x0f, 0x02,
  0x0f, 0x01, 0x0f, 0x00, 0x0f, 0x01, 0x0f, 0x02, 0x0f, 0x03, 0x0f, 0x04,
  0x0f, 0x05, 0x0f, 0x06, 0x0f, 0x07, 0x0f, 0x08, 0x00, 0x00, 0x00, 0x01,
  0x00, 0x02, 0x00, 0x03, 0x00, 0x04, 0x02, 0x03, 0x02, 0x02, 0x02, 0x01,
  0x02, 0x00, 0x02, 0x01, 0x02, 0x02, 0x02, 0x03, 0x02, 0x04, 0x03, 0x03,
  0x03, 0x02, 0x03, 0x01, 0x03, 0x00, 0x03, 0x01, 0x03, 0x02, 0x03, 0x03,
  0x03, 0x04, 0x04, 0x04, 0x04, 0x03, 0x04, 0x02, 0x04, 0x01, 0x04, 0x00,
  0x04, 0x01, 0x04, 0x02, 0x04, 0x03, 0x04, 0x04, 0x05, 0x03, 0x05, 0x02,
  0x05, 0x01, 0x05, 0x00, 0x05, 0x01, 0x05, 0x02, 0x05, 0x03, 0x05, 0x04,
  0x06, 0x03, 0x06, 0x02, 0x06, 0x01, 0x06, 0x00, 0x06, 0x01, 0x06, 0x02,
  0x06, 0x03, 0x06, 0x04, 0x07, 0x03, 0x07, 0x02, 0x07, 0x01, 0x07, 0x00,
  0x07, 0x01, 0x07, 0x02, 0x07, 0x03, 0x07, 0x04, 0x08, 0x04, 0x08, 0x03,
  0x08, 0x02, 0x08, 0x01, 0x08, 0x00, 0x08, 0x01, 0x08, 0x02, 0x08, 0x03,
  0x08, 0x04, 0x09, 0x03, 0x09, 0x02, 0x09, 0x01, 0x09, 0x00, 0x09, 0x01,
  0x09, 0x02, 0x09, 0x03, 0x09, 0x04, 0x0a, 0x03, 0x0a, 0x02, 0x0a, 0x01,
  0x0a, 0x00, 0x0a, 0x01, 0x0a, 0x02, 0x0a, 0x03, 0x0a, 0x04, 0x0b, 0x03,
  0x0b, 0x02, 0x0b, 0x01, 0x0b, 0x00, 0x0b, 0x01, 0x0b, 0x02, 0x0b, 0x03,
  0x0b, 0x04, 0x0c, 0x04, 0x0c, 0x03, 0x0c, 0x02, 0x0c, 0x01, 0x0c, 0x00,
  0x0c, 0x01, 0x0c, 0x02, 0x0c, 0x03, 0x0c, 0x04, 0x0d, 0x03, 0x0d, 0x02,
  0x0d, 0x01, 0x0d, 0x00, 0x0d, 0x01, 0x0d, 0x02, 0x0d, 0x03, 0x0d, 0x04,
  0x0e, 0x03, 0x0e, 0x02, 0x0e, 0x01, 0x0e, 0x00, 0x0e, 0x01, 0x0e, 0x02,
  0x0e, 0x03, 0x0e, 0x04, 0x0f, 0x03, 0x0f, 0x02, 0x0f, 0x01, 0x0f, 0x00,
  0x0f, 0x01, 0x0f, 0x02, 0x0f, 0x03, 0x0f, 0x04, 0x10, 0x04, 0x10, 0x03,
  0x10, 0x02, 0x10, 0x01, 0x10, 0x00, 0x10, 0x01, 0x10, 0x02, 0x10, 0x03,
  0x10, 0x04, 0x11, 0x03, 0x11, 0x02, 0x11, 0x01, 0x11, 0x00, 0x11, 0x01,
  0x11, 0x02, 0x11, 0x03, 0x11, 0x04, 0x12, 0x03, 0x12, 0x02, 0x12, 0x01,
  0x12, 0x00, 0x12, 0x01, 0x12, 0x02, 0x12, 0x03, 0x12, 0x04, 0x13, 0x03,
  0x13, 0x02, 0x13, 0x01, 0x13, 0x00, 0x13, 0x01, 0x13, 0x02, 0x13, 0x03,
  0x13, 0x04, 0x14, 0x04, 0x14, 0x03, 0x14, 0x02, 0x14, 0x01, 0x14, 0x00,
  0x14, 0x01, 0x14, 0x02, 0x14, 0x03, 0x14, 0x04, 0x15, 0x03, 0x15, 0x02,
  0x15, 0x01, 0x15, 0x00, 0x15, 0x01, 0x15, 0x02, 0x15, 0x03, 0x15, 0x04,
  0x16, 0x03, 0x16, 0x02, 0x16, 0x01, 0x16, 0x00, 0x16, 0x01, 0x16, 0x02,
  0x16, 0x03, 0x16, 0x04, 0x17, 0x03, 0x17, 0x02, 0x17, 0x01, 0x17, 0x00,
  0x17, 0x01, 0x17, 0x02, 0x17, 0x03, 0x17, 0x04, 0x18, 0x04, 0x18, 0x03,
  0x18, 0x02, 0x18, 0x01, 0x18, 0x00, 0x18, 0x01, 0x18, 0x02, 0x18, 0x03,
  0x18, 0x04, 0x19, 0x03, 0x19, 0x02, 0x19, 0x01, 0x19, 0x00, 0x19, 0x01,
  0x19, 0x02, 0x19, 0x03, 0x19, 0x04, 0x1a, 0x03, 0x1a, 0x02, 0x1a, 0x01,
  0x1a, 0x00, 0x1a, 0x01, 0x1a, 0x02, 0x1a, 0x03, 0x1a, 0x04, 0x1b, 0x03,
  0x1b, 0x02, 0x1b, 0x01, 0x1b, 0x00, 0x1b, 0x01, 0x1b, 0x02, 0x1b, 0x03,
  0x1b, 0x04, 0x1c, 0x04, 0x1c, 0x03, 0x1c, 0x02, 0x1c, 0x01, 0x1c, 0x00,
  0x1c, 0x01, 0x1c, 0x02, 0x1c, 0x03, 0x1c, 0x04, 0x1d, 0x03, 0x1d, 0x02,
  0x1d, 0x01, 0x1d, 0x00, 0x1d, 0x01, 0x1d, 0x02, 0x1d, 0x03, 0x1d, 0x04,
  0x1e, 0x03, 0x1e, 0x02, 0x1e, 0x01, 0x1e, 0x00, 0x1e, 0x01, 0x1e, 0x02,
  0x1e, 0x03, 0x1e, 0x04, 0x1f, 0x03, 0x1f, 0x02, 0x1f, 0x01, 0x1f, 0x00,
  0x1f, 0x01, 0x1f, 0x02, 0x1f, 0x03, 0x1f, 0x04, 0x1f, 0x05, 0x1f, 0x06,
  0x1f, 0x07, 0x1f, 0x08, 0x00, 0x00, 0x00, 0x01, 0x00, 0x02, 0x00, 0x03,
  0x00, 0x04, 0x00, 0x05, 0x00, 0x06, 0x00, 0x07, 0x00, 0x08, 0x02, 0x08,
  0x02, 0x07, 0x02, 0x06, 0x02, 0x05, 0x02, 0x04, 0x02, 0x03, 0x02, 0x02,
  0x02, 0x01, 0x02, 0x00, 0x02, 0x01, 0x02, 0x02, 0x02, 0x03, 0x02, 0x04,
  0x02, 0x05, 0x02, 0x06, 0x02, 0x07, 0x02, 0x08, 0x03, 0x08, 0x03, 0x07,
  0x03, 0x06, 0x03, 0x05, 0x03, 0x04, 0x03, 0x03, 0x03, 0x02, 0x03, 0x01,
  0x03, 0x00, 0x03, 0x01, 0x03, 0x02, 0x03, 0x03, 0x03, 0x04, 0x03, 0x05,
  0x03, 0x06, 0x03, 0x07, 0x03, 0x08, 0x04, 0x08, 0x04, 0x07, 0x04, 0x06,
  0x04, 0x05, 0x04, 0x04, 0x04, 0x03, 0x04, 0x02, 0x04, 0x01, 0x04, 0x00,
  0x04, 0x01, 0x04, 0x02, 0x04, 0x03, 0x04, 0x04, 0x04, 0x05, 0x04, 0x06,
  0x04, 0x07, 0x04, 0x08, 0x05, 0x08, 0x05, 0x07, 0x05, 0x06, 0x05, 0x05,
  0x05, 0x04, 0x05, 0x03, 0x05, 0x02, 0x05, 0x01, 0x05, 0x00, 0x05, 0x01,
  0x05, 0x02, 0x05, 0x03, 0x05, 0x04, 0x05, 0x05, 0x05, 0x06, 0x05, 0x07,
  0x05, 0x08, 0x06, 0x08, 0x06, 0x07, 0x06, 0x06, 0x06, 0x05, 0x06, 0x04,
  0x06, 0x03, 0x06, 0x02, 0x06, 0x01, 0x06, 0x00, 0x06, 0x01, 0x06, 0x02,
  0x06, 0x03, 0x06, 0x04, 0x06, 0x05, 0x06, 0x06, 0x06, 0x07, 0x06, 0x08,
  0x07, 0x08, 0x07, 0x07, 0x07, 0x06, 0x07, 0x05, 0x07, 0x04, 0x07, 0x03,
  0x07, 0x02, 0x07, 0x01, 0x07, 0x00, 0x07, 0x01, 0x07, 0x02, 0x07, 0x03,
  0x07, 0x04, 0x07, 0x05, 0x07, 0x06, 0x07, 0x07, 0x07, 0x08, 0x08, 0x08,
  0x08, 0x07, 0x08, 0x06, 0x08, 0x05, 0x08, 0x04, 0x08, 0x03, 0x08, 0x02,
  0x08, 0x01, 0x08, 0x00, 0x08, 0x01, 0x08, 0x02, 0x08, 0x03, 0x08, 0x04,
  0x08, 0x05, 0x08, 0x06, 0x08, 0x07, 0x08, 0x08, 0x09, 0x08, 0x09, 0x07,
  0x09, 0x06, 0x09, 0x05, 0x09, 0x04, 0x09, 0x03, 0x09, 0x02, 0x09, 0x01,
  0x09, 0x00, 0x09, 0x01, 0x09, 0x02, 0x09, 0x03, 0x09, 0x04, 0x09, 0x05,
  0x09, 0x06, 0x09, 0x07, 0x09, 0x08, 0x0a, 0x08, 0x0a, 0x07, 0x0a, 0x06,
  0x0a, 0x05, 0x0a, 0x04, 0x0a, 0x03, 0x0a, 0x02, 0x0a, 0x01, 0x0a, 0x00,
  0x0a, 0x01, 0x0a, 0x02, 0x0a, 0x03, 0x0a, 0x04, 0x0a, 0x05, 0x0a, 0x06,
  0x0a, 0x07, 0x0a, 0x08, 0x0b, 0x08, 0x0b, 0x07, 0x0b, 0x06, 0x0b, 0x05,
  0x0b, 0x04, 0x0b, 0x03, 0x0b, 0x02, 0x0b, 0x01, 0x0b, 0x00, 0x0b, 0x01,
  0x0b, 0x02, 0x0b, 0x03, 0x0b, 0x04, 0x0b, 0x05, 0x0b, 0x06, 0x0b, 0x07,
  0x0b, 0x08, 0x0c, 0x08, 0x0c, 0x07, 0x0c, 0x06, 0x0c, 0x05, 0x0c, 0x04,
  0x0c, 0x03, 0x0c, 0x02, 0x0c, 0x01, 0x0c, 0x00, 0x0c, 0x01, 0x0c, 0x02,
  0x0c, 0x03, 0x0c, 0x04, 0x0c, 0x05, 0x0c, 0x06, 0x0c, 0x07, 0x0c, 0x08,
  0x0d, 0x08, 0x0d, 0x07, 0x0d, 0x06, 0x0d, 0x05, 0x0d, 0x04, 0x0d, 0x03,
  0x0d, 0x02, 0x0d, 0x01, 0x0d, 0x00, 0x0d, 0x01, 0x0d, 0x02, 0x0d, 0x03,
  0x0d, 0x04, 0x0d, 0x05, 0x0d, 0x06, 0x0d, 0x07, 0x0d, 0x08, 0x0e, 0x08,
  0x0e, 0x07, 0x0e, 0x06, 0x0e, 0x05, 0x0e, 0x04, 0x0e, 0x03, 0x0e, 0x02,
  0x0e, 0x01, 0x0e, 0x00, 0x0e, 0x01, 0x0e, 0x02, 0x0e, 0x03, 0x0e, 0x04,
  0x0e, 0x05, 0x0e, 0x06, 0x0e, 0x07, 0x0e, 0x08, 0x0f, 0x08, 0x0f, 0x07,
  0x0f, 0x06, 0x0f, 0x05, 0x0f, 0x04, 0x0f, 0x03, 0x0f, 0x02, 0x0f, 0x01,
  0x0f, 0x00, 0x0f, 0x01, 0x0f, 0x02, 0x0f, 0x03, 0x0f, 0x04, 0x0f, 0x05,
  0x0f, 0x06, 0x0f, 0x07, 0x0f, 0x08, 0x0f, 0x09, 0x0f, 0x0a, 0x0f, 0x0b,
  0x0f, 0x0c, 0x0f, 0x0d, 0x0f, 0x0e, 0x0f, 0x0f, 0x0f, 0x10, 0x0f, 0x11,
  0x00, 0x00, 0x00, 0x01, 0x00, 0x02, 0x00, 0x03, 0x03, 0x03, 0x03, 0x02,
  0x03, 0x01, 0x03, 0x00, 0x03, 0x01, 0x03, 0x02, 0x03, 0x03, 0x03, 0x04,
  0x04, 0x04, 0x04, 0x03, 0x04, 0x02, 0x04, 0x01, 0x04, 0x00, 0x04, 0x01,
  0x04, 0x02, 0x04, 0x03, 0x04, 0x04, 0x05, 0x03, 0x05, 0x02, 0x05, 0x01,
  0x05, 0x00, 0x05, 0x01, 0x05, 0x02, 0x05, 0x03, 0x05, 0x04, 0x06, 0x03,
  0x06, 0x02, 0x06, 0x01, 0x06, 0x00, 0x06, 0x01, 0x06, 0x02, 0x06, 0x03,
  0x06, 0x04, 0x07, 0x03, 0x07, 0x02, 0x07, 0x01, 0x07, 0x00, 0x07, 0x01,
  0x07, 0x02, 0x07, 0x03, 0x07, 0x04, 0x08, 0x04, 0x08, 0x03, 0x08, 0x02,
  0x08, 0x01, 0x08, 0x00, 0x08, 0x01, 0x08, 0x02, 0x08, 0x03, 0x08, 0x04,
  0x09, 0x03, 0x09, 0x02, 0x09, 0x01, 0x09, 0x00, 0x09, 0x01, 0x09, 0x02,
  0x09, 0x03, 0x09, 0x04, 0x0a, 0x03, 0x0a, 0x02, 0x0a, 0x01, 0x0a, 0x00,
  0x0a, 0x01, 0x0a, 0x02, 0x0a, 0x03, 0x0a, 0x04, 0x0b, 0x03, 0x0b, 0x02,
  0x0b, 0x01, 0x0b, 0x00, 0x0b, 0x01, 0x0b, 0x02, 0x0b, 0x03, 0x0b, 0x04,
  0x0c, 0x04, 0x0c, 0x03, 0x0c, 0x02, 0x0c, 0x01, 0x0c, 0x00, 0x0c, 0x01,
  0x0c, 0x02, 0x0c, 0x03, 0x0c, 0x04, 0x0d, 0x03, 0x0d, 0x02, 0x0d, 0x01,
  0x0d, 0x00, 0x0d, 0x01, 0x0d, 0x02, 0x0d, 0x03, 0x0d, 0x04, 0x0e, 0x03,
  0x0e, 0x02, 0x0e, 0x01, 0x0e, 0x00, 0x0e, 0x01, 0x0e, 0x02, 0x0e, 0x03,
  0x0e, 0x04, 0x0f, 0x03, 0x0f, 0x02, 0x0f, 0x01, 0x0f, 0x00, 0x0f, 0x01,
  0x0f, 0x02, 0x0f, 0x03, 0x0f, 0x04, 0x10, 0x04, 0x10, 0x03, 0x10, 0x02,
  0x10, 0x01, 0x10, 0x00, 0x10, 0x01, 0x10, 0x02, 0x10, 0x03, 0x10, 0x04,
  0x11, 0x03, 0x11, 0x02, 0x11, 0x01, 0x11, 0x00, 0x11, 0x01, 0x11, 0x02,
  0x11, 0x03, 0x11, 0x04, 0x12, 0x03, 0x12, 0x02, 0x12, 0x01, 0x12, 0x00,
  0x12, 0x01, 0x12, 0x02, 0x12, 0x03, 0x12, 0x04, 0x13, 0x03, 0x13, 0x02,
  0x13, 0x01, 0x13, 0x00, 0x13, 0x01, 0x13, 0x02, 0x13, 0x03, 0x13, 0x04,
  0x14, 0x04, 0x14, 0x03, 0x14, 0x02, 0x14, 0x01, 0x14, 0x00, 0x14, 0x01,
  0x14, 0x02, 0x14, 0x03, 0x14, 0x04, 0x15, 0x03, 0x15, 0x02, 0x15, 0x01,
  0x15, 0x00, 0x15, 0x01, 0x15, 0x02, 0x15, 0x03, 0x15, 0x04, 0x16, 0x03,
  0x16, 0x02, 0x16, 0x01, 0x16, 0x00, 0x16, 0x01, 0x16, 0x02, 0x16, 0x03,
  0x16, 0x04, 0x17, 0x03, 0x17, 0x02, 0x17, 0x01, 0x17, 0x00, 0x17, 0x01,
  0x17, 0x02, 0x17, 0x03, 0x17, 0x04, 0x18, 0x04, 0x18, 0x03, 0x18, 0x02,
  0x18, 0x01, 0x18, 0x00, 0x18, 0x01, 0x18, 0x02, 0x18, 0x03, 0x18, 0x04,
  0x19, 0x03, 0x19, 0x02, 0x19, 0x01, 0x19, 0x00, 0x19, 0x01, 0x19, 0x02,
  0x19, 0x03, 0x19, 0x04, 0x1a, 0x03, 0x1a, 0x02, 0x1a, 0x01, 0x1a, 0x00,
  0x1a, 0x01, 0x1a, 0x02, 0x1a, 0x03, 0x1a, 0x04, 0x1b, 0x03, 0x1b, 0x02,
  0x1b, 0x01, 0x1b, 0x00, 0x1b, 0x01, 0x1b, 0x02, 0x1b, 0x03, 0x1b, 0x04,
  0x1c, 0x04, 0x1c, 0x03, 0x1c, 0x02, 0x1c, 0x01, 0x1c, 0x00, 0x1c, 0x01,
  0x1c, 0x02, 0x1c, 0x03, 0x1c, 0x04, 0x1d, 0x03, 0x1d, 0x02, 0x1d, 0x01,
  0x1d, 0x00, 0x1d, 0x01, 0x1d, 0x02, 0x1d, 0x03, 0x1d, 0x04, 0x1e, 0x03,
  0x1e, 0x02, 0x1e, 0x01, 0x1e, 0x00, 0x1e, 0x01, 0x1e, 0x02, 0x1e, 0x03,
  0x1e, 0x04, 0x1f, 0x03, 0x1f, 0x02, 0x1f, 0x01, 0x1f, 0x00, 0x1f, 0x01,
  0x1f, 0x02, 0x1f, 0x03, 0x1f, 0x04, 0x1f, 0x05, 0x1f, 0x06, 0x1f, 0x07,
  0x1f, 0x08, 0x1f, 0x09, 0x1f, 0x0a, 0x1f, 0x0b, 0x1f, 0x0c, 0x1f, 0x0d,
  0x1f, 0x0e, 0x1f, 0x0f, 0x1f, 0x10, 0x1f, 0x11, 0x00, 0x00, 0x00, 0x01,
  0x00, 0x02, 0x02, 0x02, 0x02, 0x01, 0x02, 0x00, 0x02, 0x01, 0x02, 0x02,
  0x02, 0x03, 0x02, 0x04, 0x02, 0x05, 0x02, 0x06, 0x02, 0x07, 0x02, 0x08,
  0x03, 0x08, 0x03, 0x07, 0x03, 0x06, 0x03, 0x05, 0x03, 0x04, 0x03, 0x03,
  0x03, 0x02, 0x03, 0x01, 0x03, 0x00, 0x03, 0x01, 0x03, 0x02, 0x03, 0x03,
  0x03, 0x04, 0x03, 0x05, 0x03, 0x06, 0x03, 0x07, 0x03, 0x08, 0x04, 0x08,
  0x04, 0x07, 0x04, 0x06, 0x04, 0x05, 0x04, 0x04, 0x04, 0x03, 0x04, 0x02,
  0x04, 0x01, 0x04, 0x00, 0x04, 0x01, 0x04, 0x02, 0x04, 0x03, 0x04, 0x04,
  0x04, 0x05, 0x04, 0x06, 0x04, 0x07, 0x04, 0x08, 0x05, 0x08, 0x05, 0x07,
  0x05, 0x06, 0x05, 0x05, 0x05, 0x04, 0x05, 0x03, 0x05, 0x02, 0x05, 0x01,
  0x05, 0x00, 0x05, 0x01, 0x05, 0x02, 0x05, 0x03, 0x05, 0x04, 0x05, 0x05,
  0x05, 0x06, 0x05, 0x07, 0x05, 0x08, 0x06, 0x08, 0x06, 0x07, 0x06, 0x06,
  0x06, 0x05, 0x06, 0x04, 0x06, 0x03, 0x06, 0x02, 0x06, 0x01, 0x06, 0x00,
  0x06, 0x01, 0x06, 0x02, 0x06, 0x03, 0x06, 0x04, 0x06, 0x05, 0x06, 0x06,
  0x06, 0x07, 0x06, 0x08, 0x07, 0x08, 0x07, 0x07, 0x07, 0x06, 0x07, 0x05,
  0x07, 0x04, 0x07, 0x03, 0x07, 0x02, 0x07, 0x01, 0x07, 0x00, 0x07, 0x01,
  0x07, 0x02, 0x07, 0x03, 0x07, 0x04, 0x07, 0x05, 0x07, 0x06, 0x07, 0x07,
  0x07, 0x08, 0x08, 0x08, 0x08, 0x07, 0x08, 0x06, 0x08, 0x05, 0x08, 0x04,
  0x08, 0x03, 0x08, 0x02, 0x08, 0x01, 0x08, 0x00, 0x08, 0x01, 0x08, 0x02,
  0x08, 0x03, 0x08, 0x04, 0x08, 0x05, 0x08, 0x06, 0x08, 0x07, 0x08, 0x08,
  0x09, 0x08, 0x09, 0x07, 0x09, 0x06, 0x09, 0x05, 0x09, 0x04, 0x09, 0x03,
  0x09, 0x02, 0x09, 0x01, 0x09, 0x00, 0x09, 0x01, 0x09, 0x02, 0x09, 0x03,
  0x09, 0x04, 0x09, 0x05, 0x09, 0x06, 0x09, 0x07, 0x09, 0x08, 0x0a, 0x08,
  0x0a, 0x07, 0x0a, 0x06, 0x0a, 0x05, 0x0a, 0x04, 0x0a, 0x03, 0x0a, 0x02,
  0x0a, 0x01, 0x0a, 0x00, 0x0a, 0x01, 0x0a, 0x02, 0x0a, 0x03, 0x0a, 0x04,
  0x0a, 0x05, 0x0a, 0x06, 0x0a, 0x07, 0x0a, 0x08, 0x0b, 0x08, 0x0b, 0x07,
  0x0b, 0x06, 0x0b, 0x05, 0x0b, 0x04, 0x0b, 0x03, 0x0b, 0x02, 0x0b, 0x01,
  0x0b, 0x00, 0x0b, 0x01, 0x0b, 0x02, 0x0b, 0x03, 0x0b, 0x04, 0x0b, 0x05,
  0x0b, 0x06, 0x0b, 0x07, 0x0b, 0x08, 0x0c, 0x08, 0x0c, 0x07, 0x0c, 0x06,
  0x0c, 0x05, 0x0c, 0x04, 0x0c, 0x03, 0x0c, 0x02, 0x0c, 0x01, 0x0c, 0x00,
  0x0c, 0x01, 0x0c, 0x02, 0x0c, 0x03, 0x0c, 0x04, 0x0c, 0x05, 0x0c, 0x06,
  0x0c, 0x07, 0x0c, 0x08, 0x0d, 0x08, 0x0d, 0x07, 0x0d, 0x06, 0x0d, 0x05,
  0x0d, 0x04, 0x0d, 0x03, 0x0d, 0x02, 0x0d, 0x01, 0x0d, 0x00, 0x0d, 0x01,
  0x0d, 0x02, 0x0d, 0x03, 0x0d, 0x04, 0x0d, 0x05, 0x0d, 0x06, 0x0d, 0x07,
  0x0d, 0x08, 0x0e, 0x08, 0x0e, 0x07, 0x0e, 0x06, 0x0e, 0x05, 0x0e, 0x04,
  0x0e, 0x03, 0x0e, 0x02, 0x0e, 0x01, 0x0e, 0x00, 0x0e, 0x01, 0x0e, 0x02,
  0x0e, 0x03, 0x0e, 0x04, 0x0e, 0x05, 0x0e, 0x06, 0x0e, 0x07, 0x0e, 0x08,
  0x0f, 0x08, 0x0f, 0x07, 0x0f, 0x06, 0x0f, 0x05, 0x0f, 0x04, 0x0f, 0x03,
  0x0f, 0x02, 0x0f, 0x01, 0x0f, 0x00, 0x0f, 0x01, 0x0f, 0x02, 0x0f, 0x03,
  0x0f, 0x04, 0x0f, 0x05, 0x0f, 0x06, 0x0f, 0x07, 0x0f, 0x08, 0x0f, 0x09,
  0x0f, 0x0a, 0x0f, 0x0b, 0x0f, 0x0c, 0x0f, 0x0d, 0x0f, 0x0e, 0x0f, 0x0f,
  0x0f, 0x10, 0x0f, 0x11, 0x0f, 0x12, 0x0f, 0x13, 0x0f, 0x14, 0x0f, 0x15,
  0x0f, 0x16, 0x0f, 0x17, 0x0f, 0x18, 0x0f, 0x19, 0x0f, 0x1a, 0x0f, 0x1b,
  0x0f, 0x1c, 0x0f, 0x1d, 0x00, 0x00, 0x00, 0x01, 0x00, 0x02, 0x04, 0x01,
  0x04, 0x00, 0x04, 0x01, 0x04, 0x02, 0x04, 0x03, 0x04, 0x04, 0x05, 0x03,
  0x05, 0x02, 0x05, 0x01, 0x05, 0x00, 0x05, 0x01, 0x05, 0x02, 0x05, 0x03,
  0x05, 0x04, 0x06, 0x03, 0x06, 0x02, 0x06, 0x01, 0x06, 0x00, 0x06, 0x01,
  0x06, 0x02, 0x06, 0x03, 0x06, 0x04, 0x07, 0x03, 0x07, 0x02, 0x07, 0x01,
  0x07, 0x00, 0x07, 0x01, 0x07, 0x02, 0x07, 0x03, 0x07, 0x04, 0x08, 0x04,
  0x08, 0x03, 0x08, 0x02, 0x08, 0x01, 0x08, 0x00, 0x08, 0x01, 0x08, 0x02,
  0x08, 0x03, 0x08, 0x04, 0x09, 0x03, 0x09, 0x02, 0x09, 0x01, 0x09, 0x00,
  0x09, 0x01, 0x09, 0x02, 0x09, 0x03, 0x09, 0x04, 0x0a, 0x03, 0x0a, 0x02,
  0x0a, 0x01, 0x0a, 0x00, 0x0a, 0x01, 0x0a, 0x02, 0x0a, 0x03, 0x0a, 0x04,
  0x0b, 0x03, 0x0b, 0x02, 0x0b, 0x01, 0x0b, 0x00, 0x0b, 0x01, 0x0b, 0x02,
  0x0b, 0x03, 0x0b, 0x04, 0x0c, 0x04, 0x0c, 0x03, 0x0c, 0x02, 0x0c, 0x01,
  0x0c, 0x00, 0x0c, 0x01, 0x0c, 0x02, 0x0c, 0x03, 0x0c, 0x04, 0x0d, 0x03,
  0x0d, 0x02, 0x0d, 0x01, 0x0d, 0x00, 0x0d, 0x01, 0x0d, 0x02, 0x0d, 0x03,
  0x0d, 0x04, 0x0e, 0x03, 0x0e, 0x02, 0x0e, 0x01, 0x0e, 0x00, 0x0e, 0x01,
  0x0e, 0x02, 0x0e, 0x03, 0x0e, 0x04, 0x0f, 0x03, 0x0f, 0x02, 0x0f, 0x01,
  0x0f, 0x00, 0x0f, 0x01, 0x0f, 0x02, 0x0f, 0x03, 0x0f, 0x04, 0x10, 0x04,
  0x10, 0x03, 0x10, 0x02, 0x10, 0x01, 0x10, 0x00, 0x10, 0x01, 0x10, 0x02,
  0x10, 0x03, 0x10, 0x04, 0x11, 0x03, 0x11, 0x02, 0x11, 0x01, 0x11, 0x00,
  0x11, 0x01, 0x11, 0x02, 0x11, 0x03, 0x11, 0x04, 0x12, 0x03, 0x12, 0x02,
  0x12, 0x01, 0x12, 0x00, 0x12, 0x01, 0x12, 0x02, 0x12, 0x03, 0x12, 0x04,
  0x13, 0x03, 0x13, 0x02, 0x13, 0x01, 0x13, 0x00, 0x13, 0x01, 0x13, 0x02,
  0x13, 0x03, 0x13, 0x04, 0x14, 0x04, 0x14, 0x03, 0x14, 0x02, 0x14, 0x01,
  0x14, 0x00, 0x14, 0x01, 0x14, 0x02, 0x14, 0x03, 0x14, 0x04, 0x15, 0x03,
  0x15, 0x02, 0x15, 0x01, 0x15, 0x00, 0x15, 0x01, 0x15, 0x02, 0x15, 0x03,
  0x15, 0x04, 0x16, 0x03, 0x16, 0x02, 0x16, 0x01, 0x16, 0x00, 0x16, 0x01,
  0x16, 0x02, 0x16, 0x03, 0x16, 0x04, 0x17, 0x03, 0x17, 0x02, 0x17, 0x01,
  0x17, 0x00, 0x17, 0x01, 0x17, 0x02, 0x17, 0x03, 0x17, 0x04, 0x18, 0x04,
  0x18, 0x03, 0x18, 0x02, 0x18, 0x01, 0x18, 0x00, 0x18, 0x01, 0x18, 0x02,
  0x18, 0x03, 0x18, 0x04, 0x19, 0x03, 0x19, 0x02, 0x19, 0x01, 0x19, 0x00,
  0x19, 0x01, 0x19, 0x02, 0x19, 0x03, 0x19, 0x04, 0x1a, 0x03, 0x1a, 0x02,
  0x1a, 0x01, 0x1a, 0x00, 0x1a, 0x01, 0x1a, 0x02, 0x1a, 0x03, 0x1a, 0x04,
  0x1b, 0x03, 0x1b, 0x02, 0x1b, 0x01, 0x1b, 0x00, 0x1b, 0x01, 0x1b, 0x02,
  0x1b, 0x03, 0x1b, 0x04, 0x1c, 0x04, 0x1c, 0x03, 0x1c, 0x02, 0x1c, 0x01,
  0x1c, 0x00, 0x1c, 0x01, 0x1c, 0x02, 0x1c, 0x03, 0x1c, 0x04, 0x1d, 0x03,
  0x1d, 0x02, 0x1d, 0x01, 0x1d, 0x00, 0x1d, 0x01, 0x1d, 0x02, 0x1d, 0x03,
  0x1d, 0x04, 0x1e, 0x03, 0x1e, 0x02, 0x1e, 0x01, 0x1e, 0x00, 0x1e, 0x01,
  0x1e, 0x02, 0x1e, 0x03, 0x1e, 0x04, 0x1f, 0x03, 0x1f, 0x02, 0x1f, 0x01,
  0x1f, 0x00, 0x1f, 0x01, 0x1f, 0x02, 0x1f, 0x03, 0x1f, 0x04, 0x1f, 0x05,
  0x1f, 0x06, 0x1f, 0x07, 0x1f, 0x08, 0x1f, 0x09, 0x1f, 0x0a, 0x1f, 0x0b,
  0x1f, 0x0c, 0x1f, 0x0d, 0x1f, 0x0e, 0x1f, 0x0f, 0x1f, 0x10, 0x1f, 0x11,
  0x1f, 0x12, 0x1f, 0x13, 0x1f, 0x14, 0x1f, 0x15, 0x1f, 0x16, 0x1f, 0x17,
  0x1f, 0x18, 0x1f, 0x19, 0x1f, 0x1a, 0x1f, 0x1b, 0x1f, 0x1c, 0x1f, 0x1d,
  0x00, 0x00, 0x00, 0x01, 0x00, 0x02, 0x00, 0x03, 0x00, 0x04, 0x03, 0x04,
  0x03, 0x03, 0x03, 0x02, 0x03, 0x01, 0x03, 0x00, 0x03, 0x01, 0x03, 0x02,
  0x03, 0x03, 0x03, 0x04, 0x03, 0x05, 0x03, 0x06, 0x03, 0x07, 0x03, 0x08,
  0x04, 0x08, 0x04, 0x07, 0x04, 0x06, 0x04, 0x05, 0x04, 0x04, 0x04, 0x03,
  0x04, 0x02, 0x04, 0x01, 0x04, 0x00, 0x04, 0x01, 0x04, 0x02, 0x04, 0x03,
  0x04, 0x04, 0x04, 0x05, 0x04, 0x06, 0x04, 0x07, 0x04, 0x08, 0x05, 0x08,
  0x05, 0x07, 0x05, 0x06, 0x05, 0x05, 0x05, 0x04, 0x05, 0x03, 0x05, 0x02,
  0x05, 0x01, 0x05, 0x00, 0x05, 0x01, 0x05, 0x02, 0x05, 0x03, 0x05, 0x04,
  0x05, 0x05, 0x05, 0x06, 0x05, 0x07, 0x05, 0x08, 0x06, 0x08, 0x06, 0x07,
  0x06, 0x06, 0x06, 0x05, 0x06, 0x04, 0x06, 0x03, 0x06, 0x02, 0x06, 0x01,
  0x06, 0x00, 0x06, 0x01, 0x06, 0x02, 0x06, 0x03, 0x06, 0x04, 0x06, 0x05,
  0x06, 0x06, 0x06, 0x07, 0x06, 0x08, 0x07, 0x08, 0x07, 0x07, 0x07, 0x06,
  0x07, 0x05, 0x07, 0x04, 0x07, 0x03, 0x07, 0x02, 0x07, 0x01, 0x07, 0x00,
  0x07, 0x01, 0x07, 0x02, 0x07, 0x03, 0x07, 0x04, 0x07, 0x05, 0x07, 0x06,
  0x07, 0x07, 0x07, 0x08, 0x08, 0x08, 0x08, 0x07, 0x08, 0x06, 0x08, 0x05,
  0x08, 0x04, 0x08, 0x03, 0x08, 0x02, 0x08, 0x01, 0x08, 0x00, 0x08, 0x01,
  0x08, 0x02, 0x08, 0x03, 0x08, 0x04, 0x08, 0x05, 0x08, 0x06, 0x08, 0x07,
  0x08, 0x08, 0x09, 0x08, 0x09, 0x07, 0x09, 0x06, 0x09, 0x05, 0x09, 0x04,
  0x09, 0x03, 0x09, 0x02, 0x09, 0x01, 0x09, 0x00, 0x09, 0x01, 0x09, 0x02,
  0x09, 0x03, 0x09, 0x04, 0x09, 0x05, 0x09, 0x06, 0x09, 0x07, 0x09, 0x08,
  0x0a, 0x08, 0x0a, 0x07, 0x0a, 0x06, 0x0a, 0x05, 0x0a, 0x04, 0x0a, 0x03,
  0x0a, 0x02, 0x0a, 0x01, 0x0a, 0x00, 0x0a, 0x01, 0x0a, 0x02, 0x0a, 0x03,
  0x0a, 0x04, 0x0a, 0x05, 0x0a, 0x06, 0x0a, 0x07, 0x0a, 0x08, 0x0b, 0x08,
  0x0b, 0x07, 0x0b, 0x06, 0x0b, 0x05, 0x0b, 0x04, 0x0b, 0x03, 0x0b, 0x02,
  0x0b, 0x01, 0x0b, 0x00, 0x0b, 0x01, 0x0b, 0x02, 0x0b, 0x03, 0x0b, 0x04,
  0x0b, 0x05, 0x0b, 0x06, 0x0b, 0x07, 0x0b, 0x08, 0x0c, 0x08, 0x0c, 0x07,
  0x0c, 0x06, 0x0c, 0x05, 0x0c, 0x04, 0x0c, 0x03, 0x0c, 0x02, 0x0c, 0x01,
  0x0c, 0x00, 0x0c, 0x01, 0x0c, 0x02, 0x0c, 0x03, 0x0c, 0x04, 0x0c, 0x05,
  0x0c, 0x06, 0x0c, 0x07, 0x0c, 0x08, 0x0d, 0x08, 0x0d, 0x07, 0x0d, 0x06,
  0x0d, 0x05, 0x0d, 0x04, 0x0d, 0x03, 0x0d, 0x02, 0x0d, 0x01, 0x0d, 0x00,
  0x0d, 0x01, 0x0d, 0x02, 0x0d, 0x03, 0x0d, 0x04, 0x0d, 0x05, 0x0d, 0x06,
  0x0d, 0x07, 0x0d, 0x08, 0x0e, 0x08, 0x0e, 0x07, 0x0e, 0x06, 0x0e, 0x05,
  0x0e, 0x04, 0x0e, 0x03, 0x0e, 0x02, 0x0e, 0x01, 0x0e, 0x00, 0x0e, 0x01,
  0x0e, 0x02, 0x0e, 0x03, 0x0e, 0x04, 0x0e, 0x05, 0x0e, 0x06, 0x0e, 0x07,
  0x0e, 0x08, 0x0f, 0x08, 0x0f, 0x07, 0x0f, 0x06, 0x0f, 0x05, 0x0f, 0x04,
  0x0f, 0x03, 0x0f, 0x02, 0x0f, 0x01, 0x0f, 0x00, 0x0f, 0x01, 0x0f, 0x02,
  0x0f, 0x03, 0x0f, 0x04, 0x0f, 0x05, 0x0f, 0x06, 0x0f, 0x07, 0x0f, 0x08,
  0x0f, 0x09, 0x0f, 0x0a, 0x0f, 0x0b, 0x0f, 0x0c, 0x0f, 0x0d, 0x0f, 0x0e,
  0x0f, 0x0f, 0x0f, 0x10, 0x0f, 0x11, 0x0f, 0x12, 0x0f, 0x13, 0x0f, 0x14,
  0x0f, 0x15, 0x0f, 0x16, 0x0f, 0x17, 0x0f, 0x18, 0x0f, 0x19, 0x0f, 0x1a,
  0x0f, 0x1b, 0x0f, 0x1c, 0x0f, 0x1d, 0x0f, 0x1e, 0x0f, 0x1f, 0x0f, 0x20,
  0x0f, 0x21, 0x0f, 0x22, 0x0f, 0x23, 0x0f, 0x24, 0x0f, 0x25, 0x0f, 0x26,
  0x0f, 0x27, 0x0f, 0x28, 0x0f, 0x29, 0x0f, 0x2a, 0x00, 0x00, 0x00, 0x01,
  0x00, 0x02, 0x00, 0x03, 0x06, 0x03, 0x06, 0x02, 0x06, 0x01, 0x06, 0x00,
  0x06, 0x01, 0x06, 0x02, 0x06, 0x03, 0x06, 0x04, 0x07, 0x03, 0x07, 0x02,
  0x07, 0x01, 0x07, 0x00, 0x07, 0x01, 0x07, 0x02, 0x07, 0x03, 0x07, 0x04,
  0x08, 0x04, 0x08, 0x03, 0x08, 0x02, 0x08, 0x01, 0x08, 0x00, 0x08, 0x01,
  0x08, 0x02, 0x08, 0x03, 0x08, 0x04, 0x09, 0x03, 0x09, 0x02, 0x09, 0x01,
  0x09, 0x00, 0x09, 0x01, 0x09, 0x02, 0x09, 0x03, 0x09, 0x04, 0x0a, 0x03,
  0x0a, 0x02, 0x0a, 0x01, 0x0a, 0x00, 0x0a, 0x01, 0x0a, 0x02, 0x0a, 0x03,
  0x0a, 0x04, 0x0b, 0x03, 0x0b, 0x02, 0x0b, 0x01, 0x0b, 0x00, 0x0b, 0x01,
  0x0b, 0x02, 0x0b, 0x03, 0x0b, 0x04, 0x0c, 0x04, 0x0c, 0x03, 0x0c, 0x02,
  0x0c, 0x01, 0x0c, 0x00, 0x0c, 0x01, 0x0c, 0x02, 0x0c, 0x03, 0x0c, 0x04,
  0x0d, 0x03, 0x0d, 0x02, 0x0d, 0x01, 0x0d, 0x00, 0x0d, 0x01, 0x0d, 0x02,
  0x0d, 0x03, 0x0d, 0x04, 0x0e, 0x03, 0x0e, 0x02, 0x0e, 0x01, 0x0e, 0x00,
  0x0e, 0x01, 0x0e, 0x02, 0x0e, 0x03, 0x0e, 0x04, 0x0f, 0x03, 0x0f, 0x02,
  0x0f, 0x01, 0x0f, 0x00, 0x0f, 0x01, 0x0f, 0x02, 0x0f, 0x03, 0x0f, 0x04,
  0x10, 0x04, 0x10, 0x03, 0x10, 0x02, 0x10, 0x01, 0x10, 0x00, 0x10, 0x01,
  0x10, 0x02, 0x10, 0x03, 0x10, 0x04, 0x11, 0x03, 0x11, 0x02, 0x11, 0x01,
  0x11, 0x00, 0x11, 0x01, 0x11, 0x02, 0x11, 0x03, 0x11, 0x04, 0x12, 0x03,
  0x12, 0x02, 0x12, 0x01, 0x12, 0x00, 0x12, 0x01, 0x12, 0x02, 0x12, 0x03,
  0x12, 0x04, 0x13, 0x03, 0x13, 0x02, 0x13, 0x01, 0x13, 0x00, 0x13, 0x01,
  0x13, 0x02, 0x13, 0x03, 0x13, 0x04, 0x14, 0x04, 0x14, 0x03, 0x14, 0x02,
  0x14, 0x01, 0x14, 0x00, 0x14, 0x01, 0x14, 0x02, 0x14, 0x03, 0x14, 0x04,
  0x15, 0x03, 0x15, 0x02, 0x15, 0x01, 0x15, 0x00, 0x15, 0x01, 0x15, 0x02,
  0x15, 0x03, 0x15, 0x04, 0x16, 0x03, 0x16, 0x02, 0x16, 0x01, 0x16, 0x00,
  0x16, 0x01, 0x16, 0x02, 0x16, 0x03, 0x16, 0x04, 0x17, 0x03, 0x17, 0x02,
  0x17, 0x01, 0x17, 0x00, 0x17, 0x01, 0x17, 0x02, 0x17, 0x03, 0x17, 0x04,
  0x18, 0x04, 0x18, 0x03, 0x18, 0x02, 0x18, 0x01, 0x18, 0x00, 0x18, 0x01,
  0x18, 0x02, 0x18, 0x03, 0x18, 0x04, 0x19, 0x03, 0x19, 0x02, 0x19, 0x01,
  0x19, 0x00, 0x19, 0x01, 0x19, 0x02, 0x19, 0x03, 0x19, 0x04, 0x1a, 0x03,
  0x1a, 0x02, 0x1a, 0x01, 0x1a, 0x00, 0x1a, 0x01, 0x1a, 0x02, 0x1a, 0x03,
  0x1a, 0x04, 0x1b, 0x03, 0x1b, 0x02, 0x1b, 0x01, 0x1b, 0x00, 0x1b, 0x01,
  0x1b, 0x02, 0x1b, 0x03, 0x1b, 0x04, 0x1c, 0x04, 0x1c, 0x03, 0x1c, 0x02,
  0x1c, 0x01, 0x1c, 0x00, 0x1c, 0x01, 0x1c, 0x02, 0x1c, 0x03, 0x1c, 0x04,
  0x1d, 0x03, 0x1d, 0x02, 0x1d, 0x01, 0x1d, 0x00, 0x1d, 0x01, 0x1d, 0x02,
  0x1d, 0x03, 0x1d, 0x04, 0x1e, 0x03, 0x1e, 0x02, 0x1e, 0x01, 0x1e, 0x00,
  0x1e, 0x01, 0x1e, 0x02, 0x1e, 0x03, 0x1e, 0x04, 0x1f, 0x03, 0x1f, 0x02,
  0x1f, 0x01, 0x1f, 0x00, 0x1f, 0x01, 0x1f, 0x02, 0x1f, 0x03, 0x1f, 0x04,
  0x1f, 0x05, 0x1f, 0x06, 0x1f, 0x07, 0x1f, 0x08, 0x1f, 0x09, 0x1f, 0x0a,
  0x1f, 0x0b, 0x1f, 0x0c, 0x1f, 0x0d, 0x1f, 0x0e, 0x1f, 0x0f, 0x1f, 0x10,
  0x1f, 0x11, 0x1f, 0x12, 0x1f, 0x13, 0x1f, 0x14, 0x1f, 0x15, 0x1f, 0x16,
  0x1f, 0x17, 0x1f, 0x18, 0x1f, 0x19, 0x1f, 0x1a, 0x1f, 0x1b, 0x1f, 0x1c,
  0x1f, 0x1d, 0x1f, 0x1e, 0x1f, 0x1f, 0x1f, 0x20, 0x1f, 0x21, 0x1f, 0x22,
  0x1f, 0x23, 0x1f, 0x24, 0x1f, 0x25, 0x1f, 0x26, 0x1f, 0x27, 0x1f, 0x28,
  0x1f, 0x29, 0x1f, 0x2a, 0x00, 0x00, 0x00, 0x01, 0x00, 0x02, 0x00, 0x03,
  0x00, 0x04, 0x04, 0x03, 0x04, 0x02, 0x04, 0x01, 0x04, 0x00, 0x04, 0x01,
  0x04, 0x02, 0x04, 0x03, 0x04, 0x04, 0x04, 0x05, 0x04, 0x06, 0x04, 0x07,
  0x04, 0x08, 0x05, 0x08, 0x05, 0x07, 0x05, 0x06, 0x05, 0x05, 0x05, 0x04,
  0x05, 0x03, 0x05, 0x02, 0x05, 0x01, 0x05, 0x00, 0x05, 0x01, 0x05, 0x02,
  0x05, 0x03, 0x05, 0x04, 0x05, 0x05, 0x05, 0x06, 0x05, 0x07, 0x05, 0x08,
  0x06, 0x08, 0x06, 0x07, 0x06, 0x06, 0x06, 0x05, 0x06, 0x04, 0x06, 0x03,
  0x06, 0x02, 0x06, 0x01, 0x06, 0x00, 0x06, 0x01, 0x06, 0x02, 0x06, 0x03,
  0x06, 0x04, 0x06, 0x05, 0x06, 0x06, 0x06, 0x07, 0x06, 0x08, 0x07, 0x08,
  0x07, 0x07, 0x07, 0x06, 0x07, 0x05, 0x07, 0x04, 0x07, 0x03, 0x07, 0x02,
  0x07, 0x01, 0x07, 0x00, 0x07, 0x01, 0x07, 0x02, 0x07, 0x03, 0x07, 0x04,
  0x07, 0x05, 0x07, 0x06, 0x07, 0x07, 0x07, 0x08, 0x08, 0x08, 0x08, 0x07,
  0x08, 0x06, 0x08, 0x05, 0x08, 0x04, 0x08, 0x03, 0x08, 0x02, 0x08, 0x01,
  0x08, 0x00, 0x08, 0x01, 0x08, 0x02, 0x08, 0x03, 0x08, 0x04, 0x08, 0x05,
  0x08, 0x06, 0x08, 0x07, 0x08, 0x08, 0x09, 0x08, 0x09, 0x07, 0x09, 0x06,
  0x09, 0x05, 0x09, 0x04, 0x09, 0x03, 0x09, 0x02, 0x09, 0x01, 0x09, 0x00,
  0x09, 0x01, 0x09, 0x02, 0x09, 0x03, 0x09, 0x04, 0x09, 0x05, 0x09, 0x06,
  0x09, 0x07, 0x09, 0x08, 0x0a, 0x08, 0x0a, 0x07, 0x0a, 0x06, 0x0a, 0x05,
  0x0a, 0x04, 0x0a, 0x03, 0x0a, 0x02, 0x0a, 0x01, 0x0a, 0x00, 0x0a, 0x01,
  0x0a, 0x02, 0x0a, 0x03, 0x0a, 0x04, 0x0a, 0x05, 0x0a, 0x06, 0x0a, 0x07,
  0x0a, 0x08, 0x0b, 0x08, 0x0b, 0x07, 0x0b, 0x06, 0x0b, 0x05, 0x0b, 0x04,
  0x0b, 0x03, 0x0b, 0x02, 0x0b, 0x01, 0x0b, 0x00, 0x0b, 0x01, 0x0b, 0x02,
  0x0b, 0x03, 0x0b, 0x04, 0x0b, 0x05, 0x0b, 0x06, 0x0b, 0x07, 0x0b, 0x08,
  0x0c, 0x08, 0x0c, 0x07, 0x0c, 0x06, 0x0c, 0x05, 0x0c, 0x04, 0x0c, 0x03,
  0x0c, 0x02, 0x0c, 0x01, 0x0c, 0x00, 0x0c, 0x01, 0x0c, 0x02, 0x0c, 0x03,
  0x0c, 0x04, 0x0c, 0x05, 0x0c, 0x06, 0x0c, 0x07, 0x0c, 0x08, 0x0d, 0x08,
  0x0d, 0x07, 0x0d, 0x06, 0x0d, 0x05, 0x0d, 0x04, 0x0d, 0x03, 0x0d, 0x02,
  0x0d, 0x01, 0x0d, 0x00, 0x0d, 0x01, 0x0d, 0x02, 0x0d, 0x03, 0x0d, 0x04,
  0x0d, 0x05, 0x0d, 0x06, 0x0d, 0x07, 0x0d, 0x08, 0x0e, 0x08, 0x0e, 0x07,
  0x0e, 0x06, 0x0e, 0x05, 0x0e, 0x04, 0x0e, 0x03, 0x0e, 0x02, 0x0e, 0x01,
  0x0e, 0x00, 0x0e, 0x01, 0x0e, 0x02, 0x0e, 0x03, 0x0e, 0x04, 0x0e, 0x05,
  0x0e, 0x06, 0x0e, 0x07, 0x0e, 0x08, 0x0f, 0x08, 0x0f, 0x07, 0x0f, 0x06,
  0x0f, 0x05, 0x0f, 0x04, 0x0f, 0x03, 0x0f, 0x02, 0x0f, 0x01, 0x0f, 0x00,
  0x0f, 0x01, 0x0f, 0x02, 0x0f, 0x03, 0x0f, 0x04, 0x0f, 0x05, 0x0f, 0x06,
  0x0f, 0x07, 0x0f, 0x08, 0x0f, 0x09, 0x0f, 0x0a, 0x0f, 0x0b, 0x0f, 0x0c,
  0x0f, 0x0d, 0x0f, 0x0e, 0x0f, 0x0f, 0x0f, 0x10, 0x0f, 0x11, 0x0f, 0x12,
  0x0f, 0x13, 0x0f, 0x14, 0x0f, 0x15, 0x0f, 0x16, 0x0f, 0x17, 0x0f, 0x18,
  0x0f, 0x19, 0x0f, 0x1a, 0x0f, 0x1b, 0x0f, 0x1c, 0x0f, 0x1d, 0x0f, 0x1e,
  0x0f, 0x1f, 0x0f, 0x20, 0x0f, 0x21, 0x0f, 0x22, 0x0f, 0x23, 0x0f, 0x24,
  0x0f, 0x25, 0x0f, 0x26, 0x0f, 0x27, 0x0f, 0x28, 0x0f, 0x29, 0x0f, 0x2a,
  0x0f, 0x2b, 0x0f, 0x2c, 0x0f, 0x2d, 0x0f, 0x2e, 0x0f, 0x2f, 0x0f, 0x30,
  0x0f, 0x31, 0x0f, 0x32, 0x0f, 0x33, 0x0f, 0x34, 0x0f, 0x35, 0x0f, 0x36,
  0x0f, 0x37, 0x0f, 0x38, 0x0f, 0x39, 0x0f, 0x3a, 0x0f, 0x3b, 0x0f, 0x3c,
  0x00, 0x00, 0x00, 0x01, 0x00, 0x02, 0x00, 0x03, 0x08, 0x02, 0x08, 0x01,
  0x08, 0x00, 0x08, 0x01, 0x08, 0x02, 0x08, 0x03, 0x08, 0x04, 0x09, 0x03,
  0x09, 0x02, 0x09, 0x01, 0x09, 0x00, 0x09, 0x01, 0x09, 0x02, 0x09, 0x03,
  0x09, 0x04, 0x0a, 0x03, 0x0a, 0x02, 0x0a, 0x01, 0x0a, 0x00, 0x0a, 0x01,
  0x0a, 0x02, 0x0a, 0x03, 0x0a, 0x04, 0x0b, 0x03, 0x0b, 0x02, 0x0b, 0x01,
  0x0b, 0x00, 0x0b, 0x01, 0x0b, 0x02, 0x0b, 0x03, 0x0b, 0x04, 0x0c, 0x04,
  0x0c, 0x03, 0x0c, 0x02, 0x0c, 0x01, 0x0c, 0x00, 0x0c, 0x01, 0x0c, 0x02,
  0x0c, 0x03, 0x0c, 0x04, 0x0d, 0x03, 0x0d, 0x02, 0x0d, 0x01, 0x0d, 0x00,
  0x0d, 0x01, 0x0d, 0x02, 0x0d, 0x03, 0x0d, 0x04, 0x0e, 0x03, 0x0e, 0x02,
  0x0e, 0x01, 0x0e, 0x00, 0x0e, 0x01, 0x0e, 0x02, 0x0e, 0x03, 0x0e, 0x04,
  0x0f, 0x03, 0x0f, 0x02, 0x0f, 0x01, 0x0f, 0x00, 0x0f, 0x01, 0x0f, 0x02,
  0x0f, 0x03, 0x0f, 0x04, 0x10, 0x04, 0x10, 0x03, 0x10, 0x02, 0x10, 0x01,
  0x10, 0x00, 0x10, 0x01, 0x10, 0x02, 0x10, 0x03, 0x10, 0x04, 0x11, 0x03,
  0x11, 0x02, 0x11, 0x01, 0x11, 0x00, 0x11, 0x01, 0x11, 0x02, 0x11, 0x03,
  0x11, 0x04, 0x12, 0x03, 0x12, 0x02, 0x12, 0x01, 0x12, 0x00, 0x12, 0x01,
  0x12, 0x02, 0x12, 0x03, 0x12, 0x04, 0x13, 0x03, 0x13, 0x02, 0x13, 0x01,
  0x13, 0x00, 0x13, 0x01, 0x13, 0x02, 0x13, 0x03, 0x13, 0x04, 0x14, 0x04,
  0x14, 0x03, 0x14, 0x02, 0x14, 0x01, 0x14, 0x00, 0x14, 0x01, 0x14, 0x02,
  0x14, 0x03, 0x14, 0x04, 0x15, 0x03, 0x15, 0x02, 0x15, 0x01, 0x15, 0x00,
  0x15, 0x01, 0x15, 0x02, 0x15, 0x03, 0x15, 0x04, 0x16, 0x03, 0x16, 0x02,
  0x16, 0x01, 0x16, 0x00, 0x16, 0x01, 0x16, 0x02, 0x16, 0x03, 0x16, 0x04,
  0x17, 0x03, 0x17, 0x02, 0x17, 0x01, 0x17, 0x00, 0x17, 0x01, 0x17, 0x02,
  0x17, 0x03, 0x17, 0x04, 0x18, 0x04, 0x18, 0x03, 0x18, 0x02, 0x18, 0x01,
  0x18, 0x00, 0x18, 0x01, 0x18, 0x02, 0x18, 0x03, 0x18, 0x04, 0x19, 0x03,
  0x19, 0x02, 0x19, 0x01, 0x19, 0x00, 0x19, 0x01, 0x19, 0x02, 0x19, 0x03,
  0x19, 0x04, 0x1a, 0x03, 0x1a, 0x02, 0x1a, 0x01, 0x1a, 0x00, 0x1a, 0x01,
  0x1a, 0x02, 0x1a, 0x03, 0x1a, 0x04, 0x1b, 0x03, 0x1b, 0x02, 0x1b, 0x01,
  0x1b, 0x00, 0x1b, 0x01, 0x1b, 0x02, 0x1b, 0x03, 0x1b, 0x04, 0x1c, 0x04,
  0x1c, 0x03, 0x1c, 0x02, 0x1c, 0x01, 0x1c, 0x00, 0x1c, 0x01, 0x1c, 0x02,
  0x1c, 0x03, 0x1c, 0x04, 0x1d, 0x03, 0x1d, 0x02, 0x1d, 0x01, 0x1d, 0x00,
  0x1d, 0x01, 0x1d, 0x02, 0x1d, 0x03, 0x1d, 0x04, 0x1e, 0x03, 0x1e, 0x02,
  0x1e, 0x01, 0x1e, 0x00, 0x1e, 0x01, 0x1e, 0x02, 0x1e, 0x03, 0x1e, 0x04,
  0x1f, 0x03, 0x1f, 0x02, 0x1f, 0x01, 0x1f, 0x00, 0x1f, 0x01, 0x1f, 0x02,
  0x1f, 0x03, 0x1f, 0x04, 0x1f, 0x05, 0x1f, 0x06, 0x1f, 0x07, 0x1f, 0x08,
  0x1f, 0x09, 0x1f, 0x0a, 0x1f, 0x0b, 0x1f, 0x0c, 0x1f, 0x0d, 0x1f, 0x0e,
  0x1f, 0x0f, 0x1f, 0x10, 0x1f, 0x11, 0x1f, 0x12, 0x1f, 0x13, 0x1f, 0x14,
  0x1f, 0x15, 0x1f, 0x16, 0x1f, 0x17, 0x1f, 0x18, 0x1f, 0x19, 0x1f, 0x1a,
  0x1f, 0x1b, 0x1f, 0x1c, 0x1f, 0x1d, 0x1f, 0x1e, 0x1f, 0x1f, 0x1f, 0x20,
  0x1f, 0x21, 0x1f, 0x22, 0x1f, 0x23, 0x1f, 0x24, 0x1f, 0x25, 0x1f, 0x26,
  0x1f, 0x27, 0x1f, 0x28, 0x1f, 0x29, 0x1f, 0x2a, 0x1f, 0x2b, 0x1f, 0x2c,
  0x1f, 0x2d, 0x1f, 0x2e, 0x1f, 0x2f, 0x1f, 0x30, 0x1f, 0x31, 0x1f, 0x32,
  0x1f, 0x33, 0x1f, 0x34, 0x1f, 0x35, 0x1f, 0x36, 0x1f, 0x37, 0x1f, 0x38,
  0x1f, 0x39, 0x1f, 0x3a, 0x1f, 0x3b, 0x1f, 0x3c, 0x00, 0x00, 0x00, 0x01,
  0x00, 0x02, 0x05, 0x02, 0x05, 0x01, 0x05, 0x00, 0x05, 0x01, 0x05, 0x02,
  0x05, 0x03, 0x05, 0x04, 0x05, 0x05, 0x05, 0x06, 0x05, 0x07, 0x05, 0x08,
  0x06, 0x08, 0x06, 0x07, 0x06, 0x06, 0x06, 0x05, 0x06, 0x04, 0x06, 0x03,
  0x06, 0x02, 0x06, 0x01, 0x06, 0x00, 0x06, 0x01, 0x06, 0x02, 0x06, 0x03,
  0x06, 0x04, 0x06, 0x05, 0x06, 0x06, 0x06, 0x07, 0x06, 0x08, 0x07, 0x08,
  0x07, 0x07, 0x07, 0x06, 0x07, 0x05, 0x07, 0x04, 0x07, 0x03, 0x07, 0x02,
  0x07, 0x01, 0x07, 0x00, 0x07, 0x01, 0x07, 0x02, 0x07, 0x03, 0x07, 0x04,
  0x07, 0x05, 0x07, 0x06, 0x07, 0x07, 0x07, 0x08, 0x08, 0x08, 0x08, 0x07,
  0x08, 0x06, 0x08, 0x05, 0x08, 0x04, 0x08, 0x03, 0x08, 0x02, 0x08, 0x01,
  0x08, 0x00, 0x08, 0x01, 0x08, 0x02, 0x08, 0x03, 0x08, 0x04, 0x08, 0x05,
  0x08, 0x06, 0x08, 0x07, 0x08, 0x08, 0x09, 0x08, 0x09, 0x07, 0x09, 0x06,
  0x09, 0x05, 0x09, 0x04, 0x09, 0x03, 0x09, 0x02, 0x09, 0x01, 0x09, 0x00,
  0x09, 0x01, 0x09, 0x02, 0x09, 0x03, 0x09, 0x04, 0x09, 0x05, 0x09, 0x06,
  0x09, 0x07, 0x09, 0x08, 0x0a, 0x08, 0x0a, 0x07, 0x0a, 0x06, 0x0a, 0x05,
  0x0a, 0x04, 0x0a, 0x03, 0x0a, 0x02, 0x0a, 0x01, 0x0a, 0x00, 0x0a, 0x01,
  0x0a, 0x02, 0x0a, 0x03, 0x0a, 0x04, 0x0a, 0x05, 0x0a, 0x06, 0x0a, 0x07,
  0x0a, 0x08, 0x0b, 0x08, 0x0b, 0x07, 0x0b, 0x06, 0x0b, 0x05, 0x0b, 0x04,
  0x0b, 0x03, 0x0b, 0x02, 0x0b, 0x01, 0x0b, 0x00, 0x0b, 0x01, 0x0b, 0x02,
  0x0b, 0x03, 0x0b, 0x04, 0x0b, 0x05, 0x0b, 0x06, 0x0b, 0x07, 0x0b, 0x08,
  0x0c, 0x08, 0x0c, 0x07, 0x0c, 0x06, 0x0c, 0x05, 0x0c, 0x04, 0x0c, 0x03,
  0x0c, 0x02, 0x0c, 0x01, 0x0c, 0x00, 0x0c, 0x01, 0x0c, 0x02, 0x0c, 0x03,
  0x0c, 0x04, 0x0c, 0x05, 0x0c, 0x06, 0x0c, 0x07, 0x0c, 0x08, 0x0d, 0x08,
  0x0d, 0x07, 0x0d, 0x06, 0x0d, 0x05, 0x0d, 0x04, 0x0d, 0x03, 0x0d, 0x02,
  0x0d, 0x01, 0x0d, 0x00, 0x0d, 0x01, 0x0d, 0x02, 0x0d, 0x03, 0x0d, 0x04,
  0x0d, 0x05, 0x0d, 0x06, 0x0d, 0x07, 0x0d, 0x08, 0x0e, 0x08, 0x0e, 0x07,
  0x0e, 0x06, 0x0e, 0x05, 0x0e, 0x04, 0x0e, 0x03, 0x0e, 0x02, 0x0e, 0x01,
  0x0e, 0x00, 0x0e, 0x01, 0x0e, 0x02, 0x0e, 0x03, 0x0e, 0x04, 0x0e, 0x05,
  0x0e, 0x06, 0x0e, 0x07, 0x0e, 0x08, 0x0f, 0x08, 0x0f, 0x07, 0x0f, 0x06,
  0x0f, 0x05, 0x0f, 0x04, 0x0f, 0x03, 0x0f, 0x02, 0x0f, 0x01, 0x0f, 0x00,
  0x0f, 0x01, 0x0f, 0x02, 0x0f, 0x03, 0x0f, 0x04, 0x0f, 0x05, 0x0f, 0x06,
  0x0f, 0x07, 0x0f, 0x08, 0x0f, 0x09, 0x0f, 0x0a, 0x0f, 0x0b, 0x0f, 0x0c,
  0x0f, 0x0d, 0x0f, 0x0e, 0x0f, 0x0f, 0x0f, 0x10, 0x0f, 0x11, 0x0f, 0x12,
  0x0f, 0x13, 0x0f, 0x14, 0x0f, 0x15, 0x0f, 0x16, 0x0f, 0x17, 0x0f, 0x18,
  0x0f, 0x19, 0x0f, 0x1a, 0x0f, 0x1b, 0x0f, 0x1c, 0x0f, 0x1d, 0x0f, 0x1e,
  0x0f, 0x1f, 0x0f, 0x20, 0x0f, 0x21, 0x0f, 0x22, 0x0f, 0x23, 0x0f, 0x24,
  0x0f, 0x25, 0x0f, 0x26, 0x0f, 0x27, 0x0f, 0x28, 0x0f, 0x29, 0x0f, 0x2a,
  0x0f, 0x2b, 0x0f, 0x2c, 0x0f, 0x2d, 0x0f, 0x2e, 0x0f, 0x2f, 0x0f, 0x30,
  0x0f, 0x31, 0x0f, 0x32, 0x0f, 0x33, 0x0f, 0x34, 0x0f, 0x35, 0x0f, 0x36,
  0x0f, 0x37, 0x0f, 0x38, 0x0f, 0x39, 0x0f, 0x3a, 0x0f, 0x3b, 0x0f, 0x3c,
  0x0f, 0x3d, 0x0f, 0x3e, 0x0f, 0x3f, 0x0f, 0x40, 0x0f, 0x41, 0x0f, 0x42,
  0x0f, 0x43, 0x0f, 0x44, 0x0f, 0x45, 0x0f, 0x46, 0x0f, 0x47, 0x0f, 0x48,
  0x0f, 0x49, 0x0f, 0x4a, 0x0f, 0x4b, 0x0f, 0x4c, 0x0f, 0x4d, 0x0f, 0x4e,
  0x0f, 0x4f, 0x0f, 0x50, 0x00, 0x00, 0x00, 0x01, 0x0a, 0x00, 0x0a, 0x01,
  0x0a, 0x02, 0x0a, 0x03, 0x0a, 0x04, 0x0b, 0x03, 0x0b, 0x02, 0x0b, 0x01,
  0x0b, 0x00, 0x0b, 0x01, 0x0b, 0x02, 0x0b, 0x03, 0x0b, 0x04, 0x0c, 0x04,
  0x0c, 0x03, 0x0c, 0x02, 0x0c, 0x01, 0x0c, 0x00, 0x0c, 0x01, 0x0c, 0x02,
  0x0c, 0x03, 0x0c, 0x04, 0x0d, 0x03, 0x0d, 0x02, 0x0d, 0x01, 0x0d, 0x00,
  0x0d, 0x01, 0x0d, 0x02, 0x0d, 0x03, 0x0d, 0x04, 0x0e, 0x03, 0x0e, 0x02,
  0x0e, 0x01, 0x0e, 0x00, 0x0e, 0x01, 0x0e, 0x02, 0x0e, 0x03, 0x0e, 0x04,
  0x0f, 0x03, 0x0f, 0x02, 0x0f, 0x01, 0x0f, 0x00, 0x0f, 0x01, 0x0f, 0x02,
  0x0f, 0x03, 0x0f, 0x04, 0x10, 0x04, 0x10, 0x03, 0x10, 0x02, 0x10, 0x01,
  0x10, 0x00, 0x10, 0x01, 0x10, 0x02, 0x10, 0x03, 0x10, 0x04, 0x11, 0x03,
  0x11, 0x02, 0x11, 0x01, 0x11, 0x00, 0x11, 0x01, 0x11, 0x02, 0x11, 0x03,
  0x11, 0x04, 0x12, 0x03, 0x12, 0x02, 0x12, 0x01, 0x12, 0x00, 0x12, 0x01,
  0x12, 0x02, 0x12, 0x03, 0x12, 0x04, 0x13, 0x03, 0x13, 0x02, 0x13, 0x01,
  0x13, 0x00, 0x13, 0x01, 0x13, 0x02, 0x13, 0x03, 0x13, 0x04, 0x14, 0x04,
  0x14, 0x03, 0x14, 0x02, 0x14, 0x01, 0x14, 0x00, 0x14, 0x01, 0x14, 0x02,
  0x14, 0x03, 0x14, 0x04, 0x15, 0x03, 0x15, 0x02, 0x15, 0x01, 0x15, 0x00,
  0x15, 0x01, 0x15, 0x02, 0x15, 0x03, 0x15, 0x04, 0x16, 0x03, 0x16, 0x02,
  0x16, 0x01, 0x16, 0x00, 0x16, 0x01, 0x16, 0x02, 0x16, 0x03, 0x16, 0x04,
  0x17, 0x03, 0x17, 0x02, 0x17, 0x01, 0x17, 0x00, 0x17, 0x01, 0x17, 0x02,
  0x17, 0x03, 0x17, 0x04, 0x18, 0x04, 0x18, 0x03, 0x18, 0x02, 0x18, 0x01,
  0x18, 0x00, 0x18, 0x01, 0x18, 0x02, 0x18, 0x03, 0x18, 0x04, 0x19, 0x03,
  0x19, 0x02, 0x19, 0x01, 0x19, 0x00, 0x19, 0x01, 0x19, 0x02, 0x19, 0x03,
  0x19, 0x04, 0x1a, 0x03, 0x1a, 0x02, 0x1a, 0x01, 0x1a, 0x00, 0x1a, 0x01,
  0x1a, 0x02, 0x1a, 0x03, 0x1a, 0x04, 0x1b, 0x03, 0x1b, 0x02, 0x1b, 0x01,
  0x1b, 0x00, 0x1b, 0x01, 0x1b, 0x02, 0x1b, 0x03, 0x1b, 0x04, 0x1c, 0x04,
  0x1c, 0x03, 0x1c, 0x02, 0x1c, 0x01, 0x1c, 0x00, 0x1c, 0x01, 0x1c, 0x02,
  0x1c, 0x03, 0x1c, 0x04, 0x1d, 0x03, 0x1d, 0x02, 0x1d, 0x01, 0x1d, 0x00,
  0x1d, 0x01, 0x1d, 0x02, 0x1d, 0x03, 0x1d, 0x04, 0x1e, 0x03, 0x1e, 0x02,
  0x1e, 0x01, 0x1e, 0x00, 0x1e, 0x01, 0x1e, 0x02, 0x1e, 0x03, 0x1e, 0x04,
  0x1f, 0x03, 0x1f, 0x02, 0x1f, 0x01, 0x1f, 0x00, 0x1f, 0x01, 0x1f, 0x02,
  0x1f, 0x03, 0x1f, 0x04, 0x1f, 0x05, 0x1f, 0x06, 0x1f, 0x07, 0x1f, 0x08,
  0x1f, 0x09, 0x1f, 0x0a, 0x1f, 0x0b, 0x1f, 0x0c, 0x1f, 0x0d, 0x1f, 0x0e,
  0x1f, 0x0f, 0x1f, 0x10, 0x1f, 0x11, 0x1f, 0x12, 0x1f, 0x13, 0x1f, 0x14,
  0x1f, 0x15, 0x1f, 0x16, 0x1f, 0x17, 0x1f, 0x18, 0x1f, 0x19, 0x1f, 0x1a,
  0x1f, 0x1b, 0x1f, 0x1c, 0x1f, 0x1d, 0x1f, 0x1e, 0x1f, 0x1f, 0x1f, 0x20,
  0x1f, 0x21, 0x1f, 0x22, 0x1f, 0x23, 0x1f, 0x24, 0x1f, 0x25, 0x1f, 0x26,
  0x1f, 0x27, 0x1f, 0x28, 0x1f, 0x29, 0x1f, 0x2a, 0x1f, 0x2b, 0x1f, 0x2c,
  0x1f, 0x2d, 0x1f, 0x2e, 0x1f, 0x2f, 0x1f, 0x30, 0x1f, 0x31, 0x1f, 0x32,
  0x1f, 0x33, 0x1f, 0x34, 0x1f, 0x35, 0x1f, 0x36, 0x1f, 0x37, 0x1f, 0x38,
  0x1f, 0x39, 0x1f, 0x3a, 0x1f, 0x3b, 0x1f, 0x3c, 0x1f, 0x3d, 0x1f, 0x3e,
  0x1f, 0x3f, 0x1f, 0x40, 0x1f, 0x41, 0x1f, 0x42, 0x1f, 0x43, 0x1f, 0x44,
  0x1f, 0x45, 0x1f, 0x46, 0x1f, 0x47, 0x1f, 0x48, 0x1f, 0x49, 0x1f, 0x4a,
  0x1f, 0x4b, 0x1f, 0x4c, 0x1f, 0x4d, 0x1f, 0x4e, 0x1f, 0x4f, 0x1f, 0x50,
  0x00, 0x00, 0x00, 0x01, 0x00, 0x02, 0x00, 0x03, 0x00, 0x04, 0x00, 0x05,
  0x00, 0x06, 0x07, 0x06, 0x07, 0x05, 0x07, 0x04, 0x07, 0x03, 0x07, 0x02,
  0x07, 0x01, 0x07, 0x00, 0x07, 0x01, 0x07, 0x02, 0x07, 0x03, 0x07, 0x04,
  0x07, 0x05, 0x07, 0x06, 0x07, 0x07, 0x07, 0x08, 0x08, 0x08, 0x08, 0x07,
  0x08, 0x06, 0x08, 0x05, 0x08, 0x04, 0x08, 0x03, 0x08, 0x02, 0x08, 0x01,
  0x08, 0x00, 0x08, 0x01, 0x08, 0x02, 0x08, 0x03, 0x08, 0x04, 0x08, 0x05,
  0x08, 0x06, 0x08, 0x07, 0x08, 0x08, 0x09, 0x08, 0x09, 0x07, 0x09, 0x06,
  0x09, 0x05, 0x09, 0x04, 0x09, 0x03, 0x09, 0x02, 0x09, 0x01, 0x09, 0x00,
  0x09, 0x01, 0x09, 0x02, 0x09, 0x03, 0x09, 0x04, 0x09, 0x05, 0x09, 0x06,
  0x09, 0x07, 0x09, 0x08, 0x0a, 0x08, 0x0a, 0x07, 0x0a, 0x06, 0x0a, 0x05,
  0x0a, 0x04, 0x0a, 0x03, 0x0a, 0x02, 0x0a, 0x01, 0x0a, 0x00, 0x0a, 0x01,
  0x0a, 0x02, 0x0a, 0x03, 0x0a, 0x04, 0x0a, 0x05, 0x0a, 0x06, 0x0a, 0x07,
  0x0a, 0x08, 0x0b, 0x08, 0x0b, 0x07, 0x0b, 0x06, 0x0b, 0x05, 0x0b, 0x04,
  0x0b, 0x03, 0x0b, 0x02, 0x0b, 0x01, 0x0b, 0x00, 0x0b, 0x01, 0x0b, 0x02,
  0x0b, 0x03, 0x0b, 0x04, 0x0b, 0x05, 0x0b, 0x06, 0x0b, 0x07, 0x0b, 0x08,
  0x0c, 0x08, 0x0c, 0x07, 0x0c, 0x06, 0x0c, 0x05, 0x0c, 0x04, 0x0c, 0x03,
  0x0c, 0x02, 0x0c, 0x01, 0x0c, 0x00, 0x0c, 0x01, 0x0c, 0x02, 0x0c, 0x03,
  0x0c, 0x04, 0x0c, 0x05, 0x0c, 0x06, 0x0c, 0x07, 0x0c, 0x08, 0x0d, 0x08,
  0x0d, 0x07, 0x0d, 0x06, 0x0d, 0x05, 0x0d, 0x04, 0x0d, 0x03, 0x0d, 0x02,
  0x0d, 0x01, 0x0d, 0x00, 0x0d, 0x01, 0x0d, 0x02, 0x0d, 0x03, 0x0d, 0x04,
  0x0d, 0x05, 0x0d, 0x06, 0x0d, 0x07, 0x0d, 0x08, 0x0e, 0x08, 0x0e, 0x07,
  0x0e, 0x06, 0x0e, 0x05, 0x0e, 0x04, 0x0e, 0x03, 0x0e, 0x02, 0x0e, 0x01,
  0x0e, 0x00, 0x0e, 0x01, 0x0e, 0x02, 0x0e, 0x03, 0x0e, 0x04, 0x0e, 0x05,
  0x0e, 0x06, 0x0e, 0x07, 0x0e, 0x08, 0x0f, 0x08, 0x0f, 0x07, 0x0f, 0x06,
  0x0f, 0x05, 0x0f, 0x04, 0x0f, 0x03, 0x0f, 0x02, 0x0f, 0x01, 0x0f, 0x00,
  0x0f, 0x01, 0x0f, 0x02, 0x0f, 0x03, 0x0f, 0x04, 0x0f, 0x05, 0x0f, 0x06,
  0x0f, 0x07, 0x0f, 0x08, 0x0f, 0x09, 0x0f, 0x0a, 0x0f, 0x0b, 0x0f, 0x0c,
  0x0f, 0x0d, 0x0f, 0x0e, 0x0f, 0x0f, 0x0f, 0x10, 0x0f, 0x11, 0x0f, 0x12,
  0x0f, 0x13, 0x0f, 0x14, 0x0f, 0x15, 0x0f, 0x16, 0x0f, 0x17, 0x0f, 0x18,
  0x0f, 0x19, 0x0f, 0x1a, 0x0f, 0x1b, 0x0f, 0x1c, 0x0f, 0x1d, 0x0f, 0x1e,
  0x0f, 0x1f, 0x0f, 0x20, 0x0f, 0x21, 0x0f, 0x22, 0x0f, 0x23, 0x0f, 0x24,
  0x0f, 0x25, 0x0f, 0x26, 0x0f, 0x27, 0x0f, 0x28, 0x0f, 0x29, 0x0f, 0x2a,
  0x0f, 0x2b, 0x0f, 0x2c, 0x0f, 0x2d, 0x0f, 0x2e, 0x0f, 0x2f, 0x0f, 0x30,
  0x0f, 0x31, 0x0f, 0x32, 0x0f, 0x33, 0x0f, 0x34, 0x0f, 0x35, 0x0f, 0x36,
  0x0f, 0x37, 0x0f, 0x38, 0x0f, 0x39, 0x0f, 0x3a, 0x0f, 0x3b, 0x0f, 0x3c,
  0x0f, 0x3d, 0x0f, 0x3e, 0x0f, 0x3f, 0x0f, 0x40, 0x0f, 0x41, 0x0f, 0x42,
  0x0f, 0x43, 0x0f, 0x44, 0x0f, 0x45, 0x0f, 0x46, 0x0f, 0x47, 0x0f, 0x48,
  0x0f, 0x49, 0x0f, 0x4a, 0x0f, 0x4b, 0x0f, 0x4c, 0x0f, 0x4d, 0x0f, 0x4e,
  0x0f, 0x4f, 0x0f, 0x50, 0x0f, 0x51, 0x0f, 0x52, 0x0f, 0x53, 0x0f, 0x54,
  0x0f, 0x55, 0x0f, 0x56, 0x0f, 0x57, 0x0f, 0x58, 0x0f, 0x59, 0x0f, 0x5a,
  0x0f, 0x5b, 0x0f, 0x5c, 0x0f, 0x5d, 0x0f, 0x5e, 0x0f, 0x5f, 0x0f, 0x60,
  0x0f, 0x61, 0x0f, 0x62, 0x0f, 0x63, 0x0f, 0x64, 0x0f, 0x65, 0x0f, 0x66,
  0x0f, 0x67, 0x0f, 0x68, 0x0f, 0x69, 0x0f, 0x6a, 0x00, 0x00, 0x0d, 0x00,
  0x0d, 0x01, 0x0d, 0x02, 0x0d, 0x03, 0x0d, 0x04, 0x0e, 0x03, 0x0e, 0x02,
  0x0e, 0x01, 0x0e, 0x00, 0x0e, 0x01, 0x0e, 0x02, 0x0e, 0x03, 0x0e, 0x04,
  0x0f, 0x03, 0x0f, 0x02, 0x0f, 0x01, 0x0f, 0x00, 0x0f, 0x01, 0x0f, 0x02,
  0x0f, 0x03, 0x0f, 0x04, 0x10, 0x04, 0x10, 0x03, 0x10, 0x02, 0x10, 0x01,
  0x10, 0x00, 0x10, 0x01, 0x10, 0x02, 0x10, 0x03, 0x10, 0x04, 0x11, 0x03,
  0x11, 0x02, 0x11, 0x01, 0x11, 0x00, 0x11, 0x01, 0x11, 0x02, 0x11, 0x03,
  0x11, 0x04, 0x12, 0x03, 0x12, 0x02, 0x12, 0x01, 0x12, 0x00, 0x12, 0x01,
  0x12, 0x02, 0x12, 0x03, 0x12, 0x04, 0x13, 0x03, 0x13, 0x02, 0x13, 0x01,
  0x13, 0x00, 0x13, 0x01, 0x13, 0x02, 0x13, 0x03, 0x13, 0x04, 0x14, 0x04,
  0x14, 0x03, 0x14, 0x02, 0x14, 0x01, 0x14, 0x00, 0x14, 0x01, 0x14, 0x02,
  0x14, 0x03, 0x14, 0x04, 0x15, 0x03, 0x15, 0x02, 0x15, 0x01, 0x15, 0x00,
  0x15, 0x01, 0x15, 0x02, 0x15, 0x03, 0x15, 0x04, 0x16, 0x03, 0x16, 0x02,
  0x16, 0x01, 0x16, 0x00, 0x16, 0x01, 0x16, 0x02, 0x16, 0x03, 0x16, 0x04,
  0x17, 0x03, 0x17, 0x02, 0x17, 0x01, 0x17, 0x00, 0x17, 0x01, 0x17, 0x02,
  0x17, 0x03, 0x17, 0x04, 0x18, 0x04, 0x18, 0x03, 0x18, 0x02, 0x18, 0x01,
  0x18, 0x00, 0x18, 0x01, 0x18, 0x02, 0x18, 0x03, 0x18, 0x04, 0x19, 0x03,
  0x19, 0x02, 0x19, 0x01, 0x19, 0x00, 0x19, 0x01, 0x19, 0x02, 0x19, 0x03,
  0x19, 0x04, 0x1a, 0x03, 0x1a, 0x02, 0x1a, 0x01, 0x1a, 0x00, 0x1a, 0x01,
  0x1a, 0x02, 0x1a, 0x03, 0x1a, 0x04, 0x1b, 0x03, 0x1b, 0x02, 0x1b, 0x01,
  0x1b, 0x00, 0x1b, 0x01, 0x1b, 0x02, 0x1b, 0x03, 0x1b, 0x04, 0x1c, 0x04,
  0x1c, 0x03, 0x1c, 0x02, 0x1c, 0x01, 0x1c, 0x00, 0x1c, 0x01, 0x1c, 0x02,
  0x1c, 0x03, 0x1c, 0x04, 0x1d, 0x03, 0x1d, 0x02, 0x1d, 0x01, 0x1d, 0x00,
  0x1d, 0x01, 0x1d, 0x02, 0x1d, 0x03, 0x1d, 0x04, 0x1e, 0x03, 0x1e, 0x02,
  0x1e, 0x01, 0x1e, 0x00, 0x1e, 0x01, 0x1e, 0x02, 0x1e, 0x03, 0x1e, 0x04,
  0x1f, 0x03, 0x1f, 0x02, 0x1f, 0x01, 0x1f, 0x00, 0x1f, 0x01, 0x1f, 0x02,
  0x1f, 0x03, 0x1f, 0x04, 0x1f, 0x05, 0x1f, 0x06, 0x1f, 0x07, 0x1f, 0x08,
  0x1f, 0x09, 0x1f, 0x0a, 0x1f, 0x0b, 0x1f, 0x0c, 0x1f, 0x0d, 0x1f, 0x0e,
  0x1f, 0x0f, 0x1f, 0x10, 0x1f, 0x11, 0x1f, 0x12, 0x1f, 0x13, 0x1f, 0x14,
  0x1f, 0x15, 0x1f, 0x16, 0x1f, 0x17, 0x1f, 0x18, 0x1f, 0x19, 0x1f, 0x1a,
  0x1f, 0x1b, 0x1f, 0x1c, 0x1f, 0x1d, 0x1f, 0x1e, 0x1f, 0x1f, 0x1f, 0x20,
  0x1f, 0x21, 0x1f, 0x22, 0x1f, 0x23, 0x1f, 0x24, 0x1f, 0x25, 0x1f, 0x26,
  0x1f, 0x27, 0x1f, 0x28, 0x1f, 0x29, 0x1f, 0x2a, 0x1f, 0x2b, 0x1f, 0x2c,
  0x1f, 0x2d, 0x1f, 0x2e, 0x1f, 0x2f, 0x1f, 0x30, 0x1f, 0x31, 0x1f, 0x32,
  0x1f, 0x33, 0x1f, 0x34, 0x1f, 0x35, 0x1f, 0x36, 0x1f, 0x37, 0x1f, 0x38,
  0x1f, 0x39, 0x1f, 0x3a, 0x1f, 0x3b, 0x1f, 0x3c, 0x1f, 0x3d, 0x1f, 0x3e,
  0x1f, 0x3f, 0x1f, 0x40, 0x1f, 0x41, 0x1f, 0x42, 0x1f, 0x43, 0x1f, 0x44,
  0x1f, 0x45, 0x1f, 0x46, 0x1f, 0x47, 0x1f, 0x48, 0x1f, 0x49, 0x1f, 0x4a,
  0x1f, 0x4b, 0x1f, 0x4c, 0x1f, 0x4d, 0x1f, 0x4e, 0x1f, 0x4f, 0x1f, 0x50,
  0x1f, 0x51, 0x1f, 0x52, 0x1f, 0x53, 0x1f, 0x54, 0x1f, 0x55, 0x1f, 0x56,
  0x1f, 0x57, 0x1f, 0x58, 0x1f, 0x59, 0x1f, 0x5a, 0x1f, 0x5b, 0x1f, 0x5c,
  0x1f, 0x5d, 0x1f, 0x5e, 0x1f, 0x5f, 0x1f, 0x60, 0x1f, 0x61, 0x1f, 0x62,
  0x1f, 0x63, 0x1f, 0x64, 0x1f, 0x65, 0x1f, 0x66, 0x1f, 0x67, 0x1f, 0x68,
  0x1f, 0x69, 0x1f, 0x6a, 0x00, 0x00, 0x00, 0x01, 0x00, 0x02, 0x0b, 0x01,
  0x0b, 0x00, 0x0b, 0x01, 0x0b, 0x02, 0x0b, 0x03, 0x0b, 0x04, 0x0b, 0x05,
  0x0b, 0x06, 0x0b, 0x07, 0x0b, 0x08, 0x0c, 0x08, 0x0c, 0x07, 0x0c, 0x06,
  0x0c, 0x05, 0x0c, 0x04, 0x0c, 0x03, 0x0c, 0x02, 0x0c, 0x01, 0x0c, 0x00,
  0x0c, 0x01, 0x0c, 0x02, 0x0c, 0x03, 0x0c, 0x04, 0x0c, 0x05, 0x0c, 0x06,
  0x0c, 0x07, 0x0c, 0x08, 0x0d, 0x08, 0x0d, 0x07, 0x0d, 0x06, 0x0d, 0x05,
  0x0d, 0x04, 0x0d, 0x03, 0x0d, 0x02, 0x0d, 0x01, 0x0d, 0x00, 0x0d, 0x01,
  0x0d, 0x02, 0x0d, 0x03, 0x0d, 0x04, 0x0d, 0x05, 0x0d, 0x06, 0x0d, 0x07,
  0x0d, 0x08, 0x0e, 0x08, 0x0e, 0x07, 0x0e, 0x06, 0x0e, 0x05, 0x0e, 0x04,
  0x0e, 0x03, 0x0e, 0x02, 0x0e, 0x01, 0x0e, 0x00, 0x0e, 0x01, 0x0e, 0x02,
  0x0e, 0x03, 0x0e, 0x04, 0x0e, 0x05, 0x0e, 0x06, 0x0e, 0x07, 0x0e, 0x08,
  0x0f, 0x08, 0x0f, 0x07, 0x0f, 0x06, 0x0f, 0x05, 0x0f, 0x04, 0x0f, 0x03,
  0x0f, 0x02, 0x0f, 0x01, 0x0f, 0x00, 0x0f, 0x01, 0x0f, 0x02, 0x0f, 0x03,
  0x0f, 0x04, 0x0f, 0x05, 0x0f, 0x06, 0x0f, 0x07, 0x0f, 0x08, 0x0f, 0x09,
  0x0f, 0x0a, 0x0f, 0x0b, 0x0f, 0x0c, 0x0f, 0x0d, 0x0f, 0x0e, 0x0f, 0x0f,
  0x0f, 0x10, 0x0f, 0x11, 0x0f, 0x12, 0x0f, 0x13, 0x0f, 0x14, 0x0f, 0x15,
  0x0f, 0x16, 0x0f, 0x17, 0x0f, 0x18, 0x0f, 0x19, 0x0f, 0x1a, 0x0f, 0x1b,
  0x0f, 0x1c, 0x0f, 0x1d, 0x0f, 0x1e, 0x0f, 0x1f, 0x0f, 0x20, 0x0f, 0x21,
  0x0f, 0x22, 0x0f, 0x23, 0x0f, 0x24, 0x0f, 0x25, 0x0f, 0x26, 0x0f, 0x27,
  0x0f, 0x28, 0x0f, 0x29, 0x0f, 0x2a, 0x0f, 0x2b, 0x0f, 0x2c, 0x0f, 0x2d,
  0x0f, 0x2e, 0x0f, 0x2f, 0x0f, 0x30, 0x0f, 0x31, 0x0f, 0x32, 0x0f, 0x33,
  0x0f, 0x34, 0x0f, 0x35, 0x0f, 0x36, 0x0f, 0x37, 0x0f, 0x38, 0x0f, 0x39,
  0x0f, 0x3a, 0x0f, 0x3b, 0x0f, 0x3c, 0x0f, 0x3d, 0x0f, 0x3e, 0x0f, 0x3f,
  0x0f, 0x40, 0x0f, 0x41, 0x0f, 0x42, 0x0f, 0x43, 0x0f, 0x44, 0x0f, 0x45,
  0x0f, 0x46, 0x0f, 0x47, 0x0f, 0x48, 0x0f, 0x49, 0x0f, 0x4a, 0x0f, 0x4b,
  0x0f, 0x4c, 0x0f, 0x4d, 0x0f, 0x4e, 0x0f, 0x4f, 0x0f, 0x50, 0x0f, 0x51,
  0x0f, 0x52, 0x0f, 0x53, 0x0f, 0x54, 0x0f, 0x55, 0x0f, 0x56, 0x0f, 0x57,
  0x0f, 0x58, 0x0f, 0x59, 0x0f, 0x5a, 0x0f, 0x5b, 0x0f, 0x5c, 0x0f, 0x5d,
  0x0f, 0x5e, 0x0f, 0x5f, 0x0f, 0x60, 0x0f, 0x61, 0x0f, 0x62, 0x0f, 0x63,
  0x0f, 0x64, 0x0f, 0x65, 0x0f, 0x66, 0x0f, 0x67, 0x0f, 0x68, 0x0f, 0x69,
  0x0f, 0x6a, 0x0f, 0x6b, 0x0f, 0x6c, 0x0f, 0x6d, 0x0f, 0x6e, 0x0f, 0x6f,
  0x0f, 0x70, 0x0f, 0x71, 0x0f, 0x72, 0x0f, 0x73, 0x0f, 0x74, 0x0f, 0x75,
  0x0f, 0x76, 0x0f, 0x77, 0x0f, 0x78, 0x0f, 0x79, 0x0f, 0x7a, 0x0f, 0x7b,
  0x0f, 0x7c, 0x0f, 0x7d, 0x0f, 0x7e, 0x0f, 0x7f, 0x0f, 0x80, 0x0f, 0x81,
  0x0f, 0x82, 0x0f, 0x83, 0x0f, 0x84, 0x0f, 0x85, 0x0f, 0x86, 0x0f, 0x87,
  0x0f, 0x88, 0x0f, 0x89, 0x0f, 0x8a, 0x0f, 0x8b, 0x0f, 0x8c, 0x0f, 0x8d,
  0x0f, 0x8e, 0x0f, 0x8f, 0x0f, 0x90, 0x0f, 0x91, 0x0f, 0x92, 0x0f, 0x93,
  0x0f, 0x94, 0x0f, 0x95, 0x0f, 0x96, 0x0f, 0x97, 0x0f, 0x98, 0x0f, 0x99,
  0x0f, 0x9a, 0x0f, 0x9b, 0x0f, 0x9c, 0x0f, 0x9d, 0x0f, 0x9e, 0x0f, 0x9f,
  0x0f, 0xa0, 0x0f, 0xa1, 0x0f, 0xa2, 0x0f, 0xa3, 0x0f, 0xa4, 0x0f, 0xa5,
  0x0f, 0xa6, 0x0f, 0xa7, 0x0f, 0xa8, 0x0f, 0xa9, 0x0f, 0xaa, 0x0f, 0xab,
  0x0f, 0xac, 0x0f, 0xad, 0x0f, 0xae, 0x0f, 0xaf, 0x0f, 0xb0, 0x0f, 0xb1,
  0x0f, 0xb2, 0x0f, 0xb3, 0x0f, 0xb4, 0x0f, 0xb5, 0x0f, 0xb6, 0x0f, 0xb7,
  0x00, 0x00, 0x00, 0x01, 0x00, 0x02, 0x00, 0x03, 0x17, 0x02, 0x17, 0x01,
  0x17, 0x00, 0x17, 0x01, 0x17, 0x02, 0x17, 0x03, 0x17, 0x04, 0x18, 0x04,
  0x18, 0x03, 0x18, 0x02, 0x18, 0x01, 0x18, 0x00, 0x18, 0x01, 0x18, 0x02,
  0x18, 0x03, 0x18, 0x04, 0x19, 0x03, 0x19, 0x02, 0x19, 0x01, 0x19, 0x00,
  0x19, 0x01, 0x19, 0x02, 0x19, 0x03, 0x19, 0x04, 0x1a, 0x03, 0x1a, 0x02,
  0x1a, 0x01, 0x1a, 0x00, 0x1a, 0x01, 0x1a, 0x02, 0x1a, 0x03, 0x1a, 0x04,
  0x1b, 0x03, 0x1b, 0x02, 0x1b, 0x01, 0x1b, 0x00, 0x1b, 0x01, 0x1b, 0x02,
  0x1b, 0x03, 0x1b, 0x04, 0x1c, 0x04, 0x1c, 0x03, 0x1c, 0x02, 0x1c, 0x01,
  0x1c, 0x00, 0x1c, 0x01, 0x1c, 0x02, 0x1c, 0x03, 0x1c, 0x04, 0x1d, 0x03,
  0x1d, 0x02, 0x1d, 0x01, 0x1d, 0x00, 0x1d, 0x01, 0x1d, 0x02, 0x1d, 0x03,
  0x1d, 0x04, 0x1e, 0x03, 0x1e, 0x02, 0x1e, 0x01, 0x1e, 0x00, 0x1e, 0x01,
  0x1e, 0x02, 0x1e, 0x03, 0x1e, 0x04, 0x1f, 0x03, 0x1f, 0x02, 0x1f, 0x01,
  0x1f, 0x00, 0x1f, 0x01, 0x1f, 0x02, 0x1f, 0x03, 0x1f, 0x04, 0x1f, 0x05,
  0x1f, 0x06, 0x1f, 0x07, 0x1f, 0x08, 0x1f, 0x09, 0x1f, 0x0a, 0x1f, 0x0b,
  0x1f, 0x0c, 0x1f, 0x0d, 0x1f, 0x0e, 0x1f, 0x0f, 0x1f, 0x10, 0x1f, 0x11,
  0x1f, 0x12, 0x1f, 0x13, 0x1f, 0x14, 0x1f, 0x15, 0x1f, 0x16, 0x1f, 0x17,
  0x1f, 0x18, 0x1f, 0x19, 0x1f, 0x1a, 0x1f, 0x1b, 0x1f, 0x1c, 0x1f, 0x1d,
  0x1f, 0x1e, 0x1f, 0x1f, 0x1f, 0x20, 0x1f, 0x21, 0x1f, 0x22, 0x1f, 0x23,
  0x1f, 0x24, 0x1f, 0x25, 0x1f, 0x26, 0x1f, 0x27, 0x1f, 0x28, 0x1f, 0x29,
  0x1f, 0x2a, 0x1f, 0x2b, 0x1f, 0x2c, 0x1f, 0x2d, 0x1f, 0x2e, 0x1f, 0x2f,
  0x1f, 0x30, 0x1f, 0x31, 0x1f, 0x32, 0x1f, 0x33, 0x1f, 0x34, 0x1f, 0x35,
  0x1f, 0x36, 0x1f, 0x37, 0x1f, 0x38, 0x1f, 0x39, 0x1f, 0x3a, 0x1f, 0x3b,
  0x1f, 0x3c, 0x1f, 0x3d, 0x1f, 0x3e, 0x1f, 0x3f, 0x1f, 0x40, 0x1f, 0x41,
  0x1f, 0x42, 0x1f, 0x43, 0x1f, 0x44, 0x1f, 0x45, 0x1f, 0x46, 0x1f, 0x47,
  0x1f, 0x48, 0x1f, 0x49, 0x1f, 0x4a, 0x1f, 0x4b, 0x1f, 0x4c, 0x1f, 0x4d,
  0x1f, 0x4e, 0x1f, 0x4f, 0x1f, 0x50, 0x1f, 0x51, 0x1f, 0x52, 0x1f, 0x53,
  0x1f, 0x54, 0x1f, 0x55, 0x1f, 0x56, 0x1f, 0x57, 0x1f, 0x58, 0x1f, 0x59,
  0x1f, 0x5a, 0x1f, 0x5b, 0x1f, 0x5c, 0x1f, 0x5d, 0x1f, 0x5e, 0x1f, 0x5f,
  0x1f, 0x60, 0x1f, 0x61, 0x1f, 0x62, 0x1f, 0x63, 0x1f, 0x64, 0x1f, 0x65,
  0x1f, 0x66, 0x1f, 0x67, 0x1f, 0x68, 0x1f, 0x69, 0x1f, 0x6a, 0x1f, 0x6b,
  0x1f, 0x6c, 0x1f, 0x6d, 0x1f, 0x6e, 0x1f, 0x6f, 0x1f, 0x70, 0x1f, 0x71,
  0x1f, 0x72, 0x1f, 0x73, 0x1f, 0x74, 0x1f, 0x75, 0x1f, 0x76, 0x1f, 0x77,
  0x1f, 0x78, 0x1f, 0x79, 0x1f, 0x7a, 0x1f, 0x7b, 0x1f, 0x7c, 0x1f, 0x7d,
  0x1f, 0x7e, 0x1f, 0x7f, 0x1f, 0x80, 0x1f, 0x81, 0x1f, 0x82, 0x1f, 0x83,
  0x1f, 0x84, 0x1f, 0x85, 0x1f, 0x86, 0x1f, 0x87, 0x1f, 0x88, 0x1f, 0x89,
  0x1f, 0x8a, 0x1f, 0x8b, 0x1f, 0x8c, 0x1f, 0x8d, 0x1f, 0x8e, 0x1f, 0x8f,
  0x1f, 0x90, 0x1f, 0x91, 0x1f, 0x92, 0x1f, 0x93, 0x1f, 0x94, 0x1f, 0x95,
  0x1f, 0x96, 0x1f, 0x97, 0x1f, 0x98, 0x1f, 0x99, 0x1f, 0x9a, 0x1f, 0x9b,
  0x1f, 0x9c, 0x1f, 0x9d, 0x1f, 0x9e, 0x1f, 0x9f, 0x1f, 0xa0, 0x1f, 0xa1,
  0x1f, 0xa2, 0x1f, 0xa3, 0x1f, 0xa4, 0x1f, 0xa5, 0x1f, 0xa6, 0x1f, 0xa7,
  0x1f, 0xa8, 0x1f, 0xa9, 0x1f, 0xaa, 0x1f, 0xab, 0x1f, 0xac, 0x1f, 0xad,
  0x1f, 0xae, 0x1f, 0xaf, 0x1f, 0xb0, 0x1f, 0xb1, 0x1f, 0xb2, 0x1f, 0xb3,
  0x1f, 0xb4, 0x1f, 0xb5, 0x1f, 0xb6, 0x1f, 0xb7, 0x00, 0x00, 0x00, 0x01,
  0x00, 0x02, 0x00, 0x03, 0x00, 0x04, 0x00, 0x05, 0x00, 0x06, 0x00, 0x07,
  0x01, 0x07, 0x01, 0x06, 0x01, 0x05, 0x01, 0x04, 0x01, 0x03, 0x01, 0x02,
  0x01, 0x01, 0x01, 0x00, 0x01, 0x01, 0x01, 0x02, 0x01, 0x03, 0x01, 0x04,
  0x01, 0x05, 0x01, 0x06, 0x01, 0x07, 0x01, 0x08, 0x02, 0x08, 0x02, 0x07,
  0x02, 0x06, 0x02, 0x05, 0x02, 0x04, 0x02, 0x03, 0x02, 0x02, 0x02, 0x01,
  0x02, 0x00, 0x02, 0x01, 0x02, 0x02, 0x02, 0x03, 0x02, 0x04, 0x02, 0x05,
  0x02, 0x06, 0x02, 0x07, 0x02, 0x08, 0x03, 0x08, 0x03, 0x07, 0x03, 0x06,
  0x03, 0x05, 0x03, 0x04, 0x03, 0x03, 0x03, 0x02, 0x03, 0x01, 0x03, 0x00,
  0x03, 0x01, 0x03, 0x02, 0x03, 0x03, 0x03, 0x04, 0x03, 0x05, 0x03, 0x06,
  0x03, 0x07, 0x03, 0x08, 0x04, 0x08, 0x04, 0x07, 0x04, 0x06, 0x04, 0x05,
  0x04, 0x04, 0x04, 0x03, 0x04, 0x02, 0x04, 0x01, 0x04, 0x00, 0x04, 0x01,
  0x04, 0x02, 0x04, 0x03, 0x04, 0x04, 0x04, 0x05, 0x04, 0x06, 0x04, 0x07,
  0x04, 0x08, 0x05, 0x08, 0x05, 0x07, 0x05, 0x06, 0x05, 0x05, 0x05, 0x04,
  0x05, 0x03, 0x05, 0x02, 0x05, 0x01, 0x05, 0x00, 0x05, 0x01, 0x05, 0x02,
  0x05, 0x03, 0x05, 0x04, 0x05, 0x05, 0x05, 0x06, 0x05, 0x07, 0x05, 0x08,
  0x06, 0x08, 0x06, 0x07, 0x06, 0x06, 0x06, 0x05, 0x06, 0x04, 0x06, 0x03,
  0x06, 0x02, 0x06, 0x01, 0x06, 0x00, 0x06, 0x01, 0x06, 0x02, 0x06, 0x03,
  0x06, 0x04, 0x06, 0x05, 0x06, 0x06, 0x06, 0x07, 0x06, 0x08, 0x07, 0x08,
  0x07, 0x07, 0x07, 0x06, 0x07, 0x05, 0x07, 0x04, 0x07, 0x03, 0x07, 0x02,
  0x07, 0x01, 0x07, 0x00, 0x07, 0x01, 0x07, 0x02, 0x07, 0x03, 0x07, 0x04,
  0x07, 0x05, 0x07, 0x06, 0x07, 0x07, 0x07, 0x08, 0x08, 0x08, 0x08, 0x07,
  0x08, 0x06, 0x08, 0x05, 0x08, 0x04, 0x08, 0x03, 0x08, 0x02, 0x08, 0x01,
  0x08, 0x00, 0x08, 0x01, 0x08, 0x02, 0x08, 0x03, 0x08, 0x04, 0x08, 0x05,
  0x08, 0x06, 0x08, 0x07, 0x08, 0x08, 0x09, 0x08, 0x09, 0x07, 0x09, 0x06,
  0x09, 0x05, 0x09, 0x04, 0x09, 0x03, 0x09, 0x02, 0x09, 0x01, 0x09, 0x00,
  0x09, 0x01, 0x09, 0x02, 0x09, 0x03, 0x09, 0x04, 0x09, 0x05, 0x09, 0x06,
  0x09, 0x07, 0x09, 0x08, 0x0a, 0x08, 0x0a, 0x07, 0x0a, 0x06, 0x0a, 0x05,
  0x0a, 0x04, 0x0a, 0x03, 0x0a, 0x02, 0x0a, 0x01, 0x0a, 0x00, 0x0a, 0x01,
  0x0a, 0x02, 0x0a, 0x03, 0x0a, 0x04, 0x0a, 0x05, 0x0a, 0x06, 0x0a, 0x07,
  0x0a, 0x08, 0x0b, 0x08, 0x0b, 0x07, 0x0b, 0x06, 0x0b, 0x05, 0x0b, 0x04,
  0x0b, 0x03, 0x0b, 0x02, 0x0b, 0x01, 0x0b, 0x00, 0x0b, 0x01, 0x0b, 0x02,
  0x0b, 0x03, 0x0b, 0x04, 0x0b, 0x05, 0x0b, 0x06, 0x0b, 0x07, 0x0b, 0x08,
  0x0c, 0x08, 0x0c, 0x07, 0x0c, 0x06, 0x0c, 0x05, 0x0c, 0x04, 0x0c, 0x03,
  0x0c, 0x02, 0x0c, 0x01, 0x0c, 0x00, 0x0c, 0x01, 0x0c, 0x02, 0x0c, 0x03,
  0x0c, 0x04, 0x0c, 0x05, 0x0c, 0x06, 0x0c, 0x07, 0x0c, 0x08, 0x0d, 0x08,
  0x0d, 0x07, 0x0d, 0x06, 0x0d, 0x05, 0x0d, 0x04, 0x0d, 0x03, 0x0d, 0x02,
  0x0d, 0x01, 0x0d, 0x00, 0x0d, 0x01, 0x0d, 0x02, 0x0d, 0x03, 0x0d, 0x04,
  0x0d, 0x05, 0x0d, 0x06, 0x0d, 0x07, 0x0d, 0x08, 0x0e, 0x08, 0x0e, 0x07,
  0x0e, 0x06, 0x0e, 0x05, 0x0e, 0x04, 0x0e, 0x03, 0x0e, 0x02, 0x0e, 0x01,
  0x0e, 0x00, 0x0e, 0x01, 0x0e, 0x02, 0x0e, 0x03, 0x0e, 0x04, 0x0e, 0x05,
  0x0e, 0x06, 0x0e, 0x07, 0x0e, 0x08, 0x0f, 0x08, 0x0f, 0x07, 0x0f, 0x06,
  0x0f, 0x05, 0x0f, 0x04, 0x0f, 0x03, 0x0f, 0x02, 0x0f, 0x01, 0x0f, 0x00,
  0x0f, 0x01, 0x0f, 0x02, 0x00, 0x00, 0x00, 0x01, 0x00, 0x02, 0x00, 0x03,
  0x01, 0x02, 0x01, 0x01, 0x01, 0x00, 0x01, 0x01, 0x01, 0x02, 0x01, 0x03,
  0x01, 0x04, 0x02, 0x03, 0x02, 0x02, 0x02, 0x01, 0x02, 0x00, 0x02, 0x01,
  0x02, 0x02, 0x02, 0x03, 0x02, 0x04, 0x03, 0x03, 0x03, 0x02, 0x03, 0x01,
  0x03, 0x00, 0x03, 0x01, 0x03, 0x02, 0x03, 0x03, 0x03, 0x04, 0x04, 0x04,
  0x04, 0x03, 0x04, 0x02, 0x04, 0x01, 0x04, 0x00, 0x04, 0x01, 0x04, 0x02,
  0x04, 0x03, 0x04, 0x04, 0x05, 0x03, 0x05, 0x02, 0x05, 0x01, 0x05, 0x00,
  0x05, 0x01, 0x05, 0x02, 0x05, 0x03, 0x05, 0x04, 0x06, 0x03, 0x06, 0x02,
  0x06, 0x01, 0x06, 0x00, 0x06, 0x01, 0x06, 0x02, 0x06, 0x03, 0x06, 0x04,
  0x07, 0x03, 0x07, 0x02, 0x07, 0x01, 0x07, 0x00, 0x07, 0x01, 0x07, 0x02,
  0x07, 0x03, 0x07, 0x04, 0x08, 0x04, 0x08, 0x03, 0x08, 0x02, 0x08, 0x01,
  0x08, 0x00, 0x08, 0x01, 0x08, 0x02, 0x08, 0x03, 0x08, 0x04, 0x09, 0x03,
  0x09, 0x02, 0x09, 0x01, 0x09, 0x00, 0x09, 0x01, 0x09, 0x02, 0x09, 0x03,
  0x09, 0x04, 0x0a, 0x03, 0x0a, 0x02, 0x0a, 0x01, 0x0a, 0x00, 0x0a, 0x01,
  0x0a, 0x02, 0x0a, 0x03, 0x0a, 0x04, 0x0b, 0x03, 0x0b, 0x02, 0x0b, 0x01,
  0x0b, 0x00, 0x0b, 0x01, 0x0b, 0x02, 0x0b, 0x03, 0x0b, 0x04, 0x0c, 0x04,
  0x0c, 0x03, 0x0c, 0x02, 0x0c, 0x01, 0x0c, 0x00, 0x0c, 0x01, 0x0c, 0x02,
  0x0c, 0x03, 0x0c, 0x04, 0x0d, 0x03, 0x0d, 0x02, 0x0d, 0x01, 0x0d, 0x00,
  0x0d, 0x01, 0x0d, 0x02, 0x0d, 0x03, 0x0d, 0x04, 0x0e, 0x03, 0x0e, 0x02,
  0x0e, 0x01, 0x0e, 0x00, 0x0e, 0x01, 0x0e, 0x02, 0x0e, 0x03, 0x0e, 0x04,
  0x0f, 0x03, 0x0f, 0x02, 0x0f, 0x01, 0x0f, 0x00, 0x0f, 0x01, 0x0f, 0x02,
  0x0f, 0x03, 0x0f, 0x04, 0x10, 0x04, 0x10, 0x03, 0x10, 0x02, 0x10, 0x01,
  0x10, 0x00, 0x10, 0x01, 0x10, 0x02, 0x10, 0x03, 0x10, 0x04, 0x11, 0x03,
  0x11, 0x02, 0x11, 0x01, 0x11, 0x00, 0x11, 0x01, 0x11, 0x02, 0x11, 0x03,
  0x11, 0x04, 0x12, 0x03, 0x12, 0x02, 0x12, 0x01, 0x12, 0x00, 0x12, 0x01,
  0x12, 0x02, 0x12, 0x03, 0x12, 0x04, 0x13, 0x03, 0x13, 0x02, 0x13, 0x01,
  0x13, 0x00, 0x13, 0x01, 0x13, 0x02, 0x13, 0x03, 0x13, 0x04, 0x14, 0x04,
  0x14, 0x03, 0x14, 0x02, 0x14, 0x01, 0x14, 0x00, 0x14, 0x01, 0x14, 0x02,
  0x14, 0x03, 0x14, 0x04, 0x15, 0x03, 0x15, 0x02, 0x15, 0x01, 0x15, 0x00,
  0x15, 0x01, 0x15, 0x02, 0x15, 0x03, 0x15, 0x04, 0x16, 0x03, 0x16, 0x02,
  0x16, 0x01, 0x16, 0x00, 0x16, 0x01, 0x16, 0x02, 0x16, 0x03, 0x16, 0x04,
  0x17, 0x03, 0x17, 0x02, 0x17, 0x01, 0x17, 0x00, 0x17, 0x01, 0x17, 0x02,
  0x17, 0x03, 0x17, 0x04, 0x18, 0x04, 0x18, 0x03, 0x18, 0x02, 0x18, 0x01,
  0x18, 0x00, 0x18, 0x01, 0x18, 0x02, 0x18, 0x03, 0x18, 0x04, 0x19, 0x03,
  0x19, 0x02, 0x19, 0x01, 0x19, 0x00, 0x19, 0x01, 0x19, 0x02, 0x19, 0x03,
  0x19, 0x04, 0x1a, 0x03, 0x1a, 0x02, 0x1a, 0x01, 0x1a, 0x00, 0x1a, 0x01,
  0x1a, 0x02, 0x1a, 0x03, 0x1a, 0x04, 0x1b, 0x03, 0x1b, 0x02, 0x1b, 0x01,
  0x1b, 0x00, 0x1b, 0x01, 0x1b, 0x02, 0x1b, 0x03, 0x1b, 0x04, 0x1c, 0x04,
  0x1c, 0x03, 0x1c, 0x02, 0x1c, 0x01, 0x1c, 0x00, 0x1c, 0x01, 0x1c, 0x02,
  0x1c, 0x03, 0x1c, 0x04, 0x1d, 0x03, 0x1d, 0x02, 0x1d, 0x01, 0x1d, 0x00,
  0x1d, 0x01, 0x1d, 0x02, 0x1d, 0x03, 0x1d, 0x04, 0x1e, 0x03, 0x1e, 0x02,
  0x1e, 0x01, 0x1e, 0x00, 0x1e, 0x01, 0x1e, 0x02, 0x1e, 0x03, 0x1e, 0x04,
  0x1f, 0x03, 0x1f, 0x02, 0x1f, 0x01, 0x1f, 0x00, 0x1f, 0x01, 0x1f, 0x02,
  0x00, 0x00, 0x00, 0x01, 0x00, 0x02, 0x00, 0x03, 0x00, 0x04, 0x00, 0x05,
  0x00, 0x06, 0x01, 0x05, 0x01, 0x04, 0x01, 0x03, 0x01, 0x02, 0x01, 0x01,
  0x01, 0x00, 0x01, 0x01, 0x01, 0x02, 0x01, 0x03, 0x01, 0x04, 0x01, 0x05,
  0x01, 0x06, 0x01, 0x07, 0x01, 0x08, 0x02, 0x08, 0x02, 0x07, 0x02, 0x06,
  0x02, 0x05, 0x02, 0x04, 0x02, 0x03, 0x02, 0x02, 0x02, 0x01, 0x02, 0x00,
  0x02, 0x01, 0x02, 0x02, 0x02, 0x03, 0x02, 0x04, 0x02, 0x05, 0x02, 0x06,
  0x02, 0x07, 0x02, 0x08, 0x03, 0x08, 0x03, 0x07, 0x03, 0x06, 0x03, 0x05,
  0x03, 0x04, 0x03, 0x03, 0x03, 0x02, 0x03, 0x01, 0x03, 0x00, 0x03, 0x01,
  0x03, 0x02, 0x03, 0x03, 0x03, 0x04, 0x03, 0x05, 0x03, 0x06, 0x03, 0x07,
  0x03, 0x08, 0x04, 0x08, 0x04, 0x07, 0x04, 0x06, 0x04, 0x05, 0x04, 0x04,
  0x04, 0x03, 0x04, 0x02, 0x04, 0x01, 0x04, 0x00, 0x04, 0x01, 0x04, 0x02,
  0x04, 0x03, 0x04, 0x04, 0x04, 0x05, 0x04, 0x06, 0x04, 0x07, 0x04, 0x08,
  0x05, 0x08, 0x05, 0x07, 0x05, 0x06, 0x05, 0x05, 0x05, 0x04, 0x05, 0x03,
  0x05, 0x02, 0x05, 0x01, 0x05, 0x00, 0x05, 0x01, 0x05, 0x02, 0x05, 0x03,
  0x05, 0x04, 0x05, 0x05, 0x05, 0x06, 0x05, 0x07, 0x05, 0x08, 0x06, 0x08,
  0x06, 0x07, 0x06, 0x06, 0x06, 0x05, 0x06, 0x04, 0x06, 0x03, 0x06, 0x02,
  0x06, 0x01, 0x06, 0x00, 0x06, 0x01, 0x06, 0x02, 0x06, 0x03, 0x06, 0x04,
  0x06, 0x05, 0x06, 0x06, 0x06, 0x07, 0x06, 0x08, 0x07, 0x08, 0x07, 0x07,
  0x07, 0x06, 0x07, 0x05, 0x07, 0x04, 0x07, 0x03, 0x07, 0x02, 0x07, 0x01,
  0x07, 0x00, 0x07, 0x01, 0x07, 0x02, 0x07, 0x03, 0x07, 0x04, 0x07, 0x05,
  0x07, 0x06, 0x07, 0x07, 0x07, 0x08, 0x08, 0x08, 0x08, 0x07, 0x08, 0x06,
  0x08, 0x05, 0x08, 0x04, 0x08, 0x03, 0x08, 0x02, 0x08, 0x01, 0x08, 0x00,
  0x08, 0x01, 0x08, 0x02, 0x08, 0x03, 0x08, 0x04, 0x08, 0x05, 0x08, 0x06,
  0x08, 0x07, 0x08, 0x08, 0x09, 0x08, 0x09, 0x07, 0x09, 0x06, 0x09, 0x05,
  0x09, 0x04, 0x09, 0x03, 0x09, 0x02, 0x09, 0x01, 0x09, 0x00, 0x09, 0x01,
  0x09, 0x02, 0x09, 0x03, 0x09, 0x04, 0x09, 0x05, 0x09, 0x06, 0x09, 0x07,
  0x09, 0x08, 0x0a, 0x08, 0x0a, 0x07, 0x0a, 0x06, 0x0a, 0x05, 0x0a, 0x04,
  0x0a, 0x03, 0x0a, 0x02, 0x0a, 0x01, 0x0a, 0x00, 0x0a, 0x01, 0x0a, 0x02,
  0x0a, 0x03, 0x0a, 0x04, 0x0a, 0x05, 0x0a, 0x06, 0x0a, 0x07, 0x0a, 0x08,
  0x0b, 0x08, 0x0b, 0x07, 0x0b, 0x06, 0x0b, 0x05, 0x0b, 0x04, 0x0b, 0x03,
  0x0b, 0x02, 0x0b, 0x01, 0x0b, 0x00, 0x0b, 0x01, 0x0b, 0x02, 0x0b, 0x03,
  0x0b, 0x04, 0x0b, 0x05, 0x0b, 0x06, 0x0b, 0x07, 0x0b, 0x08, 0x0c, 0x08,
  0x0c, 0x07, 0x0c, 0x06, 0x0c, 0x05, 0x0c, 0x04, 0x0c, 0x03, 0x0c, 0x02,
  0x0c, 0x01, 0x0c, 0x00, 0x0c, 0x01, 0x0c, 0x02, 0x0c, 0x03, 0x0c, 0x04,
  0x0c, 0x05, 0x0c, 0x06, 0x0c, 0x07, 0x0c, 0x08, 0x0d, 0x08, 0x0d, 0x07,
  0x0d, 0x06, 0x0d, 0x05, 0x0d, 0x04, 0x0d, 0x03, 0x0d, 0x02, 0x0d, 0x01,
  0x0d, 0x00, 0x0d, 0x01, 0x0d, 0x02, 0x0d, 0x03, 0x0d, 0x04, 0x0d, 0x05,
  0x0d, 0x06, 0x0d, 0x07, 0x0d, 0x08, 0x0e, 0x08, 0x0e, 0x07, 0x0e, 0x06,
  0x0e, 0x05, 0x0e, 0x04, 0x0e, 0x03, 0x0e, 0x02, 0x0e, 0x01, 0x0e, 0x00,
  0x0e, 0x01, 0x0e, 0x02, 0x0e, 0x03, 0x0e, 0x04, 0x0e, 0x05, 0x0e, 0x06,
  0x0e, 0x07, 0x0e, 0x08, 0x0f, 0x08, 0x0f, 0x07, 0x0f, 0x06, 0x0f, 0x05,
  0x0f, 0x04, 0x0f, 0x03, 0x0f, 0x02, 0x0f, 0x01, 0x0f, 0x00, 0x0f, 0x01,
  0x0f, 0x02, 0x0f, 0x03, 0x0f, 0x04, 0x0f, 0x05, 0x00, 0x00, 0x00, 0x01,
  0x01, 0x01, 0x01, 0x00, 0x01, 0x01, 0x01, 0x02, 0x01, 0x03, 0x01, 0x04,
  0x02, 0x03, 0x02, 0x02, 0x02, 0x01, 0x02, 0x00, 0x02, 0x01, 0x02, 0x02,
  0x02, 0x03, 0x02, 0x04, 0x03, 0x03, 0x03, 0x02, 0x03, 0x01, 0x03, 0x00,
  0x03, 0x01, 0x03, 0x02, 0x03, 0x03, 0x03, 0x04, 0x04, 0x04, 0x04, 0x03,
  0x04, 0x02, 0x04, 0x01, 0x04, 0x00, 0x04, 0x01, 0x04, 0x02, 0x04, 0x03,
  0x04, 0x04, 0x05, 0x03, 0x05, 0x02, 0x05, 0x01, 0x05, 0x00, 0x05, 0x01,
  0x05, 0x02, 0x05, 0x03, 0x05, 0x04, 0x06, 0x03, 0x06, 0x02, 0x06, 0x01,
  0x06, 0x00, 0x06, 0x01, 0x06, 0x02, 0x06, 0x03, 0x06, 0x04, 0x07, 0x03,
  0x07, 0x02, 0x07, 0x01, 0x07, 0x00, 0x07, 0x01, 0x07, 0x02, 0x07, 0x03,
  0x07, 0x04, 0x08, 0x04, 0x08, 0x03, 0x08, 0x02, 0x08, 0x01, 0x08, 0x00,
  0x08, 0x01, 0x08, 0x02, 0x08, 0x03, 0x08, 0x04, 0x09, 0x03, 0x09, 0x02,
  0x09, 0x01, 0x09, 0x00, 0x09, 0x01, 0x09, 0x02, 0x09, 0x03, 0x09, 0x04,
  0x0a, 0x03, 0x0a, 0x02, 0x0a, 0x01, 0x0a, 0x00, 0x0a, 0x01, 0x0a, 0x02,
  0x0a, 0x03, 0x0a, 0x04, 0x0b, 0x03, 0x0b, 0x02, 0x0b, 0x01, 0x0b, 0x00,
  0x0b, 0x01, 0x0b, 0x02, 0x0b, 0x03, 0x0b, 0x04, 0x0c, 0x04, 0x0c, 0x03,
  0x0c, 0x02, 0x0c, 0x01, 0x0c, 0x00, 0x0c, 0x01, 0x0c, 0x02, 0x0c, 0x03,
  0x0c, 0x04, 0x0d, 0x03, 0x0d, 0x02, 0x0d, 0x01, 0x0d, 0x00, 0x0d, 0x01,
  0x0d, 0x02, 0x0d, 0x03, 0x0d, 0x04, 0x0e, 0x03, 0x0e, 0x02, 0x0e, 0x01,
  0x0e, 0x00, 0x0e, 0x01, 0x0e, 0x02, 0x0e, 0x03, 0x0e, 0x04, 0x0f, 0x03,
  0x0f, 0x02, 0x0f, 0x01, 0x0f, 0x00, 0x0f, 0x01, 0x0f, 0x02, 0x0f, 0x03,
  0x0f, 0x04, 0x10, 0x04, 0x10, 0x03, 0x10, 0x02, 0x10, 0x01, 0x10, 0x00,
  0x10, 0x01, 0x10, 0x02, 0x10, 0x03, 0x10, 0x04, 0x11, 0x03, 0x11, 0x02,
  0x11, 0x01, 0x11, 0x00, 0x11, 0x01, 0x11, 0x02, 0x11, 0x03, 0x11, 0x04,
  0x12, 0x03, 0x12, 0x02, 0x12, 0x01, 0x12, 0x00, 0x12, 0x01, 0x12, 0x02,
  0x12, 0x03, 0x12, 0x04, 0x13, 0x03, 0x13, 0x02, 0x13, 0x01, 0x13, 0x00,
  0x13, 0x01, 0x13, 0x02, 0x13, 0x03, 0x13, 0x04, 0x14, 0x04, 0x14, 0x03,
  0x14, 0x02, 0x14, 0x01, 0x14, 0x00, 0x14, 0x01, 0x14, 0x02, 0x14, 0x03,
  0x14, 0x04, 0x15, 0x03, 0x15, 0x02, 0x15, 0x01, 0x15, 0x00, 0x15, 0x01,
  0x15, 0x02, 0x15, 0x03, 0x15, 0x04, 0x16, 0x03, 0x16, 0x02, 0x16, 0x01,
  0x16, 0x00, 0x16, 0x01, 0x16, 0x02, 0x16, 0x03, 0x16, 0x04, 0x17, 0x03,
  0x17, 0x02, 0x17, 0x01, 0x17, 0x00, 0x17, 0x01, 0x17, 0x02, 0x17, 0x03,
  0x17, 0x04, 0x18, 0x04, 0x18, 0x03, 0x18, 0x02, 0x18, 0x01, 0x18, 0x00,
  0x18, 0x01, 0x18, 0x02, 0x18, 0x03, 0x18, 0x04, 0x19, 0x03, 0x19, 0x02,
  0x19, 0x01, 0x19, 0x00, 0x19, 0x01, 0x19, 0x02, 0x19, 0x03, 0x19, 0x04,
  0x1a, 0x03, 0x1a, 0x02, 0x1a, 0x01, 0x1a, 0x00, 0x1a, 0x01, 0x1a, 0x02,
  0x1a, 0x03, 0x1a, 0x04, 0x1b, 0x03, 0x1b, 0x02, 0x1b, 0x01, 0x1b, 0x00,
  0x1b, 0x01, 0x1b, 0x02, 0x1b, 0x03, 0x1b, 0x04, 0x1c, 0x04, 0x1c, 0x03,
  0x1c, 0x02, 0x1c, 0x01, 0x1c, 0x00, 0x1c, 0x01, 0x1c, 0x02, 0x1c, 0x03,
  0x1c, 0x04, 0x1d, 0x03, 0x1d, 0x02, 0x1d, 0x01, 0x1d, 0x00, 0x1d, 0x01,
  0x1d, 0x02, 0x1d, 0x03, 0x1d, 0x04, 0x1e, 0x03, 0x1e, 0x02, 0x1e, 0x01,
  0x1e, 0x00, 0x1e, 0x01, 0x1e, 0x02, 0x1e, 0x03, 0x1e, 0x04, 0x1f, 0x03,
  0x1f, 0x02, 0x1f, 0x01, 0x1f, 0x00, 0x1f, 0x01, 0x1f, 0x02, 0x1f, 0x03,
  0x1f, 0x04, 0x1f, 0x05, 0x00, 0x00, 0x00, 0x01, 0x00, 0x02, 0x00, 0x03,
  0x00, 0x04, 0x01, 0x03, 0x01, 0x02, 0x01, 0x01, 0x01, 0x00, 0x01, 0x01,
  0x01, 0x02, 0x01, 0x03, 0x01, 0x04, 0x01, 0x05, 0x01, 0x06, 0x01, 0x07,
  0x01, 0x08, 0x02, 0x08, 0x02, 0x07, 0x02, 0x06, 0x02, 0x05, 0x02, 0x04,
  0x02, 0x03, 0x02, 0x02, 0x02, 0x01, 0x02, 0x00, 0x02, 0x01, 0x02, 0x02,
  0x02, 0x03, 0x02, 0x04, 0x02, 0x05, 0x02, 0x06, 0x02, 0x07, 0x02, 0x08,
  0x03, 0x08, 0x03, 0x07, 0x03, 0x06, 0x03, 0x05, 0x03, 0x04, 0x03, 0x03,
  0x03, 0x02, 0x03, 0x01, 0x03, 0x00, 0x03, 0x01, 0x03, 0x02, 0x03, 0x03,
  0x03, 0x04, 0x03, 0x05, 0x03, 0x06, 0x03, 0x07, 0x03, 0x08, 0x04, 0x08,
  0x04, 0x07, 0x04, 0x06, 0x04, 0x05, 0x04, 0x04, 0x04, 0x03, 0x04, 0x02,
  0x04, 0x01, 0x04, 0x00, 0x04, 0x01, 0x04, 0x02, 0x04, 0x03, 0x04, 0x04,
  0x04, 0x05, 0x04, 0x06, 0x04, 0x07, 0x04, 0x08, 0x05, 0x08, 0x05, 0x07,
  0x05, 0x06, 0x05, 0x05, 0x05, 0x04, 0x05, 0x03, 0x05, 0x02, 0x05, 0x01,
  0x05, 0x00, 0x05, 0x01, 0x05, 0x02, 0x05, 0x03, 0x05, 0x04, 0x05, 0x05,
  0x05, 0x06, 0x05, 0x07, 0x05, 0x08, 0x06, 0x08, 0x06, 0x07, 0x06, 0x06,
  0x06, 0x05, 0x06, 0x04, 0x06, 0x03, 0x06, 0x02, 0x06, 0x01, 0x06, 0x00,
  0x06, 0x01, 0x06, 0x02, 0x06, 0x03, 0x06, 0x04, 0x06, 0x05, 0x06, 0x06,
  0x06, 0x07, 0x06, 0x08, 0x07, 0x08, 0x07, 0x07, 0x07, 0x06, 0x07, 0x05,
  0x07, 0x04, 0x07, 0x03, 0x07, 0x02, 0x07, 0x01, 0x07, 0x00, 0x07, 0x01,
  0x07, 0x02, 0x07, 0x03, 0x07, 0x04, 0x07, 0x05, 0x07, 0x06, 0x07, 0x07,
  0x07, 0x08, 0x08, 0x08, 0x08, 0x07, 0x08, 0x06, 0x08, 0x05, 0x08, 0x04,
  0x08, 0x03, 0x08, 0x02, 0x08, 0x01, 0x08, 0x00, 0x08, 0x01, 0x08, 0x02,
  0x08, 0x03, 0x08, 0x04, 0x08, 0x05, 0x08, 0x06, 0x08, 0x07, 0x08, 0x08,
  0x09, 0x08, 0x09, 0x07, 0x09, 0x06, 0x09, 0x05, 0x09, 0x04, 0x09, 0x03,
  0x09, 0x02, 0x09, 0x01, 0x09, 0x00, 0x09, 0x01, 0x09, 0x02, 0x09, 0x03,
  0x09, 0x04, 0x09, 0x05, 0x09, 0x06, 0x09, 0x07, 0x09, 0x08, 0x0a, 0x08,
  0x0a, 0x07, 0x0a, 0x06, 0x0a, 0x05, 0x0a, 0x04, 0x0a, 0x03, 0x0a, 0x02,
  0x0a, 0x01, 0x0a, 0x00, 0x0a, 0x01, 0x0a, 0x02, 0x0a, 0x03, 0x0a, 0x04,
  0x0a, 0x05, 0x0a, 0x06, 0x0a, 0x07, 0x0a, 0x08, 0x0b, 0x08, 0x0b, 0x07,
  0x0b, 0x06, 0x0b, 0x05, 0x0b, 0x04, 0x0b, 0x03, 0x0b, 0x02, 0x0b, 0x01,
  0x0b, 0x00, 0x0b, 0x01, 0x0b, 0x02, 0x0b, 0x03, 0x0b, 0x04, 0x0b, 0x05,
  0x0b, 0x06, 0x0b, 0x07, 0x0b, 0x08, 0x0c, 0x08, 0x0c, 0x07, 0x0c, 0x06,
  0x0c, 0x05, 0x0c, 0x04, 0x0c, 0x03, 0x0c, 0x02, 0x0c, 0x01, 0x0c, 0x00,
  0x0c, 0x01, 0x0c, 0x02, 0x0c, 0x03, 0x0c, 0x04, 0x0c, 0x05, 0x0c, 0x06,
  0x0c, 0x07, 0x0c, 0x08, 0x0d, 0x08, 0x0d, 0x07, 0x0d, 0x06, 0x0d, 0x05,
  0x0d, 0x04, 0x0d, 0x03, 0x0d, 0x02, 0x0d, 0x01, 0x0d, 0x00, 0x0d, 0x01,
  0x0d, 0x02, 0x0d, 0x03, 0x0d, 0x04, 0x0d, 0x05, 0x0d, 0x06, 0x0d, 0x07,
  0x0d, 0x08, 0x0e, 0x08, 0x0e, 0x07, 0x0e, 0x06, 0x0e, 0x05, 0x0e, 0x04,
  0x0e, 0x03, 0x0e, 0x02, 0x0e, 0x01, 0x0e, 0x00, 0x0e, 0x01, 0x0e, 0x02,
  0x0e, 0x03, 0x0e, 0x04, 0x0e, 0x05, 0x0e, 0x06, 0x0e, 0x07, 0x0e, 0x08,
  0x0f, 0x08, 0x0f, 0x07, 0x0f, 0x06, 0x0f, 0x05, 0x0f, 0x04, 0x0f, 0x03,
  0x0f, 0x02, 0x0f, 0x01, 0x0f, 0x00, 0x0f, 0x01, 0x0f, 0x02, 0x0f, 0x03,
  0x0f, 0x04, 0x0f, 0x05, 0x0f, 0x06, 0x0f, 0x07, 0x0f, 0x08, 0x0f, 0x09,
  0x00, 0x00, 0x00, 0x01, 0x00, 0x02, 0x00, 0x03, 0x02, 0x03, 0x02, 0x02,
  0x02, 0x01, 0x02, 0x00, 0x02, 0x01, 0x02, 0x02, 0x02, 0x03, 0x02, 0x04,
  0x03, 0x03, 0x03, 0x02, 0x03, 0x01, 0x03, 0x00, 0x03, 0x01, 0x03, 0x02,
  0x03, 0x03, 0x03, 0x04, 0x04, 0x04, 0x04, 0x03, 0x04, 0x02, 0x04, 0x01,
  0x04, 0x00, 0x04, 0x01, 0x04, 0x02, 0x04, 0x03, 0x04, 0x04, 0x05, 0x03,
  0x05, 0x02, 0x05, 0x01, 0x05, 0x00, 0x05, 0x01, 0x05, 0x02, 0x05, 0x03,
  0x05, 0x04, 0x06, 0x03, 0x06, 0x02, 0x06, 0x01, 0x06, 0x00, 0x06, 0x01,
  0x06, 0x02, 0x06, 0x03, 0x06, 0x04, 0x07, 0x03, 0x07, 0x02, 0x07, 0x01,
  0x07, 0x00, 0x07, 0x01, 0x07, 0x02, 0x07, 0x03, 0x07, 0x04, 0x08, 0x04,
  0x08, 0x03, 0x08, 0x02, 0x08, 0x01, 0x08, 0x00, 0x08, 0x01, 0x08, 0x02,
  0x08, 0x03, 0x08, 0x04, 0x09, 0x03, 0x09, 0x02, 0x09, 0x01, 0x09, 0x00,
  0x09, 0x01, 0x09, 0x02, 0x09, 0x03, 0x09, 0x04, 0x0a, 0x03, 0x0a, 0x02,
  0x0a, 0x01, 0x0a, 0x00, 0x0a, 0x01, 0x0a, 0x02, 0x0a, 0x03, 0x0a, 0x04,
  0x0b, 0x03, 0x0b, 0x02, 0x0b, 0x01, 0x0b, 0x00, 0x0b, 0x01, 0x0b, 0x02,
  0x0b, 0x03, 0x0b, 0x04, 0x0c, 0x04, 0x0c, 0x03, 0x0c, 0x02, 0x0c, 0x01,
  0x0c, 0x00, 0x0c, 0x01, 0x0c, 0x02, 0x0c, 0x03, 0x0c, 0x04, 0x0d, 0x03,
  0x0d, 0x02, 0x0d, 0x01, 0x0d, 0x00, 0x0d, 0x01, 0x0d, 0x02, 0x0d, 0x03,
  0x0d, 0x04, 0x0e, 0x03, 0x0e, 0x02, 0x0e, 0x01, 0x0e, 0x00, 0x0e, 0x01,
  0x0e, 0x02, 0x0e, 0x03, 0x0e, 0x04, 0x0f, 0x03, 0x0f, 0x02, 0x0f, 0x01,
  0x0f, 0x00, 0x0f, 0x01, 0x0f, 0x02, 0x0f, 0x03, 0x0f, 0x04, 0x10, 0x04,
  0x10, 0x03, 0x10, 0x02, 0x10, 0x01, 0x10, 0x00, 0x10, 0x01, 0x10, 0x02,
  0x10, 0x03, 0x10, 0x04, 0x11, 0x03, 0x11, 0x02, 0x11, 0x01, 0x11, 0x00,
  0x11, 0x01, 0x11, 0x02, 0x11, 0x03, 0x11, 0x04, 0x12, 0x03, 0x12, 0x02,
  0x12, 0x01, 0x12, 0x00, 0x12, 0x01, 0x12, 0x02, 0x12, 0x03, 0x12, 0x04,
  0x13, 0x03, 0x13, 0x02, 0x13, 0x01, 0x13, 0x00, 0x13, 0x01, 0x13, 0x02,
  0x13, 0x03, 0x13, 0x04, 0x14, 0x04, 0x14, 0x03, 0x14, 0x02, 0x14, 0x01,
  0x14, 0x00, 0x14, 0x01, 0x14, 0x02, 0x14, 0x03, 0x14, 0x04, 0x15, 0x03,
  0x15, 0x02, 0x15, 0x01, 0x15, 0x00, 0x15, 0x01, 0x15, 0x02, 0x15, 0x03,
  0x15, 0x04, 0x16, 0x03, 0x16, 0x02, 0x16, 0x01, 0x16, 0x00, 0x16, 0x01,
  0x16, 0x02, 0x16, 0x03, 0x16, 0x04, 0x17, 0x03, 0x17, 0x02, 0x17, 0x01,
  0x17, 0x00, 0x17, 0x01, 0x17, 0x02, 0x17, 0x03, 0x17, 0x04, 0x18, 0x04,
  0x18, 0x03, 0x18, 0x02, 0x18, 0x01, 0x18, 0x00, 0x18, 0x01, 0x18, 0x02,
  0x18, 0x03, 0x18, 0x04, 0x19, 0x03, 0x19, 0x02, 0x19, 0x01, 0x19, 0x00,
  0x19, 0x01, 0x19, 0x02, 0x19, 0x03, 0x19, 0x04, 0x1a, 0x03, 0x1a, 0x02,
  0x1a, 0x01, 0x1a, 0x00, 0x1a, 0x01, 0x1a, 0x02, 0x1a, 0x03, 0x1a, 0x04,
  0x1b, 0x03, 0x1b, 0x02, 0x1b, 0x01, 0x1b, 0x00, 0x1b, 0x01, 0x1b, 0x02,
  0x1b, 0x03, 0x1b, 0x04, 0x1c, 0x04, 0x1c, 0x03, 0x1c, 0x02, 0x1c, 0x01,
  0x1c, 0x00, 0x1c, 0x01, 0x1c, 0x02, 0x1c, 0x03, 0x1c, 0x04, 0x1d, 0x03,
  0x1d, 0x02, 0x1d, 0x01, 0x1d, 0x00, 0x1d, 0x01, 0x1d, 0x02, 0x1d, 0x03,
  0x1d, 0x04, 0x1e, 0x03, 0x1e, 0x02, 0x1e, 0x01, 0x1e, 0x00, 0x1e, 0x01,
  0x1e, 0x02, 0x1e, 0x03, 0x1e, 0x04, 0x1f, 0x03, 0x1f, 0x02, 0x1f, 0x01,
  0x1f, 0x00, 0x1f, 0x01, 0x1f, 0x02, 0x1f, 0x03, 0x1f, 0x04, 0x1f, 0x05,
  0x1f, 0x06, 0x1f, 0x07, 0x1f, 0x08, 0x1f, 0x09, 0x00, 0x00, 0x00, 0x01,
  0x00, 0x02, 0x01, 0x01, 0x01, 0x00, 0x01, 0x01, 0x01, 0x02, 0x01, 0x03,
  0x01, 0x04, 0x01, 0x05, 0x01, 0x06, 0x01, 0x07, 0x01, 0x08, 0x02, 0x08,
  0x02, 0x07, 0x02, 0x06, 0x02, 0x05, 0x02, 0x04, 0x02, 0x03, 0x02, 0x02,
  0x02, 0x01, 0x02, 0x00, 0x02, 0x01, 0x02, 0x02, 0x02, 0x03, 0x02, 0x04,
  0x02, 0x05, 0x02, 0x06, 0x02, 0x07, 0x02, 0x08, 0x03, 0x08, 0x03, 0x07,
  0x03, 0x06, 0x03, 0x05, 0x03, 0x04, 0x03, 0x03, 0x03, 0x02, 0x03, 0x01,
  0x03, 0x00, 0x03, 0x01, 0x03, 0x02, 0x03, 0x03, 0x03, 0x04, 0x03, 0x05,
  0x03, 0x06, 0x03, 0x07, 0x03, 0x08, 0x04, 0x08, 0x04, 0x07, 0x04, 0x06,
  0x04, 0x05, 0x04, 0x04, 0x04, 0x03, 0x04, 0x02, 0x04, 0x01, 0x04, 0x00,
  0x04, 0x01, 0x04, 0x02, 0x04, 0x03, 0x04, 0x04, 0x04, 0x05, 0x04, 0x06,
  0x04, 0x07, 0x04, 0x08, 0x05, 0x08, 0x05, 0x07, 0x05, 0x06, 0x05, 0x05,
  0x05, 0x04, 0x05, 0x03, 0x05, 0x02, 0x05, 0x01, 0x05, 0x00, 0x05, 0x01,
  0x05, 0x02, 0x05, 0x03, 0x05, 0x04, 0x05, 0x05, 0x05, 0x06, 0x05, 0x07,
  0x05, 0x08, 0x06, 0x08, 0x06, 0x07, 0x06, 0x06, 0x06, 0x05, 0x06, 0x04,
  0x06, 0x03, 0x06, 0x02, 0x06, 0x01, 0x06, 0x00, 0x06, 0x01, 0x06, 0x02,
  0x06, 0x03, 0x06, 0x04, 0x06, 0x05, 0x06, 0x06, 0x06, 0x07, 0x06, 0x08,
  0x07, 0x08, 0x07, 0x07, 0x07, 0x06, 0x07, 0x05, 0x07, 0x04, 0x07, 0x03,
  0x07, 0x02, 0x07, 0x01, 0x07, 0x00, 0x07, 0x01, 0x07, 0x02, 0x07, 0x03,
  0x07, 0x04, 0x07, 0x05, 0x07, 0x06, 0x07, 0x07, 0x07, 0x08, 0x08, 0x08,
  0x08, 0x07, 0x08, 0x06, 0x08, 0x05, 0x08, 0x04, 0x08, 0x03, 0x08, 0x02,
  0x08, 0x01, 0x08, 0x00, 0x08, 0x01, 0x08, 0x02, 0x08, 0x03, 0x08, 0x04,
  0x08, 0x05, 0x08, 0x06, 0x08, 0x07, 0x08, 0x08, 0x09, 0x08, 0x09, 0x07,
  0x09, 0x06, 0x09, 0x05, 0x09, 0x04, 0x09, 0x03, 0x09, 0x02, 0x09, 0x01,
  0x09, 0x00, 0x09, 0x01, 0x09, 0x02, 0x09, 0x03, 0x09, 0x04, 0x09, 0x05,
  0x09, 0x06, 0x09, 0x07, 0x09, 0x08, 0x0a, 0x08, 0x0a, 0x07, 0x0a, 0x06,
  0x0a, 0x05, 0x0a, 0x04, 0x0a, 0x03, 0x0a, 0x02, 0x0a, 0x01, 0x0a, 0x00,
  0x0a, 0x01, 0x0a, 0x02, 0x0a, 0x03, 0x0a, 0x04, 0x0a, 0x05, 0x0a, 0x06,
  0x0a, 0x07, 0x0a, 0x08, 0x0b, 0x08, 0x0b, 0x07, 0x0b, 0x06, 0x0b, 0x05,
  0x0b, 0x04, 0x0b, 0x03, 0x0b, 0x02, 0x0b, 0x01, 0x0b, 0x00, 0x0b, 0x01,
  0x0b, 0x02, 0x0b, 0x03, 0x0b, 0x04, 0x0b, 0x05, 0x0b, 0x06, 0x0b, 0x07,
  0x0b, 0x08, 0x0c, 0x08, 0x0c, 0x07, 0x0c, 0x06, 0x0c, 0x05, 0x0c, 0x04,
  0x0c, 0x03, 0x0c, 0x02, 0x0c, 0x01, 0x0c, 0x00, 0x0c, 0x01, 0x0c, 0x02,
  0x0c, 0x03, 0x0c, 0x04, 0x0c, 0x05, 0x0c, 0x06, 0x0c, 0x07, 0x0c, 0x08,
  0x0d, 0x08, 0x0d, 0x07, 0x0d, 0x06, 0x0d, 0x05, 0x0d, 0x04, 0x0d, 0x03,
  0x0d, 0x02, 0x0d, 0x01, 0x0d, 0x00, 0x0d, 0x01, 0x0d, 0x02, 0x0d, 0x03,
  0x0d, 0x04, 0x0d, 0x05, 0x0d, 0x06, 0x0d, 0x07, 0x0d, 0x08, 0x0e, 0x08,
  0x0e, 0x07, 0x0e, 0x06, 0x0e, 0x05, 0x0e, 0x04, 0x0e, 0x03, 0x0e, 0x02,
  0x0e, 0x01, 0x0e, 0x00, 0x0e, 0x01, 0x0e, 0x02, 0x0e, 0x03, 0x0e, 0x04,
  0x0e, 0x05, 0x0e, 0x06, 0x0e, 0x07, 0x0e, 0x08, 0x0f, 0x08, 0x0f, 0x07,
  0x0f, 0x06, 0x0f, 0x05, 0x0f, 0x04, 0x0f, 0x03, 0x0f, 0x02, 0x0f, 0x01,
  0x0f, 0x00, 0x0f, 0x01, 0x0f, 0x02, 0x0f, 0x03, 0x0f, 0x04, 0x0f, 0x05,
  0x0f, 0x06, 0x0f, 0x07, 0x0f, 0x08, 0x0f, 0x09, 0x0f, 0x0a, 0x0f, 0x0b,
  0x0f, 0x0c, 0x0f, 0x0d, 0x00, 0x00, 0x00, 0x01, 0x02, 0x01, 0x02, 0x00,
  0x02, 0x01, 0x02, 0x02, 0x02, 0x03, 0x02, 0x04, 0x03, 0x03, 0x03, 0x02,
  0x03, 0x01, 0x03, 0x00, 0x03, 0x01, 0x03, 0x02, 0x03, 0x03, 0x03, 0x04,
  0x04, 0x04, 0x04, 0x03, 0x04, 0x02, 0x04, 0x01, 0x04, 0x00, 0x04, 0x01,
  0x04, 0x02, 0x04, 0x03, 0x04, 0x04, 0x05, 0x03, 0x05, 0x02, 0x05, 0x01,
  0x05, 0x00, 0x05, 0x01, 0x05, 0x02, 0x05, 0x03, 0x05, 0x04, 0x06, 0x03,
  0x06, 0x02, 0x06, 0x01, 0x06, 0x00, 0x06, 0x01, 0x06, 0x02, 0x06, 0x03,
  0x06, 0x04, 0x07, 0x03, 0x07, 0x02, 0x07, 0x01, 0x07, 0x00, 0x07, 0x01,
  0x07, 0x02, 0x07, 0x03, 0x07, 0x04, 0x08, 0x04, 0x08, 0x03, 0x08, 0x02,
  0x08, 0x01, 0x08, 0x00, 0x08, 0x01, 0x08, 0x02, 0x08, 0x03, 0x08, 0x04,
  0x09, 0x03, 0x09, 0x02, 0x09, 0x01, 0x09, 0x00, 0x09, 0x01, 0x09, 0x02,
  0x09, 0x03, 0x09, 0x04, 0x0a, 0x03, 0x0a, 0x02, 0x0a, 0x01, 0x0a, 0x00,
  0x0a, 0x01, 0x0a, 0x02, 0x0a, 0x03, 0x0a, 0x04, 0x0b, 0x03, 0x0b, 0x02,
  0x0b, 0x01, 0x0b, 0x00, 0x0b, 0x01, 0x0b, 0x02, 0x0b, 0x03, 0x0b, 0x04,
  0x0c, 0x04, 0x0c, 0x03, 0x0c, 0x02, 0x0c, 0x01, 0x0c, 0x00, 0x0c, 0x01,
  0x0c, 0x02, 0x0c, 0x03, 0x0c, 0x04, 0x0d, 0x03, 0x0d, 0x02, 0x0d, 0x01,
  0x0d, 0x00, 0x0d, 0x01, 0x0d, 0x02, 0x0d, 0x03, 0x0d, 0x04, 0x0e, 0x03,
  0x0e, 0x02, 0x0e, 0x01, 0x0e, 0x00, 0x0e, 0x01, 0x0e, 0x02, 0x0e, 0x03,
  0x0e, 0x04, 0x0f, 0x03, 0x0f, 0x02, 0x0f, 0x01, 0x0f, 0x00, 0x0f, 0x01,
  0x0f, 0x02, 0x0f, 0x03, 0x0f, 0x04, 0x10, 0x04, 0x10, 0x03, 0x10, 0x02,
  0x10, 0x01, 0x10, 0x00, 0x10, 0x01, 0x10, 0x02, 0x10, 0x03, 0x10, 0x04,
  0x11, 0x03, 0x11, 0x02, 0x11, 0x01, 0x11, 0x00, 0x11, 0x01, 0x11, 0x02,
  0x11, 0x03, 0x11, 0x04, 0x12, 0x03, 0x12, 0x02, 0x12, 0x01, 0x12, 0x00,
  0x12, 0x01, 0x12, 0x02, 0x12, 0x03, 0x12, 0x04, 0x13, 0x03, 0x13, 0x02,
  0x13, 0x01, 0x13, 0x00, 0x13, 0x01, 0x13, 0x02, 0x13, 0x03, 0x13, 0x04,
  0x14, 0x04, 0x14, 0x03, 0x14, 0x02, 0x14, 0x01, 0x14, 0x00, 0x14, 0x01,
  0x14, 0x02, 0x14, 0x03, 0x14, 0x04, 0x15, 0x03, 0x15, 0x02, 0x15, 0x01,
  0x15, 0x00, 0x15, 0x01, 0x15, 0x02, 0x15, 0x03, 0x15, 0x04, 0x16, 0x03,
  0x16, 0x02, 0x16, 0x01, 0x16, 0x00, 0x16, 0x01, 0x16, 0x02, 0x16, 0x03,
  0x16, 0x04, 0x17, 0x03, 0x17, 0x02, 0x17, 0x01, 0x17, 0x00, 0x17, 0x01,
  0x17, 0x02, 0x17, 0x03, 0x17, 0x04, 0x18, 0x04, 0x18, 0x03, 0x18, 0x02,
  0x18, 0x01, 0x18, 0x00, 0x18, 0x01, 0x18, 0x02, 0x18, 0x03, 0x18, 0x04,
  0x19, 0x03, 0x19, 0x02, 0x19, 0x01, 0x19, 0x00, 0x19, 0x01, 0x19, 0x02,
  0x19, 0x03, 0x19, 0x04, 0x1a, 0x03, 0x1a, 0x02, 0x1a, 0x01, 0x1a, 0x00,
  0x1a, 0x01, 0x1a, 0x02, 0x1a, 0x03, 0x1a, 0x04, 0x1b, 0x03, 0x1b, 0x02,
  0x1b, 0x01, 0x1b, 0x00, 0x1b, 0x01, 0x1b, 0x02, 0x1b, 0x03, 0x1b, 0x04,
  0x1c, 0x04, 0x1c, 0x03, 0x1c, 0x02, 0x1c, 0x01, 0x1c, 0x00, 0x1c, 0x01,
  0x1c, 0x02, 0x1c, 0x03, 0x1c, 0x04, 0x1d, 0x03, 0x1d, 0x02, 0x1d, 0x01,
  0x1d, 0x00, 0x1d, 0x01, 0x1d, 0x02, 0x1d, 0x03, 0x1d, 0x04, 0x1e, 0x03,
  0x1e, 0x02, 0x1e, 0x01, 0x1e, 0x00, 0x1e, 0x01, 0x1e, 0x02, 0x1e, 0x03,
  0x1e, 0x04, 0x1f, 0x03, 0x1f, 0x02, 0x1f, 0x01, 0x1f, 0x00, 0x1f, 0x01,
  0x1f, 0x02, 0x1f, 0x03, 0x1f, 0x04, 0x1f, 0x05, 0x1f, 0x06, 0x1f, 0x07,
  0x1f, 0x08, 0x1f, 0x09, 0x1f, 0x0a, 0x1f, 0x0b, 0x1f, 0x0c, 0x1f, 0x0d,
  0x00, 0x00, 0x00, 0x01, 0x00, 0x02, 0x00, 0x03, 0x00, 0x04, 0x00, 0x05,
  0x00, 0x06, 0x00, 0x07, 0x00, 0x08, 0x02, 0x07, 0x02, 0x06, 0x02, 0x05,
  0x02, 0x04, 0x02, 0x03, 0x02, 0x02, 0x02, 0x01, 0x02, 0x00, 0x02, 0x01,
  0x02, 0x02, 0x02, 0x03, 0x02, 0x04, 0x02, 0x05, 0x02, 0x06, 0x02, 0x07,
  0x02, 0x08, 0x03, 0x08, 0x03, 0x07, 0x03, 0x06, 0x03, 0x05, 0x03, 0x04,
  0x03, 0x03, 0x03, 0x02, 0x03, 0x01, 0x03, 0x00, 0x03, 0x01, 0x03, 0x02,
  0x03, 0x03, 0x03, 0x04, 0x03, 0x05, 0x03, 0x06, 0x03, 0x07, 0x03, 0x08,
  0x04, 0x08, 0x04, 0x07, 0x04, 0x06, 0x04, 0x05, 0x04, 0x04, 0x04, 0x03,
  0x04, 0x02, 0x04, 0x01, 0x04, 0x00, 0x04, 0x01, 0x04, 0x02, 0x04, 0x03,
  0x04, 0x04, 0x04, 0x05, 0x04, 0x06, 0x04, 0x07, 0x04, 0x08, 0x05, 0x08,
  0x05, 0x07, 0x05, 0x06, 0x05, 0x05, 0x05, 0x04, 0x05, 0x03, 0x05, 0x02,
  0x05, 0x01, 0x05, 0x00, 0x05, 0x01, 0x05, 0x02, 0x05, 0x03, 0x05, 0x04,
  0x05, 0x05, 0x05, 0x06, 0x05, 0x07, 0x05, 0x08, 0x06, 0x08, 0x06, 0x07,
  0x06, 0x06, 0x06, 0x05, 0x06, 0x04, 0x06, 0x03, 0x06, 0x02, 0x06, 0x01,
  0x06, 0x00, 0x06, 0x01, 0x06, 0x02, 0x06, 0x03, 0x06, 0x04, 0x06, 0x05,
  0x06, 0x06, 0x06, 0x07, 0x06, 0x08, 0x07, 0x08, 0x07, 0x07, 0x07, 0x06,
  0x07, 0x05, 0x07, 0x04, 0x07, 0x03, 0x07, 0x02, 0x07, 0x01, 0x07, 0x00,
  0x07, 0x01, 0x07, 0x02, 0x07, 0x03, 0x07, 0x04, 0x07, 0x05, 0x07, 0x06,
  0x07, 0x07, 0x07, 0x08, 0x08, 0x08, 0x08, 0x07, 0x08, 0x06, 0x08, 0x05,
  0x08, 0x04, 0x08, 0x03, 0x08, 0x02, 0x08, 0x01, 0x08, 0x00, 0x08, 0x01,
  0x08, 0x02, 0x08, 0x03, 0x08, 0x04, 0x08, 0x05, 0x08, 0x06, 0x08, 0x07,
  0x08, 0x08, 0x09, 0x08, 0x09, 0x07, 0x09, 0x06, 0x09, 0x05, 0x09, 0x04,
  0x09, 0x03, 0x09, 0x02, 0x09, 0x01, 0x09, 0x00, 0x09, 0x01, 0x09, 0x02,
  0x09, 0x03, 0x09, 0x04, 0x09, 0x05, 0x09, 0x06, 0x09, 0x07, 0x09, 0x08,
  0x0a, 0x08, 0x0a, 0x07, 0x0a, 0x06, 0x0a, 0x05, 0x0a, 0x04, 0x0a, 0x03,
  0x0a, 0x02, 0x0a, 0x01, 0x0a, 0x00, 0x0a, 0x01, 0x0a, 0x02, 0x0a, 0x03,
  0x0a, 0x04, 0x0a, 0x05, 0x0a, 0x06, 0x0a, 0x07, 0x0a, 0x08, 0x0b, 0x08,
  0x0b, 0x07, 0x0b, 0x06, 0x0b, 0x05, 0x0b, 0x04, 0x0b, 0x03, 0x0b, 0x02,
  0x0b, 0x01, 0x0b, 0x00, 0x0b, 0x01, 0x0b, 0x02, 0x0b, 0x03, 0x0b, 0x04,
  0x0b, 0x05, 0x0b, 0x06, 0x0b, 0x07, 0x0b, 0x08, 0x0c, 0x08, 0x0c, 0x07,
  0x0c, 0x06, 0x0c, 0x05, 0x0c, 0x04, 0x0c, 0x03, 0x0c, 0x02, 0x0c, 0x01,
  0x0c, 0x00, 0x0c, 0x01, 0x0c, 0x02, 0x0c, 0x03, 0x0c, 0x04, 0x0c, 0x05,
  0x0c, 0x06, 0x0c, 0x07, 0x0c, 0x08, 0x0d, 0x08, 0x0d, 0x07, 0x0d, 0x06,
  0x0d, 0x05, 0x0d, 0x04, 0x0d, 0x03, 0x0d, 0x02, 0x0d, 0x01, 0x0d, 0x00,
  0x0d, 0x01, 0x0d, 0x02, 0x0d, 0x03, 0x0d, 0x04, 0x0d, 0x05, 0x0d, 0x06,
  0x0d, 0x07, 0x0d, 0x08, 0x0e, 0x08, 0x0e, 0x07, 0x0e, 0x06, 0x0e, 0x05,
  0x0e, 0x04, 0x0e, 0x03, 0x0e, 0x02, 0x0e, 0x01, 0x0e, 0x00, 0x0e, 0x01,
  0x0e, 0x02, 0x0e, 0x03, 0x0e, 0x04, 0x0e, 0x05, 0x0e, 0x06, 0x0e, 0x07,
  0x0e, 0x08, 0x0f, 0x08, 0x0f, 0x07, 0x0f, 0x06, 0x0f, 0x05, 0x0f, 0x04,
  0x0f, 0x03, 0x0f, 0x02, 0x0f, 0x01, 0x0f, 0x00, 0x0f, 0x01, 0x0f, 0x02,
  0x0f, 0x03, 0x0f, 0x04, 0x0f, 0x05, 0x0f, 0x06, 0x0f, 0x07, 0x0f, 0x08,
  0x0f, 0x09, 0x0f, 0x0a, 0x0f, 0x0b, 0x0f, 0x0c, 0x0f, 0x0d, 0x0f, 0x0e,
  0x0f, 0x0f, 0x0f, 0x10, 0x0f, 0x11, 0x0f, 0x12, 0x00, 0x00, 0x00, 0x01,
  0x00, 0x02, 0x00, 0x03, 0x03, 0x02, 0x03, 0x01, 0x03, 0x00, 0x03, 0x01,
  0x03, 0x02, 0x03, 0x03, 0x03, 0x04, 0x04, 0x04, 0x04, 0x03, 0x04, 0x02,
  0x04, 0x01, 0x04, 0x00, 0x04, 0x01, 0x04, 0x02, 0x04, 0x03, 0x04, 0x04,
  0x05, 0x03, 0x05, 0x02, 0x05, 0x01, 0x05, 0x00, 0x05, 0x01, 0x05, 0x02,
  0x05, 0x03, 0x05, 0x04, 0x06, 0x03, 0x06, 0x02, 0x06, 0x01, 0x06, 0x00,
  0x06, 0x01, 0x06, 0x02, 0x06, 0x03, 0x06, 0x04, 0x07, 0x03, 0x07, 0x02,
  0x07, 0x01, 0x07, 0x00, 0x07, 0x01, 0x07, 0x02, 0x07, 0x03, 0x07, 0x04,
  0x08, 0x04, 0x08, 0x03, 0x08, 0x02, 0x08, 0x01, 0x08, 0x00, 0x08, 0x01,
  0x08, 0x02, 0x08, 0x03, 0x08, 0x04, 0x09, 0x03, 0x09, 0x02, 0x09, 0x01,
  0x09, 0x00, 0x09, 0x01, 0x09, 0x02, 0x09, 0x03, 0x09, 0x04, 0x0a, 0x03,
  0x0a, 0x02, 0x0a, 0x01, 0x0a, 0x00, 0x0a, 0x01, 0x0a, 0x02, 0x0a, 0x03,
  0x0a, 0x04, 0x0b, 0x03, 0x0b, 0x02, 0x0b, 0x01, 0x0b, 0x00, 0x0b, 0x01,
  0x0b, 0x02, 0x0b, 0x03, 0x0b, 0x04, 0x0c, 0x04, 0x0c, 0x03, 0x0c, 0x02,
  0x0c, 0x01, 0x0c, 0x00, 0x0c, 0x01, 0x0c, 0x02, 0x0c, 0x03, 0x0c, 0x04,
  0x0d, 0x03, 0x0d, 0x02, 0x0d, 0x01, 0x0d, 0x00, 0x0d, 0x01, 0x0d, 0x02,
  0x0d, 0x03, 0x0d, 0x04, 0x0e, 0x03, 0x0e, 0x02, 0x0e, 0x01, 0x0e, 0x00,
  0x0e, 0x01, 0x0e, 0x02, 0x0e, 0x03, 0x0e, 0x04, 0x0f, 0x03, 0x0f, 0x02,
  0x0f, 0x01, 0x0f, 0x00, 0x0f, 0x01, 0x0f, 0x02, 0x0f, 0x03, 0x0f, 0x04,
  0x10, 0x04, 0x10, 0x03, 0x10, 0x02, 0x10, 0x01, 0x10, 0x00, 0x10, 0x01,
  0x10, 0x02, 0x10, 0x03, 0x10, 0x04, 0x11, 0x03, 0x11, 0x02, 0x11, 0x01,
  0x11, 0x00, 0x11, 0x01, 0x11, 0x02, 0x11, 0x03, 0x11, 0x04, 0x12, 0x03,
  0x12, 0x02, 0x12, 0x01, 0x12, 0x00, 0x12, 0x01, 0x12, 0x02, 0x12, 0x03,
  0x12, 0x04, 0x13, 0x03, 0x13, 0x02, 0x13, 0x01, 0x13, 0x00, 0x13, 0x01,
  0x13, 0x02, 0x13, 0x03, 0x13, 0x04, 0x14, 0x04, 0x14, 0x03, 0x14, 0x02,
  0x14, 0x01, 0x14, 0x00, 0x14, 0x01, 0x14, 0x02, 0x14, 0x03, 0x14, 0x04,
  0x15, 0x03, 0x15, 0x02, 0x15, 0x01, 0x15, 0x00, 0x15, 0x01, 0x15, 0x02,
  0x15, 0x03, 0x15, 0x04, 0x16, 0x03, 0x16, 0x02, 0x16, 0x01, 0x16, 0x00,
  0x16, 0x01, 0x16, 0x02, 0x16, 0x03, 0x16, 0x04, 0x17, 0x03, 0x17, 0x02,
  0x17, 0x01, 0x17, 0x00, 0x17, 0x01, 0x17, 0x02, 0x17, 0x03, 0x17, 0x04,
  0x18, 0x04, 0x18, 0x03, 0x18, 0x02, 0x18, 0x01, 0x18, 0x00, 0x18, 0x01,
  0x18, 0x02, 0x18, 0x03, 0x18, 0x04, 0x19, 0x03, 0x19, 0x02, 0x19, 0x01,
  0x19, 0x00, 0x19, 0x01, 0x19, 0x02, 0x19, 0x03, 0x19, 0x04, 0x1a, 0x03,
  0x1a, 0x02, 0x1a, 0x01, 0x1a, 0x00, 0x1a, 0x01, 0x1a, 0x02, 0x1a, 0x03,
  0x1a, 0x04, 0x1b, 0x03, 0x1b, 0x02, 0x1b, 0x01, 0x1b, 0x00, 0x1b, 0x01,
  0x1b, 0x02, 0x1b, 0x03, 0x1b, 0x04, 0x1c, 0x04, 0x1c, 0x03, 0x1c, 0x02,
  0x1c, 0x01, 0x1c, 0x00, 0x1c, 0x01, 0x1c, 0x02, 0x1c, 0x03, 0x1c, 0x04,
  0x1d, 0x03, 0x1d, 0x02, 0x1d, 0x01, 0x1d, 0x00, 0x1d, 0x01, 0x1d, 0x02,
  0x1d, 0x03, 0x1d, 0x04, 0x1e, 0x03, 0x1e, 0x02, 0x1e, 0x01, 0x1e, 0x00,
  0x1e, 0x01, 0x1e, 0x02, 0x1e, 0x03, 0x1e, 0x04, 0x1f, 0x03, 0x1f, 0x02,
  0x1f, 0x01, 0x1f, 0x00, 0x1f, 0x01, 0x1f, 0x02, 0x1f, 0x03, 0x1f, 0x04,
  0x1f, 0x05, 0x1f, 0x06, 0x1f, 0x07, 0x1f, 0x08, 0x1f, 0x09, 0x1f, 0x0a,
  0x1f, 0x0b, 0x1f, 0x0c, 0x1f, 0x0d, 0x1f, 0x0e, 0x1f, 0x0f, 0x1f, 0x10,
  0x1f, 0x11, 0x1f, 0x12, 0x00, 0x00, 0x00, 0x01, 0x00, 0x02, 0x00, 0x03,
  0x00, 0x04, 0x00, 0x05, 0x02, 0x04, 0x02, 0x03, 0x02, 0x02, 0x02, 0x01,
  0x02, 0x00, 0x02, 0x01, 0x02, 0x02, 0x02, 0x03, 0x02, 0x04, 0x02, 0x05,
  0x02, 0x06, 0x02, 0x07, 0x02, 0x08, 0x03, 0x08, 0x03, 0x07, 0x03, 0x06,
  0x03, 0x05, 0x03, 0x04, 0x03, 0x03, 0x03, 0x02, 0x03, 0x01, 0x03, 0x00,
  0x03, 0x01, 0x03, 0x02, 0x03, 0x03, 0x03, 0x04, 0x03, 0x05, 0x03, 0x06,
  0x03, 0x07, 0x03, 0x08, 0x04, 0x08, 0x04, 0x07, 0x04, 0x06, 0x04, 0x05,
  0x04, 0x04, 0x04, 0x03, 0x04, 0x02, 0x04, 0x01, 0x04, 0x00, 0x04, 0x01,
  0x04, 0x02, 0x04, 0x03, 0x04, 0x04, 0x04, 0x05, 0x04, 0x06, 0x04, 0x07,
  0x04, 0x08, 0x05, 0x08, 0x05, 0x07, 0x05, 0x06, 0x05, 0x05, 0x05, 0x04,
  0x05, 0x03, 0x05, 0x02, 0x05, 0x01, 0x05, 0x00, 0x05, 0x01, 0x05, 0x02,
  0x05, 0x03, 0x05, 0x04, 0x05, 0x05, 0x05, 0x06, 0x05, 0x07, 0x05, 0x08,
  0x06, 0x08, 0x06, 0x07, 0x06, 0x06, 0x06, 0x05, 0x06, 0x04, 0x06, 0x03,
  0x06, 0x02, 0x06, 0x01, 0x06, 0x00, 0x06, 0x01, 0x06, 0x02, 0x06, 0x03,
  0x06, 0x04, 0x06, 0x05, 0x06, 0x06, 0x06, 0x07, 0x06, 0x08, 0x07, 0x08,
  0x07, 0x07, 0x07, 0x06, 0x07, 0x05, 0x07, 0x04, 0x07, 0x03, 0x07, 0x02,
  0x07, 0x01, 0x07, 0x00, 0x07, 0x01, 0x07, 0x02, 0x07, 0x03, 0x07, 0x04,
  0x07, 0x05, 0x07, 0x06, 0x07, 0x07, 0x07, 0x08, 0x08, 0x08, 0x08, 0x07,
  0x08, 0x06, 0x08, 0x05, 0x08, 0x04, 0x08, 0x03, 0x08, 0x02, 0x08, 0x01,
  0x08, 0x00, 0x08, 0x01, 0x08, 0x02, 0x08, 0x03, 0x08, 0x04, 0x08, 0x05,
  0x08, 0x06, 0x08, 0x07, 0x08, 0x08, 0x09, 0x08, 0x09, 0x07, 0x09, 0x06,
  0x09, 0x05, 0x09, 0x04, 0x09, 0x03, 0x09, 0x02, 0x09, 0x01, 0x09, 0x00,
  0x09, 0x01, 0x09, 0x02, 0x09, 0x03, 0x09, 0x04, 0x09, 0x05, 0x09, 0x06,
  0x09, 0x07, 0x09, 0x08, 0x0a, 0x08, 0x0a, 0x07, 0x0a, 0x06, 0x0a, 0x05,
  0x0a, 0x04, 0x0a, 0x03, 0x0a, 0x02, 0x0a, 0x01, 0x0a, 0x00, 0x0a, 0x01,
  0x0a, 0x02, 0x0a, 0x03, 0x0a, 0x04, 0x0a, 0x05, 0x0a, 0x06, 0x0a, 0x07,
  0x0a, 0x08, 0x0b, 0x08, 0x0b, 0x07, 0x0b, 0x06, 0x0b, 0x05, 0x0b, 0x04,
  0x0b, 0x03, 0x0b, 0x02, 0x0b, 0x01, 0x0b, 0x00, 0x0b, 0x01, 0x0b, 0x02,
  0x0b, 0x03, 0x0b, 0x04, 0x0b, 0x05, 0x0b, 0x06, 0x0b, 0x07, 0x0b, 0x08,
  0x0c, 0x08, 0x0c, 0x07, 0x0c, 0x06, 0x0c, 0x05, 0x0c, 0x04, 0x0c, 0x03,
  0x0c, 0x02, 0x0c, 0x01, 0x0c, 0x00, 0x0c, 0x01, 0x0c, 0x02, 0x0c, 0x03,
  0x0c, 0x04, 0x0c, 0x05, 0x0c, 0x06, 0x0c, 0x07, 0x0c, 0x08, 0x0d, 0x08,
  0x0d, 0x07, 0x0d, 0x06, 0x0d, 0x05, 0x0d, 0x04, 0x0d, 0x03, 0x0d, 0x02,
  0x0d, 0x01, 0x0d, 0x00, 0x0d, 0x01, 0x0d, 0x02, 0x0d, 0x03, 0x0d, 0x04,
  0x0d, 0x05, 0x0d, 0x06, 0x0d, 0x07, 0x0d, 0x08, 0x0e, 0x08, 0x0e, 0x07,
  0x0e, 0x06, 0x0e, 0x05, 0x0e, 0x04, 0x0e, 0x03, 0x0e, 0x02, 0x0e, 0x01,
  0x0e, 0x00, 0x0e, 0x01, 0x0e, 0x02, 0x0e, 0x03, 0x0e, 0x04, 0x0e, 0x05,
  0x0e, 0x06, 0x0e, 0x07, 0x0e, 0x08, 0x0f, 0x08, 0x0f, 0x07, 0x0f, 0x06,
  0x0f, 0x05, 0x0f, 0x04, 0x0f, 0x03, 0x0f, 0x02, 0x0f, 0x01, 0x0f, 0x00,
  0x0f, 0x01, 0x0f, 0x02, 0x0f, 0x03, 0x0f, 0x04, 0x0f, 0x05, 0x0f, 0x06,
  0x0f, 0x07, 0x0f, 0x08, 0x0f, 0x09, 0x0f, 0x0a, 0x0f, 0x0b, 0x0f, 0x0c,
  0x0f, 0x0d, 0x0f, 0x0e, 0x0f, 0x0f, 0x0f, 0x10, 0x0f, 0x11, 0x0f, 0x12,
  0x0f, 0x13, 0x0f, 0x14, 0x0f, 0x15, 0x0f, 0x16, 0x0f, 0x17, 0x0f, 0x18,
  0x00, 0x00, 0x00, 0x01, 0x00, 0x02, 0x00, 0x03, 0x00, 0x04, 0x04, 0x04,
  0x04, 0x03, 0x04, 0x02, 0x04, 0x01, 0x04, 0x00, 0x04, 0x01, 0x04, 0x02,
  0x04, 0x03, 0x04, 0x04, 0x05, 0x03, 0x05, 0x02, 0x05, 0x01, 0x05, 0x00,
  0x05, 0x01, 0x05, 0x02, 0x05, 0x03, 0x05, 0x04, 0x06, 0x03, 0x06, 0x02,
  0x06, 0x01, 0x06, 0x00, 0x06, 0x01, 0x06, 0x02, 0x06, 0x03, 0x06, 0x04,
  0x07, 0x03, 0x07, 0x02, 0x07, 0x01, 0x07, 0x00, 0x07, 0x01, 0x07, 0x02,
  0x07, 0x03, 0x07, 0x04, 0x08, 0x04, 0x08, 0x03, 0x08, 0x02, 0x08, 0x01,
  0x08, 0x00, 0x08, 0x01, 0x08, 0x02, 0x08, 0x03, 0x08, 0x04, 0x09, 0x03,
  0x09, 0x02, 0x09, 0x01, 0x09, 0x00, 0x09, 0x01, 0x09, 0x02, 0x09, 0x03,
  0x09, 0x04, 0x0a, 0x03, 0x0a, 0x02, 0x0a, 0x01, 0x0a, 0x00, 0x0a, 0x01,
  0x0a, 0x02, 0x0a, 0x03, 0x0a, 0x04, 0x0b, 0x03, 0x0b, 0x02, 0x0b, 0x01,
  0x0b, 0x00, 0x0b, 0x01, 0x0b, 0x02, 0x0b, 0x03, 0x0b, 0x04, 0x0c, 0x04,
  0x0c, 0x03, 0x0c, 0x02, 0x0c, 0x01, 0x0c, 0x00, 0x0c, 0x01, 0x0c, 0x02,
  0x0c, 0x03, 0x0c, 0x04, 0x0d, 0x03, 0x0d, 0x02, 0x0d, 0x01, 0x0d, 0x00,
  0x0d, 0x01, 0x0d, 0x02, 0x0d, 0x03, 0x0d, 0x04, 0x0e, 0x03, 0x0e, 0x02,
  0x0e, 0x01, 0x0e, 0x00, 0x0e, 0x01, 0x0e, 0x02, 0x0e, 0x03, 0x0e, 0x04,
  0x0f, 0x03, 0x0f, 0x02, 0x0f, 0x01, 0x0f, 0x00, 0x0f, 0x01, 0x0f, 0x02,
  0x0f, 0x03, 0x0f, 0x04, 0x10, 0x04, 0x10, 0x03, 0x10, 0x02, 0x10, 0x01,
  0x10, 0x00, 0x10, 0x01, 0x10, 0x02, 0x10, 0x03, 0x10, 0x04, 0x11, 0x03,
  0x11, 0x02, 0x11, 0x01, 0x11, 0x00, 0x11, 0x01, 0x11, 0x02, 0x11, 0x03,
  0x11, 0x04, 0x12, 0x03, 0x12, 0x02, 0x12, 0x01, 0x12, 0x00, 0x12, 0x01,
  0x12, 0x02, 0x12, 0x03, 0x12, 0x04, 0x13, 0x03, 0x13, 0x02, 0x13, 0x01,
  0x13, 0x00, 0x13, 0x01, 0x13, 0x02, 0x13, 0x03, 0x13, 0x04, 0x14, 0x04,
  0x14, 0x03, 0x14, 0x02, 0x14, 0x01, 0x14, 0x00, 0x14, 0x01, 0x14, 0x02,
  0x14, 0x03, 0x14, 0x04, 0x15, 0x03, 0x15, 0x02, 0x15, 0x01, 0x15, 0x00,
  0x15, 0x01, 0x15, 0x02, 0x15, 0x03, 0x15, 0x04, 0x16, 0x03, 0x16, 0x02,
  0x16, 0x01, 0x16, 0x00, 0x16, 0x01, 0x16, 0x02, 0x16, 0x03, 0x16, 0x04,
  0x17, 0x03, 0x17, 0x02, 0x17, 0x01, 0x17, 0x00, 0x17, 0x01, 0x17, 0x02,
  0x17, 0x03, 0x17, 0x04, 0x18, 0x04, 0x18, 0x03, 0x18, 0x02, 0x18, 0x01,
  0x18, 0x00, 0x18, 0x01, 0x18, 0x02, 0x18, 0x03, 0x18, 0x04, 0x19, 0x03,
  0x19, 0x02, 0x19, 0x01, 0x19, 0x00, 0x19, 0x01, 0x19, 0x02, 0x19, 0x03,
  0x19, 0x04, 0x1a, 0x03, 0x1a, 0x02, 0x1a, 0x01, 0x1a, 0x00, 0x1a, 0x01,
  0x1a, 0x02, 0x1a, 0x03, 0x1a, 0x04, 0x1b, 0x03, 0x1b, 0x02, 0x1b, 0x01,
  0x1b, 0x00, 0x1b, 0x01, 0x1b, 0x02, 0x1b, 0x03, 0x1b, 0x04, 0x1c, 0x04,
  0x1c, 0x03, 0x1c, 0x02, 0x1c, 0x01, 0x1c, 0x00, 0x1c, 0x01, 0x1c, 0x02,
  0x1c, 0x03, 0x1c, 0x04, 0x1d, 0x03, 0x1d, 0x02, 0x1d, 0x01, 0x1d, 0x00,
  0x1d, 0x01, 0x1d, 0x02, 0x1d, 0x03, 0x1d, 0x04, 0x1e, 0x03, 0x1e, 0x02,
  0x1e, 0x01, 0x1e, 0x00, 0x1e, 0x01, 0x1e, 0x02, 0x1e, 0x03, 0x1e, 0x04,
  0x1f, 0x03, 0x1f, 0x02, 0x1f, 0x01, 0x1f, 0x00, 0x1f, 0x01, 0x1f, 0x02,
  0x1f, 0x03, 0x1f, 0x04, 0x1f, 0x05, 0x1f, 0x06, 0x1f, 0x07, 0x1f, 0x08,
  0x1f, 0x09, 0x1f, 0x0a, 0x1f, 0x0b, 0x1f, 0x0c, 0x1f, 0x0d, 0x1f, 0x0e,
  0x1f, 0x0f, 0x1f, 0x10, 0x1f, 0x11, 0x1f, 0x12, 0x1f, 0x13, 0x1f, 0x14,
  0x1f, 0x15, 0x1f, 0x16, 0x1f, 0x17, 0x1f, 0x18, 0x00, 0x00, 0x02, 0x00,
  0x02, 0x01, 0x02, 0x02, 0x02, 0x03, 0x02, 0x04, 0x02, 0x05, 0x02, 0x06,
  0x02, 0x07, 0x02, 0x08, 0x03, 0x08, 0x03, 0x07, 0x03, 0x06, 0x03, 0x05,
  0x03, 0x04, 0x03, 0x03, 0x03, 0x02, 0x03, 0x01, 0x03, 0x00, 0x03, 0x01,
  0x03, 0x02, 0x03, 0x03, 0x03, 0x04, 0x03, 0x05, 0x03, 0x06, 0x03, 0x07,
  0x03, 0x08, 0x04, 0x08, 0x04, 0x07, 0x04, 0x06, 0x04, 0x05, 0x04, 0x04,
  0x04, 0x03, 0x04, 0x02, 0x04, 0x01, 0x04, 0x00, 0x04, 0x01, 0x04, 0x02,
  0x04, 0x03, 0x04, 0x04, 0x04, 0x05, 0x04, 0x06, 0x04, 0x07, 0x04, 0x08,
  0x05, 0x08, 0x05, 0x07, 0x05, 0x06, 0x05, 0x05, 0x05, 0x04, 0x05, 0x03,
  0x05, 0x02, 0x05, 0x01, 0x05, 0x00, 0x05, 0x01, 0x05, 0x02, 0x05, 0x03,
  0x05, 0x04, 0x05, 0x05, 0x05, 0x06, 0x05, 0x07, 0x05, 0x08, 0x06, 0x08,
  0x06, 0x07, 0x06, 0x06, 0x06, 0x05, 0x06, 0x04, 0x06, 0x03, 0x06, 0x02,
  0x06, 0x01, 0x06, 0x00, 0x06, 0x01, 0x06, 0x02, 0x06, 0x03, 0x06, 0x04,
  0x06, 0x05, 0x06, 0x06, 0x06, 0x07, 0x06, 0x08, 0x07, 0x08, 0x07, 0x07,
  0x07, 0x06, 0x07, 0x05, 0x07, 0x04, 0x07, 0x03, 0x07, 0x02, 0x07, 0x01,
  0x07, 0x00, 0x07, 0x01, 0x07, 0x02, 0x07, 0x03, 0x07, 0x04, 0x07, 0x05,
  0x07, 0x06, 0x07, 0x07, 0x07, 0x08, 0x08, 0x08, 0x08, 0x07, 0x08, 0x06,
  0x08, 0x05, 0x08, 0x04, 0x08, 0x03, 0x08, 0x02, 0x08, 0x01, 0x08, 0x00,
  0x08, 0x01, 0x08, 0x02, 0x08, 0x03, 0x08, 0x04, 0x08, 0x05, 0x08, 0x06,
  0x08, 0x07, 0x08, 0x08, 0x09, 0x08, 0x09, 0x07, 0x09, 0x06, 0x09, 0x05,
  0x09, 0x04, 0x09, 0x03, 0x09, 0x02, 0x09, 0x01, 0x09, 0x00, 0x09, 0x01,
  0x09, 0x02, 0x09, 0x03, 0x09, 0x04, 0x09, 0x05, 0x09, 0x06, 0x09, 0x07,
  0x09, 0x08, 0x0a, 0x08, 0x0a, 0x07, 0x0a, 0x06, 0x0a, 0x05, 0x0a, 0x04,
  0x0a, 0x03, 0x0a, 0x02, 0x0a, 0x01, 0x0a, 0x00, 0x0a, 0x01, 0x0a, 0x02,
  0x0a, 0x03, 0x0a, 0x04, 0x0a, 0x05, 0x0a, 0x06, 0x0a, 0x07, 0x0a, 0x08,
  0x0b, 0x08, 0x0b, 0x07, 0x0b, 0x06, 0x0b, 0x05, 0x0b, 0x04, 0x0b, 0x03,
  0x0b, 0x02, 0x0b, 0x01, 0x0b, 0x00, 0x0b, 0x01, 0x0b, 0x02, 0x0b, 0x03,
  0x0b, 0x04, 0x0b, 0x05, 0x0b, 0x06, 0x0b, 0x07, 0x0b, 0x08, 0x0c, 0x08,
  0x0c, 0x07, 0x0c, 0x06, 0x0c, 0x05, 0x0c, 0x04, 0x0c, 0x03, 0x0c, 0x02,
  0x0c, 0x01, 0x0c, 0x00, 0x0c, 0x01, 0x0c, 0x02, 0x0c, 0x03, 0x0c, 0x04,
  0x0c, 0x05, 0x0c, 0x06, 0x0c, 0x07, 0x0c, 0x08, 0x0d, 0x08, 0x0d, 0x07,
  0x0d, 0x06, 0x0d, 0x05, 0x0d, 0x04, 0x0d, 0x03, 0x0d, 0x02, 0x0d, 0x01,
  0x0d, 0x00, 0x0d, 0x01, 0x0d, 0x02, 0x0d, 0x03, 0x0d, 0x04, 0x0d, 0x05,
  0x0d, 0x06, 0x0d, 0x07, 0x0d, 0x08, 0x0e, 0x08, 0x0e, 0x07, 0x0e, 0x06,
  0x0e, 0x05, 0x0e, 0x04, 0x0e, 0x03, 0x0e, 0x02, 0x0e, 0x01, 0x0e, 0x00,
  0x0e, 0x01, 0x0e, 0x02, 0x0e, 0x03, 0x0e, 0x04, 0x0e, 0x05, 0x0e, 0x06,
  0x0e, 0x07, 0x0e, 0x08, 0x0f, 0x08, 0x0f, 0x07, 0x0f, 0x06, 0x0f, 0x05,
  0x0f, 0x04, 0x0f, 0x03, 0x0f, 0x02, 0x0f, 0x01, 0x0f, 0x00, 0x0f, 0x01,
  0x0f, 0x02, 0x0f, 0x03, 0x0f, 0x04, 0x0f, 0x05, 0x0f, 0x06, 0x0f, 0x07,
  0x0f, 0x08, 0x0f, 0x09, 0x0f, 0x0a, 0x0f, 0x0b, 0x0f, 0x0c, 0x0f, 0x0d,
  0x0f, 0x0e, 0x0f, 0x0f, 0x0f, 0x10, 0x0f, 0x11, 0x0f, 0x12, 0x0f, 0x13,
  0x0f, 0x14, 0x0f, 0x15, 0x0f, 0x16, 0x0f, 0x17, 0x0f, 0x18, 0x0f, 0x19,
  0x0f, 0x1a, 0x0f, 0x1b, 0x0f, 0x1c, 0x0f, 0x1d, 0x0f, 0x1e, 0x0f, 0x1f,
  0x0f, 0x20, 0x0f, 0x21, 0x00, 0x00, 0x00, 0x01, 0x00, 0x02, 0x00, 0x03,
  0x00, 0x04, 0x05, 0x03, 0x05, 0x02, 0x05, 0x01, 0x05, 0x00, 0x05, 0x01,
  0x05, 0x02, 0x05, 0x03, 0x05, 0x04, 0x06, 0x03, 0x06, 0x02, 0x06, 0x01,
  0x06, 0x00, 0x06, 0x01, 0x06, 0x02, 0x06, 0x03, 0x06, 0x04, 0x07, 0x03,
  0x07, 0x02, 0x07, 0x01, 0x07, 0x00, 0x07, 0x01, 0x07, 0x02, 0x07, 0x03,
  0x07, 0x04, 0x08, 0x04, 0x08, 0x03, 0x08, 0x02, 0x08, 0x01, 0x08, 0x00,
  0x08, 0x01, 0x08, 0x02, 0x08, 0x03, 0x08, 0x04, 0x09, 0x03, 0x09, 0x02,
  0x09, 0x01, 0x09, 0x00, 0x09, 0x01, 0x09, 0x02, 0x09, 0x03, 0x09, 0x04,
  0x0a, 0x03, 0x0a, 0x02, 0x0a, 0x01, 0x0a, 0x00, 0x0a, 0x01, 0x0a, 0x02,
  0x0a, 0x03, 0x0a, 0x04, 0x0b, 0x03, 0x0b, 0x02, 0x0b, 0x01, 0x0b, 0x00,
  0x0b, 0x01, 0x0b, 0x02, 0x0b, 0x03, 0x0b, 0x04, 0x0c, 0x04, 0x0c, 0x03,
  0x0c, 0x02, 0x0c, 0x01, 0x0c, 0x00, 0x0c, 0x01, 0x0c, 0x02, 0x0c, 0x03,
  0x0c, 0x04, 0x0d, 0x03, 0x0d, 0x02, 0x0d, 0x01, 0x0d, 0x00, 0x0d, 0x01,
  0x0d, 0x02, 0x0d, 0x03, 0x0d, 0x04, 0x0e, 0x03, 0x0e, 0x02, 0x0e, 0x01,
  0x0e, 0x00, 0x0e, 0x01, 0x0e, 0x02, 0x0e, 0x03, 0x0e, 0x04, 0x0f, 0x03,
  0x0f, 0x02, 0x0f, 0x01, 0x0f, 0x00, 0x0f, 0x01, 0x0f, 0x02, 0x0f, 0x03,
  0x0f, 0x04, 0x10, 0x04, 0x10, 0x03, 0x10, 0x02, 0x10, 0x01, 0x10, 0x00,
  0x10, 0x01, 0x10, 0x02, 0x10, 0x03, 0x10, 0x04, 0x11, 0x03, 0x11, 0x02,
  0x11, 0x01, 0x11, 0x00, 0x11, 0x01, 0x11, 0x02, 0x11, 0x03, 0x11, 0x04,
  0x12, 0x03, 0x12, 0x02, 0x12, 0x01, 0x12, 0x00, 0x12, 0x01, 0x12, 0x02,
  0x12, 0x03, 0x12, 0x04, 0x13, 0x03, 0x13, 0x02, 0x13, 0x01, 0x13, 0x00,
  0x13, 0x01, 0x13, 0x02, 0x13, 0x03, 0x13, 0x04, 0x14, 0x04, 0x14, 0x03,
  0x14, 0x02, 0x14, 0x01, 0x14, 0x00, 0x14, 0x01, 0x14, 0x02, 0x14, 0x03,
  0x14, 0x04, 0x15, 0x03, 0x15, 0x02, 0x15, 0x01, 0x15, 0x00, 0x15, 0x01,
  0x15, 0x02, 0x15, 0x03, 0x15, 0x04, 0x16, 0x03, 0x16, 0x02, 0x16, 0x01,
  0x16, 0x00, 0x16, 0x01, 0x16, 0x02, 0x16, 0x03, 0x16, 0x04, 0x17, 0x03,
  0x17, 0x02, 0x17, 0x01, 0x17, 0x00, 0x17, 0x01, 0x17, 0x02, 0x17, 0x03,
  0x17, 0x04, 0x18, 0x04, 0x18, 0x03, 0x18, 0x02, 0x18, 0x01, 0x18, 0x00,
  0x18, 0x01, 0x18, 0x02, 0x18, 0x03, 0x18, 0x04, 0x19, 0x03, 0x19, 0x02,
  0x19, 0x01, 0x19, 0x00, 0x19, 0x01, 0x19, 0x02, 0x19, 0x03, 0x19, 0x04,
  0x1a, 0x03, 0x1a, 0x02, 0x1a, 0x01, 0x1a, 0x00, 0x1a, 0x01, 0x1a, 0x02,
  0x1a, 0x03, 0x1a, 0x04, 0x1b, 0x03, 0x1b, 0x02, 0x1b, 0x01, 0x1b, 0x00,
  0x1b, 0x01, 0x1b, 0x02, 0x1b, 0x03, 0x1b, 0x04, 0x1c, 0x04, 0x1c, 0x03,
  0x1c, 0x02, 0x1c, 0x01, 0x1c, 0x00, 0x1c, 0x01, 0x1c, 0x02, 0x1c, 0x03,
  0x1c, 0x04, 0x1d, 0x03, 0x1d, 0x02, 0x1d, 0x01, 0x1d, 0x00, 0x1d, 0x01,
  0x1d, 0x02, 0x1d, 0x03, 0x1d, 0x04, 0x1e, 0x03, 0x1e, 0x02, 0x1e, 0x01,
  0x1e, 0x00, 0x1e, 0x01, 0x1e, 0x02, 0x1e, 0x03, 0x1e, 0x04, 0x1f, 0x03,
  0x1f, 0x02, 0x1f, 0x01, 0x1f, 0x00, 0x1f, 0x01, 0x1f, 0x02, 0x1f, 0x03,
  0x1f, 0x04, 0x1f, 0x05, 0x1f, 0x06, 0x1f, 0x07, 0x1f, 0x08, 0x1f, 0x09,
  0x1f, 0x0a, 0x1f, 0x0b, 0x1f, 0x0c, 0x1f, 0x0d, 0x1f, 0x0e, 0x1f, 0x0f,
  0x1f, 0x10, 0x1f, 0x11, 0x1f, 0x12, 0x1f, 0x13, 0x1f, 0x14, 0x1f, 0x15,
  0x1f, 0x16, 0x1f, 0x17, 0x1f, 0x18, 0x1f, 0x19, 0x1f, 0x1a, 0x1f, 0x1b,
  0x1f, 0x1c, 0x1f, 0x1d, 0x1f, 0x1e, 0x1f, 0x1f, 0x1f, 0x20, 0x1f, 0x21,
  0x00, 0x00, 0x00, 0x01, 0x00, 0x02, 0x03, 0x01, 0x03, 0x00, 0x03, 0x01,
  0x03, 0x02, 0x03, 0x03, 0x03, 0x04, 0x03, 0x05, 0x03, 0x06, 0x03, 0x07,
  0x03, 0x08, 0x04, 0x08, 0x04, 0x07, 0x04, 0x06, 0x04, 0x05, 0x04, 0x04,
  0x04, 0x03, 0x04, 0x02, 0x04, 0x01, 0x04, 0x00, 0x04, 0x01, 0x04, 0x02,
  0x04, 0x03, 0x04, 0x04, 0x04, 0x05, 0x04, 0x06, 0x04, 0x07, 0x04, 0x08,
  0x05, 0x08, 0x05, 0x07, 0x05, 0x06, 0x05, 0x05, 0x05, 0x04, 0x05, 0x03,
  0x05, 0x02, 0x05, 0x01, 0x05, 0x00, 0x05, 0x01, 0x05, 0x02, 0x05, 0x03,
  0x05, 0x04, 0x05, 0x05, 0x05, 0x06, 0x05, 0x07, 0x05, 0x08, 0x06, 0x08,
  0x06, 0x07, 0x06, 0x06, 0x06, 0x05, 0x06, 0x04, 0x06, 0x03, 0x06, 0x02,
  0x06, 0x01, 0x06, 0x00, 0x06, 0x01, 0x06, 0x02, 0x06, 0x03, 0x06, 0x04,
  0x06, 0x05, 0x06, 0x06, 0x06, 0x07, 0x06, 0x08, 0x07, 0x08, 0x07, 0x07,
  0x07, 0x06, 0x07, 0x05, 0x07, 0x04, 0x07, 0x03, 0x07, 0x02, 0x07, 0x01,
  0x07, 0x00, 0x07, 0x01, 0x07, 0x02, 0x07, 0x03, 0x07, 0x04, 0x07, 0x05,
  0x07, 0x06, 0x07, 0x07, 0x07, 0x08, 0x08, 0x08, 0x08, 0x07, 0x08, 0x06,
  0x08, 0x05, 0x08, 0x04, 0x08, 0x03, 0x08, 0x02, 0x08, 0x01, 0x08, 0x00,
  0x08, 0x01, 0x08, 0x02, 0x08, 0x03, 0x08, 0x04, 0x08, 0x05, 0x08, 0x06,
  0x08, 0x07, 0x08, 0x08, 0x09, 0x08, 0x09, 0x07, 0x09, 0x06, 0x09, 0x05,
  0x09, 0x04, 0x09, 0x03, 0x09, 0x02, 0x09, 0x01, 0x09, 0x00, 0x09, 0x01,
  0x09, 0x02, 0x09, 0x03, 0x09, 0x04, 0x09, 0x05, 0x09, 0x06, 0x09, 0x07,
  0x09, 0x08, 0x0a, 0x08, 0x0a, 0x07, 0x0a, 0x06, 0x0a, 0x05, 0x0a, 0x04,
  0x0a, 0x03, 0x0a, 0x02, 0x0a, 0x01, 0x0a, 0x00, 0x0a, 0x01, 0x0a, 0x02,
  0x0a, 0x03, 0x0a, 0x04, 0x0a, 0x05, 0x0a, 0x06, 0x0a, 0x07, 0x0a, 0x08,
  0x0b, 0x08, 0x0b, 0x07, 0x0b, 0x06, 0x0b, 0x05, 0x0b, 0x04, 0x0b, 0x03,
  0x0b, 0x02, 0x0b, 0x01, 0x0b, 0x00, 0x0b, 0x01, 0x0b, 0x02, 0x0b, 0x03,
  0x0b, 0x04, 0x0b, 0x05, 0x0b, 0x06, 0x0b, 0x07, 0x0b, 0x08, 0x0c, 0x08,
  0x0c, 0x07, 0x0c, 0x06, 0x0c, 0x05, 0x0c, 0x04, 0x0c, 0x03, 0x0c, 0x02,
  0x0c, 0x01, 0x0c, 0x00, 0x0c, 0x01, 0x0c, 0x02, 0x0c, 0x03, 0x0c, 0x04,
  0x0c, 0x05, 0x0c, 0x06, 0x0c, 0x07, 0x0c, 0x08, 0x0d, 0x08, 0x0d, 0x07,
  0x0d, 0x06, 0x0d, 0x05, 0x0d, 0x04, 0x0d, 0x03, 0x0d, 0x02, 0x0d, 0x01,
  0x0d, 0x00, 0x0d, 0x01, 0x0d, 0x02, 0x0d, 0x03, 0x0d, 0x04, 0x0d, 0x05,
  0x0d, 0x06, 0x0d, 0x07, 0x0d, 0x08, 0x0e, 0x08, 0x0e, 0x07, 0x0e, 0x06,
  0x0e, 0x05, 0x0e, 0x04, 0x0e, 0x03, 0x0e, 0x02, 0x0e, 0x01, 0x0e, 0x00,
  0x0e, 0x01, 0x0e, 0x02, 0x0e, 0x03, 0x0e, 0x04, 0x0e, 0x05, 0x0e, 0x06,
  0x0e, 0x07, 0x0e, 0x08, 0x0f, 0x08, 0x0f, 0x07, 0x0f, 0x06, 0x0f, 0x05,
  0x0f, 0x04, 0x0f, 0x03, 0x0f, 0x02, 0x0f, 0x01, 0x0f, 0x00, 0x0f, 0x01,
  0x0f, 0x02, 0x0f, 0x03, 0x0f, 0x04, 0x0f, 0x05, 0x0f, 0x06, 0x0f, 0x07,
  0x0f, 0x08, 0x0f, 0x09, 0x0f, 0x0a, 0x0f, 0x0b, 0x0f, 0x0c, 0x0f, 0x0d,
  0x0f, 0x0e, 0x0f, 0x0f, 0x0f, 0x10, 0x0f, 0x11, 0x0f, 0x12, 0x0f, 0x13,
  0x0f, 0x14, 0x0f, 0x15, 0x0f, 0x16, 0x0f, 0x17, 0x0f, 0x18, 0x0f, 0x19,
  0x0f, 0x1a, 0x0f, 0x1b, 0x0f, 0x1c, 0x0f, 0x1d, 0x0f, 0x1e, 0x0f, 0x1f,
  0x0f, 0x20, 0x0f, 0x21, 0x0f, 0x22, 0x0f, 0x23, 0x0f, 0x24, 0x0f, 0x25,
  0x0f, 0x26, 0x0f, 0x27, 0x0f, 0x28, 0x0f, 0x29, 0x0f, 0x2a, 0x0f, 0x2b,
  0x0f, 0x2c, 0x0f, 0x2d, 0x0f, 0x2e, 0x0f, 0x2f, 0x00, 0x00, 0x00, 0x01,
  0x06, 0x00, 0x06, 0x01, 0x06, 0x02, 0x06, 0x03, 0x06, 0x04, 0x07, 0x03,
  0x07, 0x02, 0x07, 0x01, 0x07, 0x00, 0x07, 0x01, 0x07, 0x02, 0x07, 0x03,
  0x07, 0x04, 0x08, 0x04, 0x08, 0x03, 0x08, 0x02, 0x08, 0x01, 0x08, 0x00,
  0x08, 0x01, 0x08, 0x02, 0x08, 0x03, 0x08, 0x04, 0x09, 0x03, 0x09, 0x02,
  0x09, 0x01, 0x09, 0x00, 0x09, 0x01, 0x09, 0x02, 0x09, 0x03, 0x09, 0x04,
  0x0a, 0x03, 0x0a, 0x02, 0x0a, 0x01, 0x0a, 0x00, 0x0a, 0x01, 0x0a, 0x02,
  0x0a, 0x03, 0x0a, 0x04, 0x0b, 0x03, 0x0b, 0x02, 0x0b, 0x01, 0x0b, 0x00,
  0x0b, 0x01, 0x0b, 0x02, 0x0b, 0x03, 0x0b, 0x04, 0x0c, 0x04, 0x0c, 0x03,
  0x0c, 0x02, 0x0c, 0x01, 0x0c, 0x00, 0x0c, 0x01, 0x0c, 0x02, 0x0c, 0x03,
  0x0c, 0x04, 0x0d, 0x03, 0x0d, 0x02, 0x0d, 0x01, 0x0d, 0x00, 0x0d, 0x01,
  0x0d, 0x02, 0x0d, 0x03, 0x0d, 0x04, 0x0e, 0x03, 0x0e, 0x02, 0x0e, 0x01,
  0x0e, 0x00, 0x0e, 0x01, 0x0e, 0x02, 0x0e, 0x03, 0x0e, 0x04, 0x0f, 0x03,
  0x0f, 0x02, 0x0f, 0x01, 0x0f, 0x00, 0x0f, 0x01, 0x0f, 0x02, 0x0f, 0x03,
  0x0f, 0x04, 0x10, 0x04, 0x10, 0x03, 0x10, 0x02, 0x10, 0x01, 0x10, 0x00,
  0x10, 0x01, 0x10, 0x02, 0x10, 0x03, 0x10, 0x04, 0x11, 0x03, 0x11, 0x02,
  0x11, 0x01, 0x11, 0x00, 0x11, 0x01, 0x11, 0x02, 0x11, 0x03, 0x11, 0x04,
  0x12, 0x03, 0x12, 0x02, 0x12, 0x01, 0x12, 0x00, 0x12, 0x01, 0x12, 0x02,
  0x12, 0x03, 0x12, 0x04, 0x13, 0x03, 0x13, 0x02, 0x13, 0x01, 0x13, 0x00,
  0x13, 0x01, 0x13, 0x02, 0x13, 0x03, 0x13, 0x04, 0x14, 0x04, 0x14, 0x03,
  0x14, 0x02, 0x14, 0x01, 0x14, 0x00, 0x14, 0x01, 0x14, 0x02, 0x14, 0x03,
  0x14, 0x04, 0x15, 0x03, 0x15, 0x02, 0x15, 0x01, 0x15, 0x00, 0x15, 0x01,
  0x15, 0x02, 0x15, 0x03, 0x15, 0x04, 0x16, 0x03, 0x16, 0x02, 0x16, 0x01,
  0x16, 0x00, 0x16, 0x01, 0x16, 0x02, 0x16, 0x03, 0x16, 0x04, 0x17, 0x03,
  0x17, 0x02, 0x17, 0x01, 0x17, 0x00, 0x17, 0x01, 0x17, 0x02, 0x17, 0x03,
  0x17, 0x04, 0x18, 0x04, 0x18, 0x03, 0x18, 0x02, 0x18, 0x01, 0x18, 0x00,
  0x18, 0x01, 0x18, 0x02, 0x18, 0x03, 0x18, 0x04, 0x19, 0x03, 0x19, 0x02,
  0x19, 0x01, 0x19, 0x00, 0x19, 0x01, 0x19, 0x02, 0x19, 0x03, 0x19, 0x04,
  0x1a, 0x03, 0x1a, 0x02, 0x1a, 0x01, 0x1a, 0x00, 0x1a, 0x01, 0x1a, 0x02,
  0x1a, 0x03, 0x1a, 0x04, 0x1b, 0x03, 0x1b, 0x02, 0x1b, 0x01, 0x1b, 0x00,
  0x1b, 0x01, 0x1b, 0x02, 0x1b, 0x03, 0x1b, 0x04, 0x1c, 0x04, 0x1c, 0x03,
  0x1c, 0x02, 0x1c, 0x01, 0x1c, 0x00, 0x1c, 0x01, 0x1c, 0x02, 0x1c, 0x03,
  0x1c, 0x04, 0x1d, 0x03, 0x1d, 0x02, 0x1d, 0x01, 0x1d, 0x00, 0x1d, 0x01,
  0x1d, 0x02, 0x1d, 0x03, 0x1d, 0x04, 0x1e, 0x03, 0x1e, 0x02, 0x1e, 0x01,
  0x1e, 0x00, 0x1e, 0x01, 0x1e, 0x02, 0x1e, 0x03, 0x1e, 0x04, 0x1f, 0x03,
  0x1f, 0x02, 0x1f, 0x01, 0x1f, 0x00, 0x1f, 0x01, 0x1f, 0x02, 0x1f, 0x03,
  0x1f, 0x04, 0x1f, 0x05, 0x1f, 0x06, 0x1f, 0x07, 0x1f, 0x08, 0x1f, 0x09,
  0x1f, 0x0a, 0x1f, 0x0b, 0x1f, 0x0c, 0x1f, 0x0d, 0x1f, 0x0e, 0x1f, 0x0f,
  0x1f, 0x10, 0x1f, 0x11, 0x1f, 0x12, 0x1f, 0x13, 0x1f, 0x14, 0x1f, 0x15,
  0x1f, 0x16, 0x1f, 0x17, 0x1f, 0x18, 0x1f, 0x19, 0x1f, 0x1a, 0x1f, 0x1b,
  0x1f, 0x1c, 0x1f, 0x1d, 0x1f, 0x1e, 0x1f, 0x1f, 0x1f, 0x20, 0x1f, 0x21,
  0x1f, 0x22, 0x1f, 0x23, 0x1f, 0x24, 0x1f, 0x25, 0x1f, 0x26, 0x1f, 0x27,
  0x1f, 0x28, 0x1f, 0x29, 0x1f, 0x2a, 0x1f, 0x2b, 0x1f, 0x2c, 0x1f, 0x2d,
  0x1f, 0x2e, 0x1f, 0x2f, 0x00, 0x02, 0x00, 0x01, 0x00, 0x00, 0x00, 0x01,
  0x00, 0x02, 0x00, 0x03, 0x00, 0x04, 0x00, 0x05, 0x00, 0x06, 0x00, 0x07,
  0x00, 0x08, 0x01, 0x08, 0x01, 0x07, 0x01, 0x06, 0x01, 0x05, 0x01, 0x04,
  0x01, 0x03, 0x01, 0x02, 0x01, 0x01, 0x01, 0x00, 0x01, 0x01, 0x01, 0x02,
  0x01, 0x03, 0x01, 0x04, 0x01, 0x05, 0x01, 0x06, 0x01, 0x07, 0x01, 0x08,
  0x02, 0x08, 0x02, 0x07, 0x02, 0x06, 0x02, 0x05, 0x02, 0x04, 0x02, 0x03,
  0x02, 0x02, 0x02, 0x01, 0x02, 0x00, 0x02, 0x01, 0x02, 0x02, 0x02, 0x03,
  0x02, 0x04, 0x02, 0x05, 0x02, 0x06, 0x02, 0x07, 0x02, 0x08, 0x03, 0x08,
  0x03, 0x07, 0x03, 0x06, 0x03, 0x05, 0x03, 0x04, 0x03, 0x03, 0x03, 0x02,
  0x03, 0x01, 0x03, 0x00, 0x03, 0x01, 0x03, 0x02, 0x03, 0x03, 0x03, 0x04,
  0x03, 0x05, 0x03, 0x06, 0x03, 0x07, 0x03, 0x08, 0x04, 0x08, 0x04, 0x07,
  0x04, 0x06, 0x04, 0x05, 0x04, 0x04, 0x04, 0x03, 0x04, 0x02, 0x04, 0x01,
  0x04, 0x00, 0x04, 0x01, 0x04, 0x02, 0x04, 0x03, 0x04, 0x04, 0x04, 0x05,
  0x04, 0x06, 0x04, 0x07, 0x04, 0x08, 0x05, 0x08, 0x05, 0x07, 0x05, 0x06,
  0x05, 0x05, 0x05, 0x04, 0x05, 0x03, 0x05, 0x02, 0x05, 0x01, 0x05, 0x00,
  0x05, 0x01, 0x05, 0x02, 0x05, 0x03, 0x05, 0x04, 0x05, 0x05, 0x05, 0x06,
  0x05, 0x07, 0x05, 0x08, 0x06, 0x08, 0x06, 0x07, 0x06, 0x06, 0x06, 0x05,
  0x06, 0x04, 0x06, 0x03, 0x06, 0x02, 0x06, 0x01, 0x06, 0x00, 0x06, 0x01,
  0x06, 0x02, 0x06, 0x03, 0x06, 0x04, 0x06, 0x05, 0x06, 0x06, 0x06, 0x07,
  0x06, 0x08, 0x07, 0x08, 0x07, 0x07, 0x07, 0x06, 0x07, 0x05, 0x07, 0x04,
  0x07, 0x03, 0x07, 0x02, 0x07, 0x01, 0x07, 0x00, 0x07, 0x01, 0x07, 0x02,
  0x07, 0x03, 0x07, 0x04, 0x07, 0x05, 0x07, 0x06, 0x07, 0x07, 0x07, 0x08,
  0x08, 0x08, 0x08, 0x07, 0x08, 0x06, 0x08, 0x05, 0x08, 0x04, 0x08, 0x03,
  0x08, 0x02, 0x08, 0x01, 0x08, 0x00, 0x08, 0x01, 0x08, 0x02, 0x08, 0x03,
  0x08, 0x04, 0x08, 0x05, 0x08, 0x06, 0x08, 0x07, 0x08, 0x08, 0x09, 0x08,
  0x09, 0x07, 0x09, 0x06, 0x09, 0x05, 0x09, 0x04, 0x09, 0x03, 0x09, 0x02,
  0x09, 0x01, 0x09, 0x00, 0x09, 0x01, 0x09, 0x02, 0x09, 0x03, 0x09, 0x04,
  0x09, 0x05, 0x09, 0x06, 0x09, 0x07, 0x09, 0x08, 0x0a, 0x08, 0x0a, 0x07,
  0x0a, 0x06, 0x0a, 0x05, 0x0a, 0x04, 0x0a, 0x03, 0x0a, 0x02, 0x0a, 0x01,
  0x0a, 0x00, 0x0a, 0x01, 0x0a, 0x02, 0x0a, 0x03, 0x0a, 0x04, 0x0a, 0x05,
  0x0a, 0x06, 0x0a, 0x07, 0x0a, 0x08, 0x0b, 0x08, 0x0b, 0x07, 0x0b, 0x06,
  0x0b, 0x05, 0x0b, 0x04, 0x0b, 0x03, 0x0b, 0x02, 0x0b, 0x01, 0x0b, 0x00,
  0x0b, 0x01, 0x0b, 0x02, 0x0b, 0x03, 0x0b, 0x04, 0x0b, 0x05, 0x0b, 0x06,
  0x0b, 0x07, 0x0b, 0x08, 0x0c, 0x08, 0x0c, 0x07, 0x0c, 0x06, 0x0c, 0x05,
  0x0c, 0x04, 0x0c, 0x03, 0x0c, 0x02, 0x0c, 0x01, 0x0c, 0x00, 0x0c, 0x01,
  0x0c, 0x02, 0x0c, 0x03, 0x0c, 0x04, 0x0c, 0x05, 0x0c, 0x06, 0x0c, 0x07,
  0x0c, 0x08, 0x0d, 0x08, 0x0d, 0x07, 0x0d, 0x06, 0x0d, 0x05, 0x0d, 0x04,
  0x0d, 0x03, 0x0d, 0x02, 0x0d, 0x01, 0x0d, 0x00, 0x0d, 0x01, 0x0d, 0x02,
  0x0d, 0x03, 0x0d, 0x04, 0x0d, 0x05, 0x0d, 0x06, 0x0d, 0x07, 0x0d, 0x08,
  0x0e, 0x08, 0x0e, 0x07, 0x0e, 0x06, 0x0e, 0x05, 0x0e, 0x04, 0x0e, 0x03,
  0x0e, 0x02, 0x0e, 0x01, 0x0e, 0x00, 0x0e, 0x01, 0x0e, 0x02, 0x0e, 0x03,
  0x0e, 0x04, 0x0e, 0x05, 0x0e, 0x06, 0x0e, 0x07, 0x0f, 0x07, 0x0f, 0x06,
  0x0f, 0x05, 0x0f, 0x04, 0x0f, 0x03, 0x0f, 0x02, 0x0f, 0x01, 0x0f, 0x00,
  0x00, 0x02, 0x00, 0x01, 0x00, 0x00, 0x00, 0x01, 0x00, 0x02, 0x00, 0x03,
  0x00, 0x04, 0x01, 0x03, 0x01, 0x02, 0x01, 0x01, 0x01, 0x00, 0x01, 0x01,
  0x01, 0x02, 0x01, 0x03, 0x01, 0x04, 0x02, 0x03, 0x02, 0x02, 0x02, 0x01,
  0x02, 0x00, 0x02, 0x01, 0x02, 0x02, 0x02, 0x03, 0x02, 0x04, 0x03, 0x03,
  0x03, 0x02, 0x03, 0x01, 0x03, 0x00, 0x03, 0x01, 0x03, 0x02, 0x03, 0x03,
  0x03, 0x04, 0x04, 0x04, 0x04, 0x03, 0x04, 0x02, 0x04, 0x01, 0x04, 0x00,
  0x04, 0x01, 0x04, 0x02, 0x04, 0x03, 0x04, 0x04, 0x05, 0x03, 0x05, 0x02,
  0x05, 0x01, 0x05, 0x00, 0x05, 0x01, 0x05, 0x02, 0x05, 0x03, 0x05, 0x04,
  0x06, 0x03, 0x06, 0x02, 0x06, 0x01, 0x06, 0x00, 0x06, 0x01, 0x06, 0x02,
  0x06, 0x03, 0x06, 0x04, 0x07, 0x03, 0x07, 0x02, 0x07, 0x01, 0x07, 0x00,
  0x07, 0x01, 0x07, 0x02, 0x07, 0x03, 0x07, 0x04, 0x08, 0x04, 0x08, 0x03,
  0x08, 0x02, 0x08, 0x01, 0x08, 0x00, 0x08, 0x01, 0x08, 0x02, 0x08, 0x03,
  0x08, 0x04, 0x09, 0x03, 0x09, 0x02, 0x09, 0x01, 0x09, 0x00, 0x09, 0x01,
  0x09, 0x02, 0x09, 0x03, 0x09, 0x04, 0x0a, 0x03, 0x0a, 0x02, 0x0a, 0x01,
  0x0a, 0x00, 0x0a, 0x01, 0x0a, 0x02, 0x0a, 0x03, 0x0a, 0x04, 0x0b, 0x03,
  0x0b, 0x02, 0x0b, 0x01, 0x0b, 0x00, 0x0b, 0x01, 0x0b, 0x02, 0x0b, 0x03,
  0x0b, 0x04, 0x0c, 0x04, 0x0c, 0x03, 0x0c, 0x02, 0x0c, 0x01, 0x0c, 0x00,
  0x0c, 0x01, 0x0c, 0x02, 0x0c, 0x03, 0x0c, 0x04, 0x0d, 0x03, 0x0d, 0x02,
  0x0d, 0x01, 0x0d, 0x00, 0x0d, 0x01, 0x0d, 0x02, 0x0d, 0x03, 0x0d, 0x04,
  0x0e, 0x03, 0x0e, 0x02, 0x0e, 0x01, 0x0e, 0x00, 0x0e, 0x01, 0x0e, 0x02,
  0x0e, 0x03, 0x0e, 0x04, 0x0f, 0x03, 0x0f, 0x02, 0x0f, 0x01, 0x0f, 0x00,
  0x0f, 0x01, 0x0f, 0x02, 0x0f, 0x03, 0x0f, 0x04, 0x10, 0x04, 0x10, 0x03,
  0x10, 0x02, 0x10, 0x01, 0x10, 0x00, 0x10, 0x01, 0x10, 0x02, 0x10, 0x03,
  0x10, 0x04, 0x11, 0x03, 0x11, 0x02, 0x11, 0x01, 0x11, 0x00, 0x11, 0x01,
  0x11, 0x02, 0x11, 0x03, 0x11, 0x04, 0x12, 0x03, 0x12, 0x02, 0x12, 0x01,
  0x12, 0x00, 0x12, 0x01, 0x12, 0x02, 0x12, 0x03, 0x12, 0x04, 0x13, 0x03,
  0x13, 0x02, 0x13, 0x01, 0x13, 0x00, 0x13, 0x01, 0x13, 0x02, 0x13, 0x03,
  0x13, 0x04, 0x14, 0x04, 0x14, 0x03, 0x14, 0x02, 0x14, 0x01, 0x14, 0x00,
  0x14, 0x01, 0x14, 0x02, 0x14, 0x03, 0x14, 0x04, 0x15, 0x03, 0x15, 0x02,
  0x15, 0x01, 0x15, 0x00, 0x15, 0x01, 0x15, 0x02, 0x15, 0x03, 0x15, 0x04,
  0x16, 0x03, 0x16, 0x02, 0x16, 0x01, 0x16, 0x00, 0x16, 0x01, 0x16, 0x02,
  0x16, 0x03, 0x16, 0x04, 0x17, 0x03, 0x17, 0x02, 0x17, 0x01, 0x17, 0x00,
  0x17, 0x01, 0x17, 0x02, 0x17, 0x03, 0x17, 0x04, 0x18, 0x04, 0x18, 0x03,
  0x18, 0x02, 0x18, 0x01, 0x18, 0x00, 0x18, 0x01, 0x18, 0x02, 0x18, 0x03,
  0x18, 0x04, 0x19, 0x03, 0x19, 0x02, 0x19, 0x01, 0x19, 0x00, 0x19, 0x01,
  0x19, 0x02, 0x19, 0x03, 0x19, 0x04, 0x1a, 0x03, 0x1a, 0x02, 0x1a, 0x01,
  0x1a, 0x00, 0x1a, 0x01, 0x1a, 0x02, 0x1a, 0x03, 0x1a, 0x04, 0x1b, 0x03,
  0x1b, 0x02, 0x1b, 0x01, 0x1b, 0x00, 0x1b, 0x01, 0x1b, 0x02, 0x1b, 0x03,
  0x1b, 0x04, 0x1c, 0x04, 0x1c, 0x03, 0x1c, 0x02, 0x1c, 0x01, 0x1c, 0x00,
  0x1c, 0x01, 0x1c, 0x02, 0x1c, 0x03, 0x1c, 0x04, 0x1d, 0x03, 0x1d, 0x02,
  0x1d, 0x01, 0x1d, 0x00, 0x1d, 0x01, 0x1d, 0x02, 0x1d, 0x03, 0x1d, 0x04,
  0x1e, 0x03, 0x1e, 0x02, 0x1e, 0x01, 0x1e, 0x00, 0x1e, 0x01, 0x1e, 0x02,
  0x1e, 0x03, 0x1f, 0x02, 0x1f, 0x01, 0x1f, 0x00, 0x00, 0x05, 0x00, 0x04,
  0x00, 0x03, 0x00, 0x02, 0x00, 0x01, 0x00, 0x00, 0x00, 0x01, 0x00, 0x02,
  0x00, 0x03, 0x00, 0x04, 0x00, 0x05, 0x00, 0x06, 0x00, 0x07, 0x00, 0x08,
  0x01, 0x08, 0x01, 0x07, 0x01, 0x06, 0x01, 0x05, 0x01, 0x04, 0x01, 0x03,
  0x01, 0x02, 0x01, 0x01, 0x01, 0x00, 0x01, 0x01, 0x01, 0x02, 0x01, 0x03,
  0x01, 0x04, 0x01, 0x05, 0x01, 0x06, 0x01, 0x07, 0x01, 0x08, 0x02, 0x08,
  0x02, 0x07, 0x02, 0x06, 0x02, 0x05, 0x02, 0x04, 0x02, 0x03, 0x02, 0x02,
  0x02, 0x01, 0x02, 0x00, 0x02, 0x01, 0x02, 0x02, 0x02, 0x03, 0x02, 0x04,
  0x02, 0x05, 0x02, 0x06, 0x02, 0x07, 0x02, 0x08, 0x03, 0x08, 0x03, 0x07,
  0x03, 0x06, 0x03, 0x05, 0x03, 0x04, 0x03, 0x03, 0x03, 0x02, 0x03, 0x01,
  0x03, 0x00, 0x03, 0x01, 0x03, 0x02, 0x03, 0x03, 0x03, 0x04, 0x03, 0x05,
  0x03, 0x06, 0x03, 0x07, 0x03, 0x08, 0x04, 0x08, 0x04, 0x07, 0x04, 0x06,
  0x04, 0x05, 0x04, 0x04, 0x04, 0x03, 0x04, 0x02, 0x04, 0x01, 0x04, 0x00,
  0x04, 0x01, 0x04, 0x02, 0x04, 0x03, 0x04, 0x04, 0x04, 0x05, 0x04, 0x06,
  0x04, 0x07, 0x04, 0x08, 0x05, 0x08, 0x05, 0x07, 0x05, 0x06, 0x05, 0x05,
  0x05, 0x04, 0x05, 0x03, 0x05, 0x02, 0x05, 0x01, 0x05, 0x00, 0x05, 0x01,
  0x05, 0x02, 0x05, 0x03, 0x05, 0x04, 0x05, 0x05, 0x05, 0x06, 0x05, 0x07,
  0x05, 0x08, 0x06, 0x08, 0x06, 0x07, 0x06, 0x06, 0x06, 0x05, 0x06, 0x04,
  0x06, 0x03, 0x06, 0x02, 0x06, 0x01, 0x06, 0x00, 0x06, 0x01, 0x06, 0x02,
  0x06, 0x03, 0x06, 0x04, 0x06, 0x05, 0x06, 0x06, 0x06, 0x07, 0x06, 0x08,
  0x07, 0x08, 0x07, 0x07, 0x07, 0x06, 0x07, 0x05, 0x07, 0x04, 0x07, 0x03,
  0x07, 0x02, 0x07, 0x01, 0x07, 0x00, 0x07, 0x01, 0x07, 0x02, 0x07, 0x03,
  0x07, 0x04, 0x07, 0x05, 0x07, 0x06, 0x07, 0x07, 0x07, 0x08, 0x08, 0x08,
  0x08, 0x07, 0x08, 0x06, 0x08, 0x05, 0x08, 0x04, 0x08, 0x03, 0x08, 0x02,
  0x08, 0x01, 0x08, 0x00, 0x08, 0x01, 0x08, 0x02, 0x08, 0x03, 0x08, 0x04,
  0x08, 0x05, 0x08, 0x06, 0x08, 0x07, 0x08, 0x08, 0x09, 0x08, 0x09, 0x07,
  0x09, 0x06, 0x09, 0x05, 0x09, 0x04, 0x09, 0x03, 0x09, 0x02, 0x09, 0x01,
  0x09, 0x00, 0x09, 0x01, 0x09, 0x02, 0x09, 0x03, 0x09, 0x04, 0x09, 0x05,
  0x09, 0x06, 0x09, 0x07, 0x09, 0x08, 0x0a, 0x08, 0x0a, 0x07, 0x0a, 0x06,
  0x0a, 0x05, 0x0a, 0x04, 0x0a, 0x03, 0x0a, 0x02, 0x0a, 0x01, 0x0a, 0x00,
  0x0a, 0x01, 0x0a, 0x02, 0x0a, 0x03, 0x0a, 0x04, 0x0a, 0x05, 0x0a, 0x06,
  0x0a, 0x07, 0x0a, 0x08, 0x0b, 0x08, 0x0b, 0x07, 0x0b, 0x06, 0x0b, 0x05,
  0x0b, 0x04, 0x0b, 0x03, 0x0b, 0x02, 0x0b, 0x01, 0x0b, 0x00, 0x0b, 0x01,
  0x0b, 0x02, 0x0b, 0x03, 0x0b, 0x04, 0x0b, 0x05, 0x0b, 0x06, 0x0b, 0x07,
  0x0b, 0x08, 0x0c, 0x08, 0x0c, 0x07, 0x0c, 0x06, 0x0c, 0x05, 0x0c, 0x04,
  0x0c, 0x03, 0x0c, 0x02, 0x0c, 0x01, 0x0c, 0x00, 0x0c, 0x01, 0x0c, 0x02,
  0x0c, 0x03, 0x0c, 0x04, 0x0c, 0x05, 0x0c, 0x06, 0x0c, 0x07, 0x0c, 0x08,
  0x0d, 0x08, 0x0d, 0x07, 0x0d, 0x06, 0x0d, 0x05, 0x0d, 0x04, 0x0d, 0x03,
  0x0d, 0x02, 0x0d, 0x01, 0x0d, 0x00, 0x0d, 0x01, 0x0d, 0x02, 0x0d, 0x03,
  0x0d, 0x04, 0x0d, 0x05, 0x0d, 0x06, 0x0d, 0x07, 0x0d, 0x08, 0x0e, 0x08,
  0x0e, 0x07, 0x0e, 0x06, 0x0e, 0x05, 0x0e, 0x04, 0x0e, 0x03, 0x0e, 0x02,
  0x0e, 0x01, 0x0e, 0x00, 0x0e, 0x01, 0x0e, 0x02, 0x0e, 0x03, 0x0e, 0x04,
  0x0e, 0x05, 0x0e, 0x06, 0x0f, 0x05, 0x0f, 0x04, 0x0f, 0x03, 0x0f, 0x02,
  0x0f, 0x01, 0x0f, 0x00, 0x00, 0x05, 0x00, 0x04, 0x00, 0x03, 0x00, 0x02,
  0x00, 0x01, 0x00, 0x00, 0x00, 0x01, 0x00, 0x02, 0x00, 0x03, 0x00, 0x04,
  0x01, 0x03, 0x01, 0x02, 0x01, 0x01, 0x01, 0x00, 0x01, 0x01, 0x01, 0x02,
  0x01, 0x03, 0x01, 0x04, 0x02, 0x03, 0x02, 0x02, 0x02, 0x01, 0x02, 0x00,
  0x02, 0x01, 0x02, 0x02, 0x02, 0x03, 0x02, 0x04, 0x03, 0x03, 0x03, 0x02,
  0x03, 0x01, 0x03, 0x00, 0x03, 0x01, 0x03, 0x02, 0x03, 0x03, 0x03, 0x04,
  0x04, 0x04, 0x04, 0x03, 0x04, 0x02, 0x04, 0x01, 0x04, 0x00, 0x04, 0x01,
  0x04, 0x02, 0x04, 0x03, 0x04, 0x04, 0x05, 0x03, 0x05, 0x02, 0x05, 0x01,
  0x05, 0x00, 0x05, 0x01, 0x05, 0x02, 0x05, 0x03, 0x05, 0x04, 0x06, 0x03,
  0x06, 0x02, 0x06, 0x01, 0x06, 0x00, 0x06, 0x01, 0x06, 0x02, 0x06, 0x03,
  0x06, 0x04, 0x07, 0x03, 0x07, 0x02, 0x07, 0x01, 0x07, 0x00, 0x07, 0x01,
  0x07, 0x02, 0x07, 0x03, 0x07, 0x04, 0x08, 0x04, 0x08, 0x03, 0x08, 0x02,
  0x08, 0x01, 0x08, 0x00, 0x08, 0x01, 0x08, 0x02, 0x08, 0x03, 0x08, 0x04,
  0x09, 0x03, 0x09, 0x02, 0x09, 0x01, 0x09, 0x00, 0x09, 0x01, 0x09, 0x02,
  0x09, 0x03, 0x09, 0x04, 0x0a, 0x03, 0x0a, 0x02, 0x0a, 0x01, 0x0a, 0x00,
  0x0a, 0x01, 0x0a, 0x02, 0x0a, 0x03, 0x0a, 0x04, 0x0b, 0x03, 0x0b, 0x02,
  0x0b, 0x01, 0x0b, 0x00, 0x0b, 0x01, 0x0b, 0x02, 0x0b, 0x03, 0x0b, 0x04,
  0x0c, 0x04, 0x0c, 0x03, 0x0c, 0x02, 0x0c, 0x01, 0x0c, 0x00, 0x0c, 0x01,
  0x0c, 0x02, 0x0c, 0x03, 0x0c, 0x04, 0x0d, 0x03, 0x0d, 0x02, 0x0d, 0x01,
  0x0d, 0x00, 0x0d, 0x01, 0x0d, 0x02, 0x0d, 0x03, 0x0d, 0x04, 0x0e, 0x03,
  0x0e, 0x02, 0x0e, 0x01, 0x0e, 0x00, 0x0e, 0x01, 0x0e, 0x02, 0x0e, 0x03,
  0x0e, 0x04, 0x0f, 0x03, 0x0f, 0x02, 0x0f, 0x01, 0x0f, 0x00, 0x0f, 0x01,
  0x0f, 0x02, 0x0f, 0x03, 0x0f, 0x04, 0x10, 0x04, 0x10, 0x03, 0x10, 0x02,
  0x10, 0x01, 0x10, 0x00, 0x10, 0x01, 0x10, 0x02, 0x10, 0x03, 0x10, 0x04,
  0x11, 0x03, 0x11, 0x02, 0x11, 0x01, 0x11, 0x00, 0x11, 0x01, 0x11, 0x02,
  0x11, 0x03, 0x11, 0x04, 0x12, 0x03, 0x12, 0x02, 0x12, 0x01, 0x12, 0x00,
  0x12, 0x01, 0x12, 0x02, 0x12, 0x03, 0x12, 0x04, 0x13, 0x03, 0x13, 0x02,
  0x13, 0x01, 0x13, 0x00, 0x13, 0x01, 0x13, 0x02, 0x13, 0x03, 0x13, 0x04,
  0x14, 0x04, 0x14, 0x03, 0x14, 0x02, 0x14, 0x01, 0x14, 0x00, 0x14, 0x01,
  0x14, 0x02, 0x14, 0x03, 0x14, 0x04, 0x15, 0x03, 0x15, 0x02, 0x15, 0x01,
  0x15, 0x00, 0x15, 0x01, 0x15, 0x02, 0x15, 0x03, 0x15, 0x04, 0x16, 0x03,
  0x16, 0x02, 0x16, 0x01, 0x16, 0x00, 0x16, 0x01, 0x16, 0x02, 0x16, 0x03,
  0x16, 0x04, 0x17, 0x03, 0x17, 0x02, 0x17, 0x01, 0x17, 0x00, 0x17, 0x01,
  0x17, 0x02, 0x17, 0x03, 0x17, 0x04, 0x18, 0x04, 0x18, 0x03, 0x18, 0x02,
  0x18, 0x01, 0x18, 0x00, 0x18, 0x01, 0x18, 0x02, 0x18, 0x03, 0x18, 0x04,
  0x19, 0x03, 0x19, 0x02, 0x19, 0x01, 0x19, 0x00, 0x19, 0x01, 0x19, 0x02,
  0x19, 0x03, 0x19, 0x04, 0x1a, 0x03, 0x1a, 0x02, 0x1a, 0x01, 0x1a, 0x00,
  0x1a, 0x01, 0x1a, 0x02, 0x1a, 0x03, 0x1a, 0x04, 0x1b, 0x03, 0x1b, 0x02,
  0x1b, 0x01, 0x1b, 0x00, 0x1b, 0x01, 0x1b, 0x02, 0x1b, 0x03, 0x1b, 0x04,
  0x1c, 0x04, 0x1c, 0x03, 0x1c, 0x02, 0x1c, 0x01, 0x1c, 0x00, 0x1c, 0x01,
  0x1c, 0x02, 0x1c, 0x03, 0x1c, 0x04, 0x1d, 0x03, 0x1d, 0x02, 0x1d, 0x01,
  0x1d, 0x00, 0x1d, 0x01, 0x1d, 0x02, 0x1d, 0x03, 0x1d, 0x04, 0x1e, 0x03,
  0x1e, 0x02, 0x1e, 0x01, 0x1e, 0x00, 0x1e, 0x01, 0x1f, 0x01, 0x1f, 0x00,
  0x00, 0x09, 0x00, 0x08, 0x00, 0x07, 0x00, 0x06, 0x00, 0x05, 0x00, 0x04,
  0x00, 0x03, 0x00, 0x02, 0x00, 0x01, 0x00, 0x00, 0x00, 0x01, 0x00, 0x02,
  0x00, 0x03, 0x00, 0x04, 0x00, 0x05, 0x00, 0x06, 0x00, 0x07, 0x00, 0x08,
  0x01, 0x08, 0x01, 0x07, 0x01, 0x06, 0x01, 0x05, 0x01, 0x04, 0x01, 0x03,
  0x01, 0x02, 0x01, 0x01, 0x01, 0x00, 0x01, 0x01, 0x01, 0x02, 0x01, 0x03,
  0x01, 0x04, 0x01, 0x05, 0x01, 0x06, 0x01, 0x07, 0x01, 0x08, 0x02, 0x08,
  0x02, 0x07, 0x02, 0x06, 0x02, 0x05, 0x02, 0x04, 0x02, 0x03, 0x02, 0x02,
  0x02, 0x01, 0x02, 0x00, 0x02, 0x01, 0x02, 0x02, 0x02, 0x03, 0x02, 0x04,
  0x02, 0x05, 0x02, 0x06, 0x02, 0x07, 0x02, 0x08, 0x03, 0x08, 0x03, 0x07,
  0x03, 0x06, 0x03, 0x05, 0x03, 0x04, 0x03, 0x03, 0x03, 0x02, 0x03, 0x01,
  0x03, 0x00, 0x03, 0x01, 0x03, 0x02, 0x03, 0x03, 0x03, 0x04, 0x03, 0x05,
  0x03, 0x06, 0x03, 0x07, 0x03, 0x08, 0x04, 0x08, 0x04, 0x07, 0x04, 0x06,
  0x04, 0x05, 0x04, 0x04, 0x04, 0x03, 0x04, 0x02, 0x04, 0x01, 0x04, 0x00,
  0x04, 0x01, 0x04, 0x02, 0x04, 0x03, 0x04, 0x04, 0x04, 0x05, 0x04, 0x06,
  0x04, 0x07, 0x04, 0x08, 0x05, 0x08, 0x05, 0x07, 0x05, 0x06, 0x05, 0x05,
  0x05, 0x04, 0x05, 0x03, 0x05, 0x02, 0x05, 0x01, 0x05, 0x00, 0x05, 0x01,
  0x05, 0x02, 0x05, 0x03, 0x05, 0x04, 0x05, 0x05, 0x05, 0x06, 0x05, 0x07,
  0x05, 0x08, 0x06, 0x08, 0x06, 0x07, 0x06, 0x06, 0x06, 0x05, 0x06, 0x04,
  0x06, 0x03, 0x06, 0x02, 0x06, 0x01, 0x06, 0x00, 0x06, 0x01, 0x06, 0x02,
  0x06, 0x03, 0x06, 0x04, 0x06, 0x05, 0x06, 0x06, 0x06, 0x07, 0x06, 0x08,
  0x07, 0x08, 0x07, 0x07, 0x07, 0x06, 0x07, 0x05, 0x07, 0x04, 0x07, 0x03,
  0x07, 0x02, 0x07, 0x01, 0x07, 0x00, 0x07, 0x01, 0x07, 0x02, 0x07, 0x03,
  0x07, 0x04, 0x07, 0x05, 0x07, 0x06, 0x07, 0x07, 0x07, 0x08, 0x08, 0x08,
  0x08, 0x07, 0x08, 0x06, 0x08, 0x05, 0x08, 0x04, 0x08, 0x03, 0x08, 0x02,
  0x08, 0x01, 0x08, 0x00, 0x08, 0x01, 0x08, 0x02, 0x08, 0x03, 0x08, 0x04,
  0x08, 0x05, 0x08, 0x06, 0x08, 0x07, 0x08, 0x08, 0x09, 0x08, 0x09, 0x07,
  0x09, 0x06, 0x09, 0x05, 0x09, 0x04, 0x09, 0x03, 0x09, 0x02, 0x09, 0x01,
  0x09, 0x00, 0x09, 0x01, 0x09, 0x02, 0x09, 0x03, 0x09, 0x04, 0x09, 0x05,
  0x09, 0x06, 0x09, 0x07, 0x09, 0x08, 0x0a, 0x08, 0x0a, 0x07, 0x0a, 0x06,
  0x0a, 0x05, 0x0a, 0x04, 0x0a, 0x03, 0x0a, 0x02, 0x0a, 0x01, 0x0a, 0x00,
  0x0a, 0x01, 0x0a, 0x02, 0x0a, 0x03, 0x0a, 0x04, 0x0a, 0x05, 0x0a, 0x06,
  0x0a, 0x07, 0x0a, 0x08, 0x0b, 0x08, 0x0b, 0x07, 0x0b, 0x06, 0x0b, 0x05,
  0x0b, 0x04, 0x0b, 0x03, 0x0b, 0x02, 0x0b, 0x01, 0x0b, 0x00, 0x0b, 0x01,
  0x0b, 0x02, 0x0b, 0x03, 0x0b, 0x04, 0x0b, 0x05, 0x0b, 0x06, 0x0b, 0x07,
  0x0b, 0x08, 0x0c, 0x08, 0x0c, 0x07, 0x0c, 0x06, 0x0c, 0x05, 0x0c, 0x04,
  0x0c, 0x03, 0x0c, 0x02, 0x0c, 0x01, 0x0c, 0x00, 0x0c, 0x01, 0x0c, 0x02,
  0x0c, 0x03, 0x0c, 0x04, 0x0c, 0x05, 0x0c, 0x06, 0x0c, 0x07, 0x0c, 0x08,
  0x0d, 0x08, 0x0d, 0x07, 0x0d, 0x06, 0x0d, 0x05, 0x0d, 0x04, 0x0d, 0x03,
  0x0d, 0x02, 0x0d, 0x01, 0x0d, 0x00, 0x0d, 0x01, 0x0d, 0x02, 0x0d, 0x03,
  0x0d, 0x04, 0x0d, 0x05, 0x0d, 0x06, 0x0d, 0x07, 0x0d, 0x08, 0x0e, 0x08,
  0x0e, 0x07, 0x0e, 0x06, 0x0e, 0x05, 0x0e, 0x04, 0x0e, 0x03, 0x0e, 0x02,
  0x0e, 0x01, 0x0e, 0x00, 0x0e, 0x01, 0x0e, 0x02, 0x0e, 0x03, 0x0e, 0x04,
  0x0f, 0x03, 0x0f, 0x02, 0x0f, 0x01, 0x0f, 0x00, 0x00, 0x09, 0x00, 0x08,
  0x00, 0x07, 0x00, 0x06, 0x00, 0x05, 0x00, 0x04, 0x00, 0x03, 0x00, 0x02,
  0x00, 0x01, 0x00, 0x00, 0x00, 0x01, 0x00, 0x02, 0x00, 0x03, 0x00, 0x04,
  0x01, 0x03, 0x01, 0x02, 0x01, 0x01, 0x01, 0x00, 0x01, 0x01, 0x01, 0x02,
  0x01, 0x03, 0x01, 0x04, 0x02, 0x03, 0x02, 0x02, 0x02, 0x01, 0x02, 0x00,
  0x02, 0x01, 0x02, 0x02, 0x02, 0x03, 0x02, 0x04, 0x03, 0x03, 0x03, 0x02,
  0x03, 0x01, 0x03, 0x00, 0x03, 0x01, 0x03, 0x02, 0x03, 0x03, 0x03, 0x04,
  0x04, 0x04, 0x04, 0x03, 0x04, 0x02, 0x04, 0x01, 0x04, 0x00, 0x04, 0x01,
  0x04, 0x02, 0x04, 0x03, 0x04, 0x04, 0x05, 0x03, 0x05, 0x02, 0x05, 0x01,
  0x05, 0x00, 0x05, 0x01, 0x05, 0x02, 0x05, 0x03, 0x05, 0x04, 0x06, 0x03,
  0x06, 0x02, 0x06, 0x01, 0x06, 0x00, 0x06, 0x01, 0x06, 0x02, 0x06, 0x03,
  0x06, 0x04, 0x07, 0x03, 0x07, 0x02, 0x07, 0x01, 0x07, 0x00, 0x07, 0x01,
  0x07, 0x02, 0x07, 0x03, 0x07, 0x04, 0x08, 0x04, 0x08, 0x03, 0x08, 0x02,
  0x08, 0x01, 0x08, 0x00, 0x08, 0x01, 0x08, 0x02, 0x08, 0x03, 0x08, 0x04,
  0x09, 0x03, 0x09, 0x02, 0x09, 0x01, 0x09, 0x00, 0x09, 0x01, 0x09, 0x02,
  0x09, 0x03, 0x09, 0x04, 0x0a, 0x03, 0x0a, 0x02, 0x0a, 0x01, 0x0a, 0x00,
  0x0a, 0x01, 0x0a, 0x02, 0x0a, 0x03, 0x0a, 0x04, 0x0b, 0x03, 0x0b, 0x02,
  0x0b, 0x01, 0x0b, 0x00, 0x0b, 0x01, 0x0b, 0x02, 0x0b, 0x03, 0x0b, 0x04,
  0x0c, 0x04, 0x0c, 0x03, 0x0c, 0x02, 0x0c, 0x01, 0x0c, 0x00, 0x0c, 0x01,
  0x0c, 0x02, 0x0c, 0x03, 0x0c, 0x04, 0x0d, 0x03, 0x0d, 0x02, 0x0d, 0x01,
  0x0d, 0x00, 0x0d, 0x01, 0x0d, 0x02, 0x0d, 0x03, 0x0d, 0x04, 0x0e, 0x03,
  0x0e, 0x02, 0x0e, 0x01, 0x0e, 0x00, 0x0e, 0x01, 0x0e, 0x02, 0x0e, 0x03,
  0x0e, 0x04, 0x0f, 0x03, 0x0f, 0x02, 0x0f, 0x01, 0x0f, 0x00, 0x0f, 0x01,
  0x0f, 0x02, 0x0f, 0x03, 0x0f, 0x04, 0x10, 0x04, 0x10, 0x03, 0x10, 0x02,
  0x10, 0x01, 0x10, 0x00, 0x10, 0x01, 0x10, 0x02, 0x10, 0x03, 0x10, 0x04,
  0x11, 0x03, 0x11, 0x02, 0x11, 0x01, 0x11, 0x00, 0x11, 0x01, 0x11, 0x02,
  0x11, 0x03, 0x11, 0x04, 0x12, 0x03, 0x12, 0x02, 0x12, 0x01, 0x12, 0x00,
  0x12, 0x01, 0x12, 0x02, 0x12, 0x03, 0x12, 0x04, 0x13, 0x03, 0x13, 0x02,
  0x13, 0x01, 0x13, 0x00, 0x13, 0x01, 0x13, 0x02, 0x13, 0x03, 0x13, 0x04,
  0x14, 0x04, 0x14, 0x03, 0x14, 0x02, 0x14, 0x01, 0x14, 0x00, 0x14, 0x01,
  0x14, 0x02, 0x14, 0x03, 0x14, 0x04, 0x15, 0x03, 0x15, 0x02, 0x15, 0x01,
  0x15, 0x00, 0x15, 0x01, 0x15, 0x02, 0x15, 0x03, 0x15, 0x04, 0x16, 0x03,
  0x16, 0x02, 0x16, 0x01, 0x16, 0x00, 0x16, 0x01, 0x16, 0x02, 0x16, 0x03,
  0x16, 0x04, 0x17, 0x03, 0x17, 0x02, 0x17, 0x01, 0x17, 0x00, 0x17, 0x01,
  0x17, 0x02, 0x17, 0x03, 0x17, 0x04, 0x18, 0x04, 0x18, 0x03, 0x18, 0x02,
  0x18, 0x01, 0x18, 0x00, 0x18, 0x01, 0x18, 0x02, 0x18, 0x03, 0x18, 0x04,
  0x19, 0x03, 0x19, 0x02, 0x19, 0x01, 0x19, 0x00, 0x19, 0x01, 0x19, 0x02,
  0x19, 0x03, 0x19, 0x04, 0x1a, 0x03, 0x1a, 0x02, 0x1a, 0x01, 0x1a, 0x00,
  0x1a, 0x01, 0x1a, 0x02, 0x1a, 0x03, 0x1a, 0x04, 0x1b, 0x03, 0x1b, 0x02,
  0x1b, 0x01, 0x1b, 0x00, 0x1b, 0x01, 0x1b, 0x02, 0x1b, 0x03, 0x1b, 0x04,
  0x1c, 0x04, 0x1c, 0x03, 0x1c, 0x02, 0x1c, 0x01, 0x1c, 0x00, 0x1c, 0x01,
  0x1c, 0x02, 0x1c, 0x03, 0x1c, 0x04, 0x1d, 0x03, 0x1d, 0x02, 0x1d, 0x01,
  0x1d, 0x00, 0x1d, 0x01, 0x1d, 0x02, 0x1d, 0x03, 0x1e, 0x03, 0x1e, 0x02,
  0x1e, 0x01, 0x1e, 0x00, 0x00, 0x0d, 0x00, 0x0c, 0x00, 0x0b, 0x00, 0x0a,
  0x00, 0x09, 0x00, 0x08, 0x00, 0x07, 0x00, 0x06, 0x00, 0x05, 0x00, 0x04,
  0x00, 0x03, 0x00, 0x02, 0x00, 0x01, 0x00, 0x00, 0x00, 0x01, 0x00, 0x02,
  0x00, 0x03, 0x00, 0x04, 0x00, 0x05, 0x00, 0x06, 0x00, 0x07, 0x00, 0x08,
  0x01, 0x08, 0x01, 0x07, 0x01, 0x06, 0x01, 0x05, 0x01, 0x04, 0x01, 0x03,
  0x01, 0x02, 0x01, 0x01, 0x01, 0x00, 0x01, 0x01, 0x01, 0x02, 0x01, 0x03,
  0x01, 0x04, 0x01, 0x05, 0x01, 0x06, 0x01, 0x07, 0x01, 0x08, 0x02, 0x08,
  0x02, 0x07, 0x02, 0x06, 0x02, 0x05, 0x02, 0x04, 0x02, 0x03, 0x02, 0x02,
  0x02, 0x01, 0x02, 0x00, 0x02, 0x01, 0x02, 0x02, 0x02, 0x03, 0x02, 0x04,
  0x02, 0x05, 0x02, 0x06, 0x02, 0x07, 0x02, 0x08, 0x03, 0x08, 0x03, 0x07,
  0x03, 0x06, 0x03, 0x05, 0x03, 0x04, 0x03, 0x03, 0x03, 0x02, 0x03, 0x01,
  0x03, 0x00, 0x03, 0x01, 0x03, 0x02, 0x03, 0x03, 0x03, 0x04, 0x03, 0x05,
  0x03, 0x06, 0x03, 0x07, 0x03, 0x08, 0x04, 0x08, 0x04, 0x07, 0x04, 0x06,
  0x04, 0x05, 0x04, 0x04, 0x04, 0x03, 0x04, 0x02, 0x04, 0x01, 0x04, 0x00,
  0x04, 0x01, 0x04, 0x02, 0x04, 0x03, 0x04, 0x04, 0x04, 0x05, 0x04, 0x06,
  0x04, 0x07, 0x04, 0x08, 0x05, 0x08, 0x05, 0x07, 0x05, 0x06, 0x05, 0x05,
  0x05, 0x04, 0x05, 0x03, 0x05, 0x02, 0x05, 0x01, 0x05, 0x00, 0x05, 0x01,
  0x05, 0x02, 0x05, 0x03, 0x05, 0x04, 0x05, 0x05, 0x05, 0x06, 0x05, 0x07,
  0x05, 0x08, 0x06, 0x08, 0x06, 0x07, 0x06, 0x06, 0x06, 0x05, 0x06, 0x04,
  0x06, 0x03, 0x06, 0x02, 0x06, 0x01, 0x06, 0x00, 0x06, 0x01, 0x06, 0x02,
  0x06, 0x03, 0x06, 0x04, 0x06, 0x05, 0x06, 0x06, 0x06, 0x07, 0x06, 0x08,
  0x07, 0x08, 0x07, 0x07, 0x07, 0x06, 0x07, 0x05, 0x07, 0x04, 0x07, 0x03,
  0x07, 0x02, 0x07, 0x01, 0x07, 0x00, 0x07, 0x01, 0x07, 0x02, 0x07, 0x03,
  0x07, 0x04, 0x07, 0x05, 0x07, 0x06, 0x07, 0x07, 0x07, 0x08, 0x08, 0x08,
  0x08, 0x07, 0x08, 0x06, 0x08, 0x05, 0x08, 0x04, 0x08, 0x03, 0x08, 0x02,
  0x08, 0x01, 0x08, 0x00, 0x08, 0x01, 0x08, 0x02, 0x08, 0x03, 0x08, 0x04,
  0x08, 0x05, 0x08, 0x06, 0x08, 0x07, 0x08, 0x08, 0x09, 0x08, 0x09, 0x07,
  0x09, 0x06, 0x09, 0x05, 0x09, 0x04, 0x09, 0x03, 0x09, 0x02, 0x09, 0x01,
  0x09, 0x00, 0x09, 0x01, 0x09, 0x02, 0x09, 0x03, 0x09, 0x04, 0x09, 0x05,
  0x09, 0x06, 0x09, 0x07, 0x09, 0x08, 0x0a, 0x08, 0x0a, 0x07, 0x0a, 0x06,
  0x0a, 0x05, 0x0a, 0x04, 0x0a, 0x03, 0x0a, 0x02, 0x0a, 0x01, 0x0a, 0x00,
  0x0a, 0x01, 0x0a, 0x02, 0x0a, 0x03, 0x0a, 0x04, 0x0a, 0x05, 0x0a, 0x06,
  0x0a, 0x07, 0x0a, 0x08, 0x0b, 0x08, 0x0b, 0x07, 0x0b, 0x06, 0x0b, 0x05,
  0x0b, 0x04, 0x0b, 0x03, 0x0b, 0x02, 0x0b, 0x01, 0x0b, 0x00, 0x0b, 0x01,
  0x0b, 0x02, 0x0b, 0x03, 0x0b, 0x04, 0x0b, 0x05, 0x0b, 0x06, 0x0b, 0x07,
  0x0b, 0x08, 0x0c, 0x08, 0x0c, 0x07, 0x0c, 0x06, 0x0c, 0x05, 0x0c, 0x04,
  0x0c, 0x03, 0x0c, 0x02, 0x0c, 0x01, 0x0c, 0x00, 0x0c, 0x01, 0x0c, 0x02,
  0x0c, 0x03, 0x0c, 0x04, 0x0c, 0x05, 0x0c, 0x06, 0x0c, 0x07, 0x0c, 0x08,
  0x0d, 0x08, 0x0d, 0x07, 0x0d, 0x06, 0x0d, 0x05, 0x0d, 0x04, 0x0d, 0x03,
  0x0d, 0x02, 0x0d, 0x01, 0x0d, 0x00, 0x0d, 0x01, 0x0d, 0x02, 0x0d, 0x03,
  0x0d, 0x04, 0x0d, 0x05, 0x0d, 0x06, 0x0d, 0x07, 0x0d, 0x08, 0x0e, 0x08,
  0x0e, 0x07, 0x0e, 0x06, 0x0e, 0x05, 0x0e, 0x04, 0x0e, 0x03, 0x0e, 0x02,
  0x0e, 0x01, 0x0e, 0x00, 0x0e, 0x01, 0x0e, 0x02, 0x0f, 0x01, 0x0f, 0x00,
  0x00, 0x0d, 0x00, 0x0c, 0x00, 0x0b, 0x00, 0x0a, 0x00, 0x09, 0x00, 0x08,
  0x00, 0x07, 0x00, 0x06, 0x00, 0x05, 0x00, 0x04, 0x00, 0x03, 0x00, 0x02,
  0x00, 0x01, 0x00, 0x00, 0x00, 0x01, 0x00, 0x02, 0x00, 0x03, 0x00, 0x04,
  0x01, 0x03, 0x01, 0x02, 0x01, 0x01, 0x01, 0x00, 0x01, 0x01, 0x01, 0x02,
  0x01, 0x03, 0x01, 0x04, 0x02, 0x03, 0x02, 0x02, 0x02, 0x01, 0x02, 0x00,
  0x02, 0x01, 0x02, 0x02, 0x02, 0x03, 0x02, 0x04, 0x03, 0x03, 0x03, 0x02,
  0x03, 0x01, 0x03, 0x00, 0x03, 0x01, 0x03, 0x02, 0x03, 0x03, 0x03, 0x04,
  0x04, 0x04, 0x04, 0x03, 0x04, 0x02, 0x04, 0x01, 0x04, 0x00, 0x04, 0x01,
  0x04, 0x02, 0x04, 0x03, 0x04, 0x04, 0x05, 0x03, 0x05, 0x02, 0x05, 0x01,
  0x05, 0x00, 0x05, 0x01, 0x05, 0x02, 0x05, 0x03, 0x05, 0x04, 0x06, 0x03,
  0x06, 0x02, 0x06, 0x01, 0x06, 0x00, 0x06, 0x01, 0x06, 0x02, 0x06, 0x03,
  0x06, 0x04, 0x07, 0x03, 0x07, 0x02, 0x07, 0x01, 0x07, 0x00, 0x07, 0x01,
  0x07, 0x02, 0x07, 0x03, 0x07, 0x04, 0x08, 0x04, 0x08, 0x03, 0x08, 0x02,
  0x08, 0x01, 0x08, 0x00, 0x08, 0x01, 0x08, 0x02, 0x08, 0x03, 0x08, 0x04,
  0x09, 0x03, 0x09, 0x02, 0x09, 0x01, 0x09, 0x00, 0x09, 0x01, 0x09, 0x02,
  0x09, 0x03, 0x09, 0x04, 0x0a, 0x03, 0x0a, 0x02, 0x0a, 0x01, 0x0a, 0x00,
  0x0a, 0x01, 0x0a, 0x02, 0x0a, 0x03, 0x0a, 0x04, 0x0b, 0x03, 0x0b, 0x02,
  0x0b, 0x01, 0x0b, 0x00, 0x0b, 0x01, 0x0b, 0x02, 0x0b, 0x03, 0x0b, 0x04,
  0x0c, 0x04, 0x0c, 0x03, 0x0c, 0x02, 0x0c, 0x01, 0x0c, 0x00, 0x0c, 0x01,
  0x0c, 0x02, 0x0c, 0x03, 0x0c, 0x04, 0x0d, 0x03, 0x0d, 0x02, 0x0d, 0x01,
  0x0d, 0x00, 0x0d, 0x01, 0x0d, 0x02, 0x0d, 0x03, 0x0d, 0x04, 0x0e, 0x03,
  0x0e, 0x02, 0x0e, 0x01, 0x0e, 0x00, 0x0e, 0x01, 0x0e, 0x02, 0x0e, 0x03,
  0x0e, 0x04, 0x0f, 0x03, 0x0f, 0x02, 0x0f, 0x01, 0x0f, 0x00, 0x0f, 0x01,
  0x0f, 0x02, 0x0f, 0x03, 0x0f, 0x04, 0x10, 0x04, 0x10, 0x03, 0x10, 0x02,
  0x10, 0x01, 0x10, 0x00, 0x10, 0x01, 0x10, 0x02, 0x10, 0x03, 0x10, 0x04,
  0x11, 0x03, 0x11, 0x02, 0x11, 0x01, 0x11, 0x00, 0x11, 0x01, 0x11, 0x02,
  0x11, 0x03, 0x11, 0x04, 0x12, 0x03, 0x12, 0x02, 0x12, 0x01, 0x12, 0x00,
  0x12, 0x01, 0x12, 0x02, 0x12, 0x03, 0x12, 0x04, 0x13, 0x03, 0x13, 0x02,
  0x13, 0x01, 0x13, 0x00, 0x13, 0x01, 0x13, 0x02, 0x13, 0x03, 0x13, 0x04,
  0x14, 0x04, 0x14, 0x03, 0x14, 0x02, 0x14, 0x01, 0x14, 0x00, 0x14, 0x01,
  0x14, 0x02, 0x14, 0x03, 0x14, 0x04, 0x15, 0x03, 0x15, 0x02, 0x15, 0x01,
  0x15, 0x00, 0x15, 0x01, 0x15, 0x02, 0x15, 0x03, 0x15, 0x04, 0x16, 0x03,
  0x16, 0x02, 0x16, 0x01, 0x16, 0x00, 0x16, 0x01, 0x16, 0x02, 0x16, 0x03,
  0x16, 0x04, 0x17, 0x03, 0x17, 0x02, 0x17, 0x01, 0x17, 0x00, 0x17, 0x01,
  0x17, 0x02, 0x17, 0x03, 0x17, 0x04, 0x18, 0x04, 0x18, 0x03, 0x18, 0x02,
  0x18, 0x01, 0x18, 0x00, 0x18, 0x01, 0x18, 0x02, 0x18, 0x03, 0x18, 0x04,
  0x19, 0x03, 0x19, 0x02, 0x19, 0x01, 0x19, 0x00, 0x19, 0x01, 0x19, 0x02,
  0x19, 0x03, 0x19, 0x04, 0x1a, 0x03, 0x1a, 0x02, 0x1a, 0x01, 0x1a, 0x00,
  0x1a, 0x01, 0x1a, 0x02, 0x1a, 0x03, 0x1a, 0x04, 0x1b, 0x03, 0x1b, 0x02,
  0x1b, 0x01, 0x1b, 0x00, 0x1b, 0x01, 0x1b, 0x02, 0x1b, 0x03, 0x1b, 0x04,
  0x1c, 0x04, 0x1c, 0x03, 0x1c, 0x02, 0x1c, 0x01, 0x1c, 0x00, 0x1c, 0x01,
  0x1c, 0x02, 0x1c, 0x03, 0x1c, 0x04, 0x1d, 0x03, 0x1d, 0x02, 0x1d, 0x01,
  0x1d, 0x00, 0x1d, 0x01, 0x1e, 0x01, 0x1e, 0x00, 0x00, 0x12, 0x00, 0x11,
  0x00, 0x10, 0x00, 0x0f, 0x00, 0x0e, 0x00, 0x0d, 0x00, 0x0c, 0x00, 0x0b,
  0x00, 0x0a, 0x00, 0x09, 0x00, 0x08, 0x00, 0x07, 0x00, 0x06, 0x00, 0x05,
  0x00, 0x04, 0x00, 0x03, 0x00, 0x02, 0x00, 0x01, 0x00, 0x00, 0x00, 0x01,
  0x00, 0x02, 0x00, 0x03, 0x00, 0x04, 0x00, 0x05, 0x00, 0x06, 0x00, 0x07,
  0x00, 0x08, 0x01, 0x08, 0x01, 0x07, 0x01, 0x06, 0x01, 0x05, 0x01, 0x04,
  0x01, 0x03, 0x01, 0x02, 0x01, 0x01, 0x01, 0x00, 0x01, 0x01, 0x01, 0x02,
  0x01, 0x03, 0x01, 0x04, 0x01, 0x05, 0x01, 0x06, 0x01, 0x07, 0x01, 0x08,
  0x02, 0x08, 0x02, 0x07, 0x02, 0x06, 0x02, 0x05, 0x02, 0x04, 0x02, 0x03,
  0x02, 0x02, 0x02, 0x01, 0x02, 0x00, 0x02, 0x01, 0x02, 0x02, 0x02, 0x03,
  0x02, 0x04, 0x02, 0x05, 0x02, 0x06, 0x02, 0x07, 0x02, 0x08, 0x03, 0x08,
  0x03, 0x07, 0x03, 0x06, 0x03, 0x05, 0x03, 0x04, 0x03, 0x03, 0x03, 0x02,
  0x03, 0x01, 0x03, 0x00, 0x03, 0x01, 0x03, 0x02, 0x03, 0x03, 0x03, 0x04,
  0x03, 0x05, 0x03, 0x06, 0x03, 0x07, 0x03, 0x08, 0x04, 0x08, 0x04, 0x07,
  0x04, 0x06, 0x04, 0x05, 0x04, 0x04, 0x04, 0x03, 0x04, 0x02, 0x04, 0x01,
  0x04, 0x00, 0x04, 0x01, 0x04, 0x02, 0x04, 0x03, 0x04, 0x04, 0x04, 0x05,
  0x04, 0x06, 0x04, 0x07, 0x04, 0x08, 0x05, 0x08, 0x05, 0x07, 0x05, 0x06,
  0x05, 0x05, 0x05, 0x04, 0x05, 0x03, 0x05, 0x02, 0x05, 0x01, 0x05, 0x00,
  0x05, 0x01, 0x05, 0x02, 0x05, 0x03, 0x05, 0x04, 0x05, 0x05, 0x05, 0x06,
  0x05, 0x07, 0x05, 0x08, 0x06, 0x08, 0x06, 0x07, 0x06, 0x06, 0x06, 0x05,
  0x06, 0x04, 0x06, 0x03, 0x06, 0x02, 0x06, 0x01, 0x06, 0x00, 0x06, 0x01,
  0x06, 0x02, 0x06, 0x03, 0x06, 0x04, 0x06, 0x05, 0x06, 0x06, 0x06, 0x07,
  0x06, 0x08, 0x07, 0x08, 0x07, 0x07, 0x07, 0x06, 0x07, 0x05, 0x07, 0x04,
  0x07, 0x03, 0x07, 0x02, 0x07, 0x01, 0x07, 0x00, 0x07, 0x01, 0x07, 0x02,
  0x07, 0x03, 0x07, 0x04, 0x07, 0x05, 0x07, 0x06, 0x07, 0x07, 0x07, 0x08,
  0x08, 0x08, 0x08, 0x07, 0x08, 0x06, 0x08, 0x05, 0x08, 0x04, 0x08, 0x03,
  0x08, 0x02, 0x08, 0x01, 0x08, 0x00, 0x08, 0x01, 0x08, 0x02, 0x08, 0x03,
  0x08, 0x04, 0x08, 0x05, 0x08, 0x06, 0x08, 0x07, 0x08, 0x08, 0x09, 0x08,
  0x09, 0x07, 0x09, 0x06, 0x09, 0x05, 0x09, 0x04, 0x09, 0x03, 0x09, 0x02,
  0x09, 0x01, 0x09, 0x00, 0x09, 0x01, 0x09, 0x02, 0x09, 0x03, 0x09, 0x04,
  0x09, 0x05, 0x09, 0x06, 0x09, 0x07, 0x09, 0x08, 0x0a, 0x08, 0x0a, 0x07,
  0x0a, 0x06, 0x0a, 0x05, 0x0a, 0x04, 0x0a, 0x03, 0x0a, 0x02, 0x0a, 0x01,
  0x0a, 0x00, 0x0a, 0x01, 0x0a, 0x02, 0x0a, 0x03, 0x0a, 0x04, 0x0a, 0x05,
  0x0a, 0x06, 0x0a, 0x07, 0x0a, 0x08, 0x0b, 0x08, 0x0b, 0x07, 0x0b, 0x06,
  0x0b, 0x05, 0x0b, 0x04, 0x0b, 0x03, 0x0b, 0x02, 0x0b, 0x01, 0x0b, 0x00,
  0x0b, 0x01, 0x0b, 0x02, 0x0b, 0x03, 0x0b, 0x04, 0x0b, 0x05, 0x0b, 0x06,
  0x0b, 0x07, 0x0b, 0x08, 0x0c, 0x08, 0x0c, 0x07, 0x0c, 0x06, 0x0c, 0x05,
  0x0c, 0x04, 0x0c, 0x03, 0x0c, 0x02, 0x0c, 0x01, 0x0c, 0x00, 0x0c, 0x01,
  0x0c, 0x02, 0x0c, 0x03, 0x0c, 0x04, 0x0c, 0x05, 0x0c, 0x06, 0x0c, 0x07,
  0x0c, 0x08, 0x0d, 0x08, 0x0d, 0x07, 0x0d, 0x06, 0x0d, 0x05, 0x0d, 0x04,
  0x0d, 0x03, 0x0d, 0x02, 0x0d, 0x01, 0x0d, 0x00, 0x0d, 0x01, 0x0d, 0x02,
  0x0d, 0x03, 0x0d, 0x04, 0x0d, 0x05, 0x0d, 0x06, 0x0d, 0x07, 0x0d, 0x08,
  0x0e, 0x07, 0x0e, 0x06, 0x0e, 0x05, 0x0e, 0x04, 0x0e, 0x03, 0x0e, 0x02,
  0x0e, 0x01, 0x0e, 0x00, 0x00, 0x12, 0x00, 0x11, 0x00, 0x10, 0x00, 0x0f,
  0x00, 0x0e, 0x00, 0x0d, 0x00, 0x0c, 0x00, 0x0b, 0x00, 0x0a, 0x00, 0x09,
  0x00, 0x08, 0x00, 0x07, 0x00, 0x06, 0x00, 0x05, 0x00, 0x04, 0x00, 0x03,
  0x00, 0x02, 0x00, 0x01, 0x00, 0x00, 0x00, 0x01, 0x00, 0x02, 0x00, 0x03,
  0x00, 0x04, 0x01, 0x03, 0x01, 0x02, 0x01, 0x01, 0x01, 0x00, 0x01, 0x01,
  0x01, 0x02, 0x01, 0x03, 0x01, 0x04, 0x02, 0x03, 0x02, 0x02, 0x02, 0x01,
  0x02, 0x00, 0x02, 0x01, 0x02, 0x02, 0x02, 0x03, 0x02, 0x04, 0x03, 0x03,
  0x03, 0x02, 0x03, 0x01, 0x03, 0x00, 0x03, 0x01, 0x03, 0x02, 0x03, 0x03,
  0x03, 0x04, 0x04, 0x04, 0x04, 0x03, 0x04, 0x02, 0x04, 0x01, 0x04, 0x00,
  0x04, 0x01, 0x04, 0x02, 0x04, 0x03, 0x04, 0x04, 0x05, 0x03, 0x05, 0x02,
  0x05, 0x01, 0x05, 0x00, 0x05, 0x01, 0x05, 0x02, 0x05, 0x03, 0x05, 0x04,
  0x06, 0x03, 0x06, 0x02, 0x06, 0x01, 0x06, 0x00, 0x06, 0x01, 0x06, 0x02,
  0x06, 0x03, 0x06, 0x04, 0x07, 0x03, 0x07, 0x02, 0x07, 0x01, 0x07, 0x00,
  0x07, 0x01, 0x07, 0x02, 0x07, 0x03, 0x07, 0x04, 0x08, 0x04, 0x08, 0x03,
  0x08, 0x02, 0x08, 0x01, 0x08, 0x00, 0x08, 0x01, 0x08, 0x02, 0x08, 0x03,
  0x08, 0x04, 0x09, 0x03, 0x09, 0x02, 0x09, 0x01, 0x09, 0x00, 0x09, 0x01,
  0x09, 0x02, 0x09, 0x03, 0x09, 0x04, 0x0a, 0x03, 0x0a, 0x02, 0x0a, 0x01,
  0x0a, 0x00, 0x0a, 0x01, 0x0a, 0x02, 0x0a, 0x03, 0x0a, 0x04, 0x0b, 0x03,
  0x0b, 0x02, 0x0b, 0x01, 0x0b, 0x00, 0x0b, 0x01, 0x0b, 0x02, 0x0b, 0x03,
  0x0b, 0x04, 0x0c, 0x04, 0x0c, 0x03, 0x0c, 0x02, 0x0c, 0x01, 0x0c, 0x00,
  0x0c, 0x01, 0x0c, 0x02, 0x0c, 0x03, 0x0c, 0x04, 0x0d, 0x03, 0x0d, 0x02,
  0x0d, 0x01, 0x0d, 0x00, 0x0d, 0x01, 0x0d, 0x02, 0x0d, 0x03, 0x0d, 0x04,
  0x0e, 0x03, 0x0e, 0x02, 0x0e, 0x01, 0x0e, 0x00, 0x0e, 0x01, 0x0e, 0x02,
  0x0e, 0x03, 0x0e, 0x04, 0x0f, 0x03, 0x0f, 0x02, 0x0f, 0x01, 0x0f, 0x00,
  0x0f, 0x01, 0x0f, 0x02, 0x0f, 0x03, 0x0f, 0x04, 0x10, 0x04, 0x10, 0x03,
  0x10, 0x02, 0x10, 0x01, 0x10, 0x00, 0x10, 0x01, 0x10, 0x02, 0x10, 0x03,
  0x10, 0x04, 0x11, 0x03, 0x11, 0x02, 0x11, 0x01, 0x11, 0x00, 0x11, 0x01,
  0x11, 0x02, 0x11, 0x03, 0x11, 0x04, 0x12, 0x03, 0x12, 0x02, 0x12, 0x01,
  0x12, 0x00, 0x12, 0x01, 0x12, 0x02, 0x12, 0x03, 0x12, 0x04, 0x13, 0x03,
  0x13, 0x02, 0x13, 0x01, 0x13, 0x00, 0x13, 0x01, 0x13, 0x02, 0x13, 0x03,
  0x13, 0x04, 0x14, 0x04, 0x14, 0x03, 0x14, 0x02, 0x14, 0x01, 0x14, 0x00,
  0x14, 0x01, 0x14, 0x02, 0x14, 0x03, 0x14, 0x04, 0x15, 0x03, 0x15, 0x02,
  0x15, 0x01, 0x15, 0x00, 0x15, 0x01, 0x15, 0x02, 0x15, 0x03, 0x15, 0x04,
  0x16, 0x03, 0x16, 0x02, 0x16, 0x01, 0x16, 0x00, 0x16, 0x01, 0x16, 0x02,
  0x16, 0x03, 0x16, 0x04, 0x17, 0x03, 0x17, 0x02, 0x17, 0x01, 0x17, 0x00,
  0x17, 0x01, 0x17, 0x02, 0x17, 0x03, 0x17, 0x04, 0x18, 0x04, 0x18, 0x03,
  0x18, 0x02, 0x18, 0x01, 0x18, 0x00, 0x18, 0x01, 0x18, 0x02, 0x18, 0x03,
  0x18, 0x04, 0x19, 0x03, 0x19, 0x02, 0x19, 0x01, 0x19, 0x00, 0x19, 0x01,
  0x19, 0x02, 0x19, 0x03, 0x19, 0x04, 0x1a, 0x03, 0x1a, 0x02, 0x1a, 0x01,
  0x1a, 0x00, 0x1a, 0x01, 0x1a, 0x02, 0x1a, 0x03, 0x1a, 0x04, 0x1b, 0x03,
  0x1b, 0x02, 0x1b, 0x01, 0x1b, 0x00, 0x1b, 0x01, 0x1b, 0x02, 0x1b, 0x03,
  0x1b, 0x04, 0x1c, 0x04, 0x1c, 0x03, 0x1c, 0x02, 0x1c, 0x01, 0x1c, 0x00,
  0x1c, 0x01, 0x1c, 0x02, 0x1c, 0x03, 0x1d, 0x02, 0x1d, 0x01, 0x1d, 0x00,
  0x00, 0x18, 0x00, 0x17, 0x00, 0x16, 0x00, 0x15, 0x00, 0x14, 0x00, 0x13,
  0x00, 0x12, 0x00, 0x11, 0x00, 0x10, 0x00, 0x0f, 0x00, 0x0e, 0x00, 0x0d,
  0x00, 0x0c, 0x00, 0x0b, 0x00, 0x0a, 0x00, 0x09, 0x00, 0x08, 0x00, 0x07,
  0x00, 0x06, 0x00, 0x05, 0x00, 0x04, 0x00, 0x03, 0x00, 0x02, 0x00, 0x01,
  0x00, 0x00, 0x00, 0x01, 0x00, 0x02, 0x00, 0x03, 0x00, 0x04, 0x00, 0x05,
  0x00, 0x06, 0x00, 0x07, 0x00, 0x08, 0x01, 0x08, 0x01, 0x07, 0x01, 0x06,
  0x01, 0x05, 0x01, 0x04, 0x01, 0x03, 0x01, 0x02, 0x01, 0x01, 0x01, 0x00,
  0x01, 0x01, 0x01, 0x02, 0x01, 0x03, 0x01, 0x04, 0x01, 0x05, 0x01, 0x06,
  0x01, 0x07, 0x01, 0x08, 0x02, 0x08, 0x02, 0x07, 0x02, 0x06, 0x02, 0x05,
  0x02, 0x04, 0x02, 0x03, 0x02, 0x02, 0x02, 0x01, 0x02, 0x00, 0x02, 0x01,
  0x02, 0x02, 0x02, 0x03, 0x02, 0x04, 0x02, 0x05, 0x02, 0x06, 0x02, 0x07,
  0x02, 0x08, 0x03, 0x08, 0x03, 0x07, 0x03, 0x06, 0x03, 0x05, 0x03, 0x04,
  0x03, 0x03, 0x03, 0x02, 0x03, 0x01, 0x03, 0x00, 0x03, 0x01, 0x03, 0x02,
  0x03, 0x03, 0x03, 0x04, 0x03, 0x05, 0x03, 0x06, 0x03, 0x07, 0x03, 0x08,
  0x04, 0x08, 0x04, 0x07, 0x04, 0x06, 0x04, 0x05, 0x04, 0x04, 0x04, 0x03,
  0x04, 0x02, 0x04, 0x01, 0x04, 0x00, 0x04, 0x01, 0x04, 0x02, 0x04, 0x03,
  0x04, 0x04, 0x04, 0x05, 0x04, 0x06, 0x04, 0x07, 0x04, 0x08, 0x05, 0x08,
  0x05, 0x07, 0x05, 0x06, 0x05, 0x05, 0x05, 0x04, 0x05, 0x03, 0x05, 0x02,
  0x05, 0x01, 0x05, 0x00, 0x05, 0x01, 0x05, 0x02, 0x05, 0x03, 0x05, 0x04,
  0x05, 0x05, 0x05, 0x06, 0x05, 0x07, 0x05, 0x08, 0x06, 0x08, 0x06, 0x07,
  0x06, 0x06, 0x06, 0x05, 0x06, 0x04, 0x06, 0x03, 0x06, 0x02, 0x06, 0x01,
  0x06, 0x00, 0x06, 0x01, 0x06, 0x02, 0x06, 0x03, 0x06, 0x04, 0x06, 0x05,
  0x06, 0x06, 0x06, 0x07, 0x06, 0x08, 0x07, 0x08, 0x07, 0x07, 0x07, 0x06,
  0x07, 0x05, 0x07, 0x04, 0x07, 0x03, 0x07, 0x02, 0x07, 0x01, 0x07, 0x00,
  0x07, 0x01, 0x07, 0x02, 0x07, 0x03, 0x07, 0x04, 0x07, 0x05, 0x07, 0x06,
  0x07, 0x07, 0x07, 0x08, 0x08, 0x08, 0x08, 0x07, 0x08, 0x06, 0x08, 0x05,
  0x08, 0x04, 0x08, 0x03, 0x08, 0x02, 0x08, 0x01, 0x08, 0x00, 0x08, 0x01,
  0x08, 0x02, 0x08, 0x03, 0x08, 0x04, 0x08, 0x05, 0x08, 0x06, 0x08, 0x07,
  0x08, 0x08, 0x09, 0x08, 0x09, 0x07, 0x09, 0x06, 0x09, 0x05, 0x09, 0x04,
  0x09, 0x03, 0x09, 0x02, 0x09, 0x01, 0x09, 0x00, 0x09, 0x01, 0x09, 0x02,
  0x09, 0x03, 0x09, 0x04, 0x09, 0x05, 0x09, 0x06, 0x09, 0x07, 0x09, 0x08,
  0x0a, 0x08, 0x0a, 0x07, 0x0a, 0x06, 0x0a, 0x05, 0x0a, 0x04, 0x0a, 0x03,
  0x0a, 0x02, 0x0a, 0x01, 0x0a, 0x00, 0x0a, 0x01, 0x0a, 0x02, 0x0a, 0x03,
  0x0a, 0x04, 0x0a, 0x05, 0x0a, 0x06, 0x0a, 0x07, 0x0a, 0x08, 0x0b, 0x08,
  0x0b, 0x07, 0x0b, 0x06, 0x0b, 0x05, 0x0b, 0x04, 0x0b, 0x03, 0x0b, 0x02,
  0x0b, 0x01, 0x0b, 0x00, 0x0b, 0x01, 0x0b, 0x02, 0x0b, 0x03, 0x0b, 0x04,
  0x0b, 0x05, 0x0b, 0x06, 0x0b, 0x07, 0x0b, 0x08, 0x0c, 0x08, 0x0c, 0x07,
  0x0c, 0x06, 0x0c, 0x05, 0x0c, 0x04, 0x0c, 0x03, 0x0c, 0x02, 0x0c, 0x01,
  0x0c, 0x00, 0x0c, 0x01, 0x0c, 0x02, 0x0c, 0x03, 0x0c, 0x04, 0x0c, 0x05,
  0x0c, 0x06, 0x0c, 0x07, 0x0c, 0x08, 0x0d, 0x08, 0x0d, 0x07, 0x0d, 0x06,
  0x0d, 0x05, 0x0d, 0x04, 0x0d, 0x03, 0x0d, 0x02, 0x0d, 0x01, 0x0d, 0x00,
  0x0d, 0x01, 0x0d, 0x02, 0x0d, 0x03, 0x0d, 0x04, 0x0d, 0x05, 0x0e, 0x04,
  0x0e, 0x03, 0x0e, 0x02, 0x0e, 0x01, 0x0e, 0x00, 0x00, 0x18, 0x00, 0x17,
  0x00, 0x16, 0x00, 0x15, 0x00, 0x14, 0x00, 0x13, 0x00, 0x12, 0x00, 0x11,
  0x00, 0x10, 0x00, 0x0f, 0x00, 0x0e, 0x00, 0x0d, 0x00, 0x0c, 0x00, 0x0b,
  0x00, 0x0a, 0x00, 0x09, 0x00, 0x08, 0x00, 0x07, 0x00, 0x06, 0x00, 0x05,
  0x00, 0x04, 0x00, 0x03, 0x00, 0x02, 0x00, 0x01, 0x00, 0x00, 0x00, 0x01,
  0x00, 0x02, 0x00, 0x03, 0x00, 0x04, 0x01, 0x03, 0x01, 0x02, 0x01, 0x01,
  0x01, 0x00, 0x01, 0x01, 0x01, 0x02, 0x01, 0x03, 0x01, 0x04, 0x02, 0x03,
  0x02, 0x02, 0x02, 0x01, 0x02, 0x00, 0x02, 0x01, 0x02, 0x02, 0x02, 0x03,
  0x02, 0x04, 0x03, 0x03, 0x03, 0x02, 0x03, 0x01, 0x03, 0x00, 0x03, 0x01,
  0x03, 0x02, 0x03, 0x03, 0x03, 0x04, 0x04, 0x04, 0x04, 0x03, 0x04, 0x02,
  0x04, 0x01, 0x04, 0x00, 0x04, 0x01, 0x04, 0x02, 0x04, 0x03, 0x04, 0x04,
  0x05, 0x03, 0x05, 0x02, 0x05, 0x01, 0x05, 0x00, 0x05, 0x01, 0x05, 0x02,
  0x05, 0x03, 0x05, 0x04, 0x06, 0x03, 0x06, 0x02, 0x06, 0x01, 0x06, 0x00,
  0x06, 0x01, 0x06, 0x02, 0x06, 0x03, 0x06, 0x04, 0x07, 0x03, 0x07, 0x02,
  0x07, 0x01, 0x07, 0x00, 0x07, 0x01, 0x07, 0x02, 0x07, 0x03, 0x07, 0x04,
  0x08, 0x04, 0x08, 0x03, 0x08, 0x02, 0x08, 0x01, 0x08, 0x00, 0x08, 0x01,
  0x08, 0x02, 0x08, 0x03, 0x08, 0x04, 0x09, 0x03, 0x09, 0x02, 0x09, 0x01,
  0x09, 0x00, 0x09, 0x01, 0x09, 0x02, 0x09, 0x03, 0x09, 0x04, 0x0a, 0x03,
  0x0a, 0x02, 0x0a, 0x01, 0x0a, 0x00, 0x0a, 0x01, 0x0a, 0x02, 0x0a, 0x03,
  0x0a, 0x04, 0x0b, 0x03, 0x0b, 0x02, 0x0b, 0x01, 0x0b, 0x00, 0x0b, 0x01,
  0x0b, 0x02, 0x0b, 0x03, 0x0b, 0x04, 0x0c, 0x04, 0x0c, 0x03, 0x0c, 0x02,
  0x0c, 0x01, 0x0c, 0x00, 0x0c, 0x01, 0x0c, 0x02, 0x0c, 0x03, 0x0c, 0x04,
  0x0d, 0x03, 0x0d, 0x02, 0x0d, 0x01, 0x0d, 0x00, 0x0d, 0x01, 0x0d, 0x02,
  0x0d, 0x03, 0x0d, 0x04, 0x0e, 0x03, 0x0e, 0x02, 0x0e, 0x01, 0x0e, 0x00,
  0x0e, 0x01, 0x0e, 0x02, 0x0e, 0x03, 0x0e, 0x04, 0x0f, 0x03, 0x0f, 0x02,
  0x0f, 0x01, 0x0f, 0x00, 0x0f, 0x01, 0x0f, 0x02, 0x0f, 0x03, 0x0f, 0x04,
  0x10, 0x04, 0x10, 0x03, 0x10, 0x02, 0x10, 0x01, 0x10, 0x00, 0x10, 0x01,
  0x10, 0x02, 0x10, 0x03, 0x10, 0x04, 0x11, 0x03, 0x11, 0x02, 0x11, 0x01,
  0x11, 0x00, 0x11, 0x01, 0x11, 0x02, 0x11, 0x03, 0x11, 0x04, 0x12, 0x03,
  0x12, 0x02, 0x12, 0x01, 0x12, 0x00, 0x12, 0x01, 0x12, 0x02, 0x12, 0x03,
  0x12, 0x04, 0x13, 0x03, 0x13, 0x02, 0x13, 0x01, 0x13, 0x00, 0x13, 0x01,
  0x13, 0x02, 0x13, 0x03, 0x13, 0x04, 0x14, 0x04, 0x14, 0x03, 0x14, 0x02,
  0x14, 0x01, 0x14, 0x00, 0x14, 0x01, 0x14, 0x02, 0x14, 0x03, 0x14, 0x04,
  0x15, 0x03, 0x15, 0x02, 0x15, 0x01, 0x15, 0x00, 0x15, 0x01, 0x15, 0x02,
  0x15, 0x03, 0x15, 0x04, 0x16, 0x03, 0x16, 0x02, 0x16, 0x01, 0x16, 0x00,
  0x16, 0x01, 0x16, 0x02, 0x16, 0x03, 0x16, 0x04, 0x17, 0x03, 0x17, 0x02,
  0x17, 0x01, 0x17, 0x00, 0x17, 0x01, 0x17, 0x02, 0x17, 0x03, 0x17, 0x04,
  0x18, 0x04, 0x18, 0x03, 0x18, 0x02, 0x18, 0x01, 0x18, 0x00, 0x18, 0x01,
  0x18, 0x02, 0x18, 0x03, 0x18, 0x04, 0x19, 0x03, 0x19, 0x02, 0x19, 0x01,
  0x19, 0x00, 0x19, 0x01, 0x19, 0x02, 0x19, 0x03, 0x19, 0x04, 0x1a, 0x03,
  0x1a, 0x02, 0x1a, 0x01, 0x1a, 0x00, 0x1a, 0x01, 0x1a, 0x02, 0x1a, 0x03,
  0x1a, 0x04, 0x1b, 0x03, 0x1b, 0x02, 0x1b, 0x01, 0x1b, 0x00, 0x1b, 0x01,
  0x1b, 0x02, 0x1b, 0x03, 0x1b, 0x04, 0x1c, 0x04, 0x1c, 0x03, 0x1c, 0x02,
  0x1c, 0x01, 0x1c, 0x00, 0x00, 0x21, 0x00, 0x20, 0x00, 0x1f, 0x00, 0x1e,
  0x00, 0x1d, 0x00, 0x1c, 0x00, 0x1b, 0x00, 0x1a, 0x00, 0x19, 0x00, 0x18,
  0x00, 0x17, 0x00, 0x16, 0x00, 0x15, 0x00, 0x14, 0x00, 0x13, 0x00, 0x12,
  0x00, 0x11, 0x00, 0x10, 0x00, 0x0f, 0x00, 0x0e, 0x00, 0x0d, 0x00, 0x0c,
  0x00, 0x0b, 0x00, 0x0a, 0x00, 0x09, 0x00, 0x08, 0x00, 0x07, 0x00, 0x06,
  0x00, 0x05, 0x00, 0x04, 0x00, 0x03, 0x00, 0x02, 0x00, 0x01, 0x00, 0x00,
  0x00, 0x01, 0x00, 0x02, 0x00, 0x03, 0x00, 0x04, 0x00, 0x05, 0x00, 0x06,
  0x00, 0x07, 0x00, 0x08, 0x01, 0x08, 0x01, 0x07, 0x01, 0x06, 0x01, 0x05,
  0x01, 0x04, 0x01, 0x03, 0x01, 0x02, 0x01, 0x01, 0x01, 0x00, 0x01, 0x01,
  0x01, 0x02, 0x01, 0x03, 0x01, 0x04, 0x01, 0x05, 0x01, 0x06, 0x01, 0x07,
  0x01, 0x08, 0x02, 0x08, 0x02, 0x07, 0x02, 0x06, 0x02, 0x05, 0x02, 0x04,
  0x02, 0x03, 0x02, 0x02, 0x02, 0x01, 0x02, 0x00, 0x02, 0x01, 0x02, 0x02,
  0x02, 0x03, 0x02, 0x04, 0x02, 0x05, 0x02, 0x06, 0x02, 0x07, 0x02, 0x08,
  0x03, 0x08, 0x03, 0x07, 0x03, 0x06, 0x03, 0x05, 0x03, 0x04, 0x03, 0x03,
  0x03, 0x02, 0x03, 0x01, 0x03, 0x00, 0x03, 0x01, 0x03, 0x02, 0x03, 0x03,
  0x03, 0x04, 0x03, 0x05, 0x03, 0x06, 0x03, 0x07, 0x03, 0x08, 0x04, 0x08,
  0x04, 0x07, 0x04, 0x06, 0x04, 0x05, 0x04, 0x04, 0x04, 0x03, 0x04, 0x02,
  0x04, 0x01, 0x04, 0x00, 0x04, 0x01, 0x04, 0x02, 0x04, 0x03, 0x04, 0x04,
  0x04, 0x05, 0x04, 0x06, 0x04, 0x07, 0x04, 0x08, 0x05, 0x08, 0x05, 0x07,
  0x05, 0x06, 0x05, 0x05, 0x05, 0x04, 0x05, 0x03, 0x05, 0x02, 0x05, 0x01,
  0x05, 0x00, 0x05, 0x01, 0x05, 0x02, 0x05, 0x03, 0x05, 0x04, 0x05, 0x05,
  0x05, 0x06, 0x05, 0x07, 0x05, 0x08, 0x06, 0x08, 0x06, 0x07, 0x06, 0x06,
  0x06, 0x05, 0x06, 0x04, 0x06, 0x03, 0x06, 0x02, 0x06, 0x01, 0x06, 0x00,
  0x06, 0x01, 0x06, 0x02, 0x06, 0x03, 0x06, 0x04, 0x06, 0x05, 0x06, 0x06,
  0x06, 0x07, 0x06, 0x08, 0x07, 0x08, 0x07, 0x07, 0x07, 0x06, 0x07, 0x05,
  0x07, 0x04, 0x07, 0x03, 0x07, 0x02, 0x07, 0x01, 0x07, 0x00, 0x07, 0x01,
  0x07, 0x02, 0x07, 0x03, 0x07, 0x04, 0x07, 0x05, 0x07, 0x06, 0x07, 0x07,
  0x07, 0x08, 0x08, 0x08, 0x08, 0x07, 0x08, 0x06, 0x08, 0x05, 0x08, 0x04,
  0x08, 0x03, 0x08, 0x02, 0x08, 0x01, 0x08, 0x00, 0x08, 0x01, 0x08, 0x02,
  0x08, 0x03, 0x08, 0x04, 0x08, 0x05, 0x08, 0x06, 0x08, 0x07, 0x08, 0x08,
  0x09, 0x08, 0x09, 0x07, 0x09, 0x06, 0x09, 0x05, 0x09, 0x04, 0x09, 0x03,
  0x09, 0x02, 0x09, 0x01, 0x09, 0x00, 0x09, 0x01, 0x09, 0x02, 0x09, 0x03,
  0x09, 0x04, 0x09, 0x05, 0x09, 0x06, 0x09, 0x07, 0x09, 0x08, 0x0a, 0x08,
  0x0a, 0x07, 0x0a, 0x06, 0x0a, 0x05, 0x0a, 0x04, 0x0a, 0x03, 0x0a, 0x02,
  0x0a, 0x01, 0x0a, 0x00, 0x0a, 0x01, 0x0a, 0x02, 0x0a, 0x03, 0x0a, 0x04,
  0x0a, 0x05, 0x0a, 0x06, 0x0a, 0x07, 0x0a, 0x08, 0x0b, 0x08, 0x0b, 0x07,
  0x0b, 0x06, 0x0b, 0x05, 0x0b, 0x04, 0x0b, 0x03, 0x0b, 0x02, 0x0b, 0x01,
  0x0b, 0x00, 0x0b, 0x01, 0x0b, 0x02, 0x0b, 0x03, 0x0b, 0x04, 0x0b, 0x05,
  0x0b, 0x06, 0x0b, 0x07, 0x0b, 0x08, 0x0c, 0x08, 0x0c, 0x07, 0x0c, 0x06,
  0x0c, 0x05, 0x0c, 0x04, 0x0c, 0x03, 0x0c, 0x02, 0x0c, 0x01, 0x0c, 0x00,
  0x0c, 0x01, 0x0c, 0x02, 0x0c, 0x03, 0x0c, 0x04, 0x0c, 0x05, 0x0c, 0x06,
  0x0c, 0x07, 0x0c, 0x08, 0x0d, 0x08, 0x0d, 0x07, 0x0d, 0x06, 0x0d, 0x05,
  0x0d, 0x04, 0x0d, 0x03, 0x0d, 0x02, 0x0d, 0x01, 0x0d, 0x00, 0x0e, 0x00,
  0x00, 0x21, 0x00, 0x20, 0x00, 0x1f, 0x00, 0x1e, 0x00, 0x1d, 0x00, 0x1c,
  0x00, 0x1b, 0x00, 0x1a, 0x00, 0x19, 0x00, 0x18, 0x00, 0x17, 0x00, 0x16,
  0x00, 0x15, 0x00, 0x14, 0x00, 0x13, 0x00, 0x12, 0x00, 0x11, 0x00, 0x10,
  0x00, 0x0f, 0x00, 0x0e, 0x00, 0x0d, 0x00, 0x0c, 0x00, 0x0b, 0x00, 0x0a,
  0x00, 0x09, 0x00, 0x08, 0x00, 0x07, 0x00, 0x06, 0x00, 0x05, 0x00, 0x04,
  0x00, 0x03, 0x00, 0x02, 0x00, 0x01, 0x00, 0x00, 0x00, 0x01, 0x00, 0x02,
  0x00, 0x03, 0x00, 0x04, 0x01, 0x03, 0x01, 0x02, 0x01, 0x01, 0x01, 0x00,
  0x01, 0x01, 0x01, 0x02, 0x01, 0x03, 0x01, 0x04, 0x02, 0x03, 0x02, 0x02,
  0x02, 0x01, 0x02, 0x00, 0x02, 0x01, 0x02, 0x02, 0x02, 0x03, 0x02, 0x04,
  0x03, 0x03, 0x03, 0x02, 0x03, 0x01, 0x03, 0x00, 0x03, 0x01, 0x03, 0x02,
  0x03, 0x03, 0x03, 0x04, 0x04, 0x04, 0x04, 0x03, 0x04, 0x02, 0x04, 0x01,
  0x04, 0x00, 0x04, 0x01, 0x04, 0x02, 0x04, 0x03, 0x04, 0x04, 0x05, 0x03,
  0x05, 0x02, 0x05, 0x01, 0x05, 0x00, 0x05, 0x01, 0x05, 0x02, 0x05, 0x03,
  0x05, 0x04, 0x06, 0x03, 0x06, 0x02, 0x06, 0x01, 0x06, 0x00, 0x06, 0x01,
  0x06, 0x02, 0x06, 0x03, 0x06, 0x04, 0x07, 0x03, 0x07, 0x02, 0x07, 0x01,
  0x07, 0x00, 0x07, 0x01, 0x07, 0x02, 0x07, 0x03, 0x07, 0x04, 0x08, 0x04,
  0x08, 0x03, 0x08, 0x02, 0x08, 0x01, 0x08, 0x00, 0x08, 0x01, 0x08, 0x02,
  0x08, 0x03, 0x08, 0x04, 0x09, 0x03, 0x09, 0x02, 0x09, 0x01, 0x09, 0x00,
  0x09, 0x01, 0x09, 0x02, 0x09, 0x03, 0x09, 0x04, 0x0a, 0x03, 0x0a, 0x02,
  0x0a, 0x01, 0x0a, 0x00, 0x0a, 0x01, 0x0a, 0x02, 0x0a, 0x03, 0x0a, 0x04,
  0x0b, 0x03, 0x0b, 0x02, 0x0b, 0x01, 0x0b, 0x00, 0x0b, 0x01, 0x0b, 0x02,
  0x0b, 0x03, 0x0b, 0x04, 0x0c, 0x04, 0x0c, 0x03, 0x0c, 0x02, 0x0c, 0x01,
  0x0c, 0x00, 0x0c, 0x01, 0x0c, 0x02, 0x0c, 0x03, 0x0c, 0x04, 0x0d, 0x03,
  0x0d, 0x02, 0x0d, 0x01, 0x0d, 0x00, 0x0d, 0x01, 0x0d, 0x02, 0x0d, 0x03,
  0x0d, 0x04, 0x0e, 0x03, 0x0e, 0x02, 0x0e, 0x01, 0x0e, 0x00, 0x0e, 0x01,
  0x0e, 0x02, 0x0e, 0x03, 0x0e, 0x04, 0x0f, 0x03, 0x0f, 0x02, 0x0f, 0x01,
  0x0f, 0x00, 0x0f, 0x01, 0x0f, 0x02, 0x0f, 0x03, 0x0f, 0x04, 0x10, 0x04,
  0x10, 0x03, 0x10, 0x02, 0x10, 0x01, 0x10, 0x00, 0x10, 0x01, 0x10, 0x02,
  0x10, 0x03, 0x10, 0x04, 0x11, 0x03, 0x11, 0x02, 0x11, 0x01, 0x11, 0x00,
  0x11, 0x01, 0x11, 0x02, 0x11, 0x03, 0x11, 0x04, 0x12, 0x03, 0x12, 0x02,
  0x12, 0x01, 0x12, 0x00, 0x12, 0x01, 0x12, 0x02, 0x12, 0x03, 0x12, 0x04,
  0x13, 0x03, 0x13, 0x02, 0x13, 0x01, 0x13, 0x00, 0x13, 0x01, 0x13, 0x02,
  0x13, 0x03, 0x13, 0x04, 0x14, 0x04, 0x14, 0x03, 0x14, 0x02, 0x14, 0x01,
  0x14, 0x00, 0x14, 0x01, 0x14, 0x02, 0x14, 0x03, 0x14, 0x04, 0x15, 0x03,
  0x15, 0x02, 0x15, 0x01, 0x15, 0x00, 0x15, 0x01, 0x15, 0x02, 0x15, 0x03,
  0x15, 0x04, 0x16, 0x03, 0x16, 0x02, 0x16, 0x01, 0x16, 0x00, 0x16, 0x01,
  0x16, 0x02, 0x16, 0x03, 0x16, 0x04, 0x17, 0x03, 0x17, 0x02, 0x17, 0x01,
  0x17, 0x00, 0x17, 0x01, 0x17, 0x02, 0x17, 0x03, 0x17, 0x04, 0x18, 0x04,
  0x18, 0x03, 0x18, 0x02, 0x18, 0x01, 0x18, 0x00, 0x18, 0x01, 0x18, 0x02,
  0x18, 0x03, 0x18, 0x04, 0x19, 0x03, 0x19, 0x02, 0x19, 0x01, 0x19, 0x00,
  0x19, 0x01, 0x19, 0x02, 0x19, 0x03, 0x19, 0x04, 0x1a, 0x03, 0x1a, 0x02,
  0x1a, 0x01, 0x1a, 0x00, 0x1a, 0x01, 0x1a, 0x02, 0x1a, 0x03, 0x1a, 0x04,
  0x1b, 0x03, 0x1b, 0x02, 0x1b, 0x01, 0x1b, 0x00, 0x00, 0x2f, 0x00, 0x2e,
  0x00, 0x2d, 0x00, 0x2c, 0x00, 0x2b, 0x00, 0x2a, 0x00, 0x29, 0x00, 0x28,
  0x00, 0x27, 0x00, 0x26, 0x00, 0x25, 0x00, 0x24, 0x00, 0x23, 0x00, 0x22,
  0x00, 0x21, 0x00, 0x20, 0x00, 0x1f, 0x00, 0x1e, 0x00, 0x1d, 0x00, 0x1c,
  0x00, 0x1b, 0x00, 0x1a, 0x00, 0x19, 0x00, 0x18, 0x00, 0x17, 0x00, 0x16,
  0x00, 0x15, 0x00, 0x14, 0x00, 0x13, 0x00, 0x12, 0x00, 0x11, 0x00, 0x10,
  0x00, 0x0f, 0x00, 0x0e, 0x00, 0x0d, 0x00, 0x0c, 0x00, 0x0b, 0x00, 0x0a,
  0x00, 0x09, 0x00, 0x08, 0x00, 0x07, 0x00, 0x06, 0x00, 0x05, 0x00, 0x04,
  0x00, 0x03, 0x00, 0x02, 0x00, 0x01, 0x00, 0x00, 0x00, 0x01, 0x00, 0x02,
  0x00, 0x03, 0x00, 0x04, 0x00, 0x05, 0x00, 0x06, 0x00, 0x07, 0x00, 0x08,
  0x01, 0x08, 0x01, 0x07, 0x01, 0x06, 0x01, 0x05, 0x01, 0x04, 0x01, 0x03,
  0x01, 0x02, 0x01, 0x01, 0x01, 0x00, 0x01, 0x01, 0x01, 0x02, 0x01, 0x03,
  0x01, 0x04, 0x01, 0x05, 0x01, 0x06, 0x01, 0x07, 0x01, 0x08, 0x02, 0x08,
  0x02, 0x07, 0x02, 0x06, 0x02, 0x05, 0x02, 0x04, 0x02, 0x03, 0x02, 0x02,
  0x02, 0x01, 0x02, 0x00, 0x02, 0x01, 0x02, 0x02, 0x02, 0x03, 0x02, 0x04,
  0x02, 0x05, 0x02, 0x06, 0x02, 0x07, 0x02, 0x08, 0x03, 0x08, 0x03, 0x07,
  0x03, 0x06, 0x03, 0x05, 0x03, 0x04, 0x03, 0x03, 0x03, 0x02, 0x03, 0x01,
  0x03, 0x00, 0x03, 0x01, 0x03, 0x02, 0x03, 0x03, 0x03, 0x04, 0x03, 0x05,
  0x03, 0x06, 0x03, 0x07, 0x03, 0x08, 0x04, 0x08, 0x04, 0x07, 0x04, 0x06,
  0x04, 0x05, 0x04, 0x04, 0x04, 0x03, 0x04, 0x02, 0x04, 0x01, 0x04, 0x00,
  0x04, 0x01, 0x04, 0x02, 0x04, 0x03, 0x04, 0x04, 0x04, 0x05, 0x04, 0x06,
  0x04, 0x07, 0x04, 0x08, 0x05, 0x08, 0x05, 0x07, 0x05, 0x06, 0x05, 0x05,
  0x05, 0x04, 0x05, 0x03, 0x05, 0x02, 0x05, 0x01, 0x05, 0x00, 0x05, 0x01,
  0x05, 0x02, 0x05, 0x03, 0x05, 0x04, 0x05, 0x05, 0x05, 0x06, 0x05, 0x07,
  0x05, 0x08, 0x06, 0x08, 0x06, 0x07, 0x06, 0x06, 0x06, 0x05, 0x06, 0x04,
  0x06, 0x03, 0x06, 0x02, 0x06, 0x01, 0x06, 0x00, 0x06, 0x01, 0x06, 0x02,
  0x06, 0x03, 0x06, 0x04, 0x06, 0x05, 0x06, 0x06, 0x06, 0x07, 0x06, 0x08,
  0x07, 0x08, 0x07, 0x07, 0x07, 0x06, 0x07, 0x05, 0x07, 0x04, 0x07, 0x03,
  0x07, 0x02, 0x07, 0x01, 0x07, 0x00, 0x07, 0x01, 0x07, 0x02, 0x07, 0x03,
  0x07, 0x04, 0x07, 0x05, 0x07, 0x06, 0x07, 0x07, 0x07, 0x08, 0x08, 0x08,
  0x08, 0x07, 0x08, 0x06, 0x08, 0x05, 0x08, 0x04, 0x08, 0x03, 0x08, 0x02,
  0x08, 0x01, 0x08, 0x00, 0x08, 0x01, 0x08, 0x02, 0x08, 0x03, 0x08, 0x04,
  0x08, 0x05, 0x08, 0x06, 0x08, 0x07, 0x08, 0x08, 0x09, 0x08, 0x09, 0x07,
  0x09, 0x06, 0x09, 0x05, 0x09, 0x04, 0x09, 0x03, 0x09, 0x02, 0x09, 0x01,
  0x09, 0x00, 0x09, 0x01, 0x09, 0x02, 0x09, 0x03, 0x09, 0x04, 0x09, 0x05,
  0x09, 0x06, 0x09, 0x07, 0x09, 0x08, 0x0a, 0x08, 0x0a, 0x07, 0x0a, 0x06,
  0x0a, 0x05, 0x0a, 0x04, 0x0a, 0x03, 0x0a, 0x02, 0x0a, 0x01, 0x0a, 0x00,
  0x0a, 0x01, 0x0a, 0x02, 0x0a, 0x03, 0x0a, 0x04, 0x0a, 0x05, 0x0a, 0x06,
  0x0a, 0x07, 0x0a, 0x08, 0x0b, 0x08, 0x0b, 0x07, 0x0b, 0x06, 0x0b, 0x05,
  0x0b, 0x04, 0x0b, 0x03, 0x0b, 0x02, 0x0b, 0x01, 0x0b, 0x00, 0x0b, 0x01,
  0x0b, 0x02, 0x0b, 0x03, 0x0b, 0x04, 0x0b, 0x05, 0x0b, 0x06, 0x0b, 0x07,
  0x0b, 0x08, 0x0c, 0x08, 0x0c, 0x07, 0x0c, 0x06, 0x0c, 0x05, 0x0c, 0x04,
  0x0c, 0x03, 0x0c, 0x02, 0x0c, 0x01, 0x0c, 0x00, 0x0c, 0x01, 0x0c, 0x02,
  0x0d, 0x01, 0x0d, 0x00, 0x00, 0x2f, 0x00, 0x2e, 0x00, 0x2d, 0x00, 0x2c,
  0x00, 0x2b, 0x00, 0x2a, 0x00, 0x29, 0x00, 0x28, 0x00, 0x27, 0x00, 0x26,
  0x00, 0x25, 0x00, 0x24, 0x00, 0x23, 0x00, 0x22, 0x00, 0x21, 0x00, 0x20,
  0x00, 0x1f, 0x00, 0x1e, 0x00, 0x1d, 0x00, 0x1c, 0x00, 0x1b, 0x00, 0x1a,
  0x00, 0x19, 0x00, 0x18, 0x00, 0x17, 0x00, 0x16, 0x00, 0x15, 0x00, 0x14,
  0x00, 0x13, 0x00, 0x12, 0x00, 0x11, 0x00, 0x10, 0x00, 0x0f, 0x00, 0x0e,
  0x00, 0x0d, 0x00, 0x0c, 0x00, 0x0b, 0x00, 0x0a, 0x00, 0x09, 0x00, 0x08,
  0x00, 0x07, 0x00, 0x06, 0x00, 0x05, 0x00, 0x04, 0x00, 0x03, 0x00, 0x02,
  0x00, 0x01, 0x00, 0x00, 0x00, 0x01, 0x00, 0x02, 0x00, 0x03, 0x00, 0x04,
  0x01, 0x03, 0x01, 0x02, 0x01, 0x01, 0x01, 0x00, 0x01, 0x01, 0x01, 0x02,
  0x01, 0x03, 0x01, 0x04, 0x02, 0x03, 0x02, 0x02, 0x02, 0x01, 0x02, 0x00,
  0x02, 0x01, 0x02, 0x02, 0x02, 0x03, 0x02, 0x04, 0x03, 0x03, 0x03, 0x02,
  0x03, 0x01, 0x03, 0x00, 0x03, 0x01, 0x03, 0x02, 0x03, 0x03, 0x03, 0x04,
  0x04, 0x04, 0x04, 0x03, 0x04, 0x02, 0x04, 0x01, 0x04, 0x00, 0x04, 0x01,
  0x04, 0x02, 0x04, 0x03, 0x04, 0x04, 0x05, 0x03, 0x05, 0x02, 0x05, 0x01,
  0x05, 0x00, 0x05, 0x01, 0x05, 0x02, 0x05, 0x03, 0x05, 0x04, 0x06, 0x03,
  0x06, 0x02, 0x06, 0x01, 0x06, 0x00, 0x06, 0x01, 0x06, 0x02, 0x06, 0x03,
  0x06, 0x04, 0x07, 0x03, 0x07, 0x02, 0x07, 0x01, 0x07, 0x00, 0x07, 0x01,
  0x07, 0x02, 0x07, 0x03, 0x07, 0x04, 0x08, 0x04, 0x08, 0x03, 0x08, 0x02,
  0x08, 0x01, 0x08, 0x00, 0x08, 0x01, 0x08, 0x02, 0x08, 0x03, 0x08, 0x04,
  0x09, 0x03, 0x09, 0x02, 0x09, 0x01, 0x09, 0x00, 0x09, 0x01, 0x09, 0x02,
  0x09, 0x03, 0x09, 0x04, 0x0a, 0x03, 0x0a, 0x02, 0x0a, 0x01, 0x0a, 0x00,
  0x0a, 0x01, 0x0a, 0x02, 0x0a, 0x03, 0x0a, 0x04, 0x0b, 0x03, 0x0b, 0x02,
  0x0b, 0x01, 0x0b, 0x00, 0x0b, 0x01, 0x0b, 0x02, 0x0b, 0x03, 0x0b, 0x04,
  0x0c, 0x04, 0x0c, 0x03, 0x0c, 0x02, 0x0c, 0x01, 0x0c, 0x00, 0x0c, 0x01,
  0x0c, 0x02, 0x0c, 0x03, 0x0c, 0x04, 0x0d, 0x03, 0x0d, 0x02, 0x0d, 0x01,
  0x0d, 0x00, 0x0d, 0x01, 0x0d, 0x02, 0x0d, 0x03, 0x0d, 0x04, 0x0e, 0x03,
  0x0e, 0x02, 0x0e, 0x01, 0x0e, 0x00, 0x0e, 0x01, 0x0e, 0x02, 0x0e, 0x03,
  0x0e, 0x04, 0x0f, 0x03, 0x0f, 0x02, 0x0f, 0x01, 0x0f, 0x00, 0x0f, 0x01,
  0x0f, 0x02, 0x0f, 0x03, 0x0f, 0x04, 0x10, 0x04, 0x10, 0x03, 0x10, 0x02,
  0x10, 0x01, 0x10, 0x00, 0x10, 0x01, 0x10, 0x02, 0x10, 0x03, 0x10, 0x04,
  0x11, 0x03, 0x11, 0x02, 0x11, 0x01, 0x11, 0x00, 0x11, 0x01, 0x11, 0x02,
  0x11, 0x03, 0x11, 0x04, 0x12, 0x03, 0x12, 0x02, 0x12, 0x01, 0x12, 0x00,
  0x12, 0x01, 0x12, 0x02, 0x12, 0x03, 0x12, 0x04, 0x13, 0x03, 0x13, 0x02,
  0x13, 0x01, 0x13, 0x00, 0x13, 0x01, 0x13, 0x02, 0x13, 0x03, 0x13, 0x04,
  0x14, 0x04, 0x14, 0x03, 0x14, 0x02, 0x14, 0x01, 0x14, 0x00, 0x14, 0x01,
  0x14, 0x02, 0x14, 0x03, 0x14, 0x04, 0x15, 0x03, 0x15, 0x02, 0x15, 0x01,
  0x15, 0x00, 0x15, 0x01, 0x15, 0x02, 0x15, 0x03, 0x15, 0x04, 0x16, 0x03,
  0x16, 0x02, 0x16, 0x01, 0x16, 0x00, 0x16, 0x01, 0x16, 0x02, 0x16, 0x03,
  0x16, 0x04, 0x17, 0x03, 0x17, 0x02, 0x17, 0x01, 0x17, 0x00, 0x17, 0x01,
  0x17, 0x02, 0x17, 0x03, 0x17, 0x04, 0x18, 0x04, 0x18, 0x03, 0x18, 0x02,
  0x18, 0x01, 0x18, 0x00, 0x18, 0x01, 0x18, 0x02, 0x18, 0x03, 0x18, 0x04,
  0x19, 0x03, 0x19, 0x02, 0x19, 0x01, 0x19, 0x00, 0x19, 0x01, 0x1a, 0x00,
  0x00, 0x08, 0x00, 0x07, 0x00, 0x06, 0x00, 0x05, 0x00, 0x04, 0x00, 0x03,
  0x00, 0x02, 0x00, 0x01, 0x00, 0x00, 0x00, 0x01, 0x00, 0x02, 0x00, 0x03,
  0x00, 0x04, 0x00, 0x05, 0x00, 0x06, 0x00, 0x07, 0x00, 0x08, 0x01, 0x08,
  0x01, 0x07, 0x01, 0x06, 0x01, 0x05, 0x01, 0x04, 0x01, 0x03, 0x01, 0x02,
  0x01, 0x01, 0x01, 0x00, 0x01, 0x01, 0x01, 0x02, 0x01, 0x03, 0x01, 0x04,
  0x01, 0x05, 0x01, 0x06, 0x01, 0x07, 0x01, 0x08, 0x02, 0x08, 0x02, 0x07,
  0x02, 0x06, 0x02, 0x05, 0x02, 0x04, 0x02, 0x03, 0x02, 0x02, 0x02, 0x01,
  0x02, 0x00, 0x02, 0x01, 0x02, 0x02, 0x02, 0x03, 0x02, 0x04, 0x02, 0x05,
  0x02, 0x06, 0x02, 0x07, 0x02, 0x08, 0x03, 0x08, 0x03, 0x07, 0x03, 0x06,
  0x03, 0x05, 0x03, 0x04, 0x03, 0x03, 0x03, 0x02, 0x03, 0x01, 0x03, 0x00,
  0x03, 0x01, 0x03, 0x02, 0x03, 0x03, 0x03, 0x04, 0x03, 0x05, 0x03, 0x06,
  0x03, 0x07, 0x03, 0x08, 0x04, 0x08, 0x04, 0x07, 0x04, 0x06, 0x04, 0x05,
  0x04, 0x04, 0x04, 0x03, 0x04, 0x02, 0x04, 0x01, 0x04, 0x00, 0x04, 0x01,
  0x04, 0x02, 0x04, 0x03, 0x04, 0x04, 0x04, 0x05, 0x04, 0x06, 0x04, 0x07,
  0x04, 0x08, 0x05, 0x08, 0x05, 0x07, 0x05, 0x06, 0x05, 0x05, 0x05, 0x04,
  0x05, 0x03, 0x05, 0x02, 0x05, 0x01, 0x05, 0x00, 0x05, 0x01, 0x05, 0x02,
  0x05, 0x03, 0x05, 0x04, 0x05, 0x05, 0x05, 0x06, 0x05, 0x07, 0x05, 0x08,
  0x06, 0x08, 0x06, 0x07, 0x06, 0x06, 0x06, 0x05, 0x06, 0x04, 0x06, 0x03,
  0x06, 0x02, 0x06, 0x01, 0x06, 0x00, 0x06, 0x01, 0x06, 0x02, 0x06, 0x03,
  0x06, 0x04, 0x06, 0x05, 0x06, 0x06, 0x06, 0x07, 0x06, 0x08, 0x07, 0x08,
  0x07, 0x07, 0x07, 0x06, 0x07, 0x05, 0x07, 0x04, 0x07, 0x03, 0x07, 0x02,
  0x07, 0x01, 0x07, 0x00, 0x07, 0x01, 0x07, 0x02, 0x07, 0x03, 0x07, 0x04,
  0x07, 0x05, 0x07, 0x06, 0x07, 0x07, 0x07, 0x08, 0x08, 0x08, 0x08, 0x07,
  0x08, 0x06, 0x08, 0x05, 0x08, 0x04, 0x08, 0x03, 0x08, 0x02, 0x08, 0x01,
  0x08, 0x00, 0x08, 0x01, 0x08, 0x02, 0x08, 0x03, 0x08, 0x04, 0x08, 0x05,
  0x08, 0x06, 0x08, 0x07, 0x08, 0x08, 0x09, 0x08, 0x09, 0x07, 0x09, 0x06,
  0x09, 0x05, 0x09, 0x04, 0x09, 0x03, 0x09, 0x02, 0x09, 0x01, 0x09, 0x00,
  0x09, 0x01, 0x09, 0x02, 0x09, 0x03, 0x09, 0x04, 0x09, 0x05, 0x09, 0x06,
  0x09, 0x07, 0x09, 0x08, 0x0a, 0x08, 0x0a, 0x07, 0x0a, 0x06, 0x0a, 0x05,
  0x0a, 0x04, 0x0a, 0x03, 0x0a, 0x02, 0x0a, 0x01, 0x0a, 0x00, 0x0a, 0x01,
  0x0a, 0x02, 0x0a, 0x03, 0x0a, 0x04, 0x0a, 0x05, 0x0a, 0x06, 0x0a, 0x07,
  0x0a, 0x08, 0x0b, 0x08, 0x0b, 0x07, 0x0b, 0x06, 0x0b, 0x05, 0x0b, 0x04,
  0x0b, 0x03, 0x0b, 0x02, 0x0b, 0x01, 0x0b, 0x00, 0x0b, 0x01, 0x0b, 0x02,
  0x0b, 0x03, 0x0b, 0x04, 0x0b, 0x05, 0x0b, 0x06, 0x0b, 0x07, 0x0b, 0x08,
  0x0c, 0x08, 0x0c, 0x07, 0x0c, 0x06, 0x0c, 0x05, 0x0c, 0x04, 0x0c, 0x03,
  0x0c, 0x02, 0x0c, 0x01, 0x0c, 0x00, 0x0c, 0x01, 0x0c, 0x02, 0x0c, 0x03,
  0x0c, 0x04, 0x0c, 0x05, 0x0c, 0x06, 0x0c, 0x07, 0x0c, 0x08, 0x0d, 0x08,
  0x0d, 0x07, 0x0d, 0x06, 0x0d, 0x05, 0x0d, 0x04, 0x0d, 0x03, 0x0d, 0x02,
  0x0d, 0x01, 0x0d, 0x00, 0x0d, 0x01, 0x0d, 0x02, 0x0d, 0x03, 0x0d, 0x04,
  0x0d, 0x05, 0x0d, 0x06, 0x0d, 0x07, 0x0d, 0x08, 0x0e, 0x08, 0x0e, 0x07,
  0x0e, 0x06, 0x0e, 0x05, 0x0e, 0x04, 0x0e, 0x03, 0x0e, 0x02, 0x0e, 0x01,
  0x0e, 0x00, 0x0e, 0x01, 0x0e, 0x02, 0x0e, 0x03, 0x0e, 0x04, 0x0f, 0x04,
  0x0f, 0x03, 0x0f, 0x02, 0x0f, 0x01, 0x0f, 0x00, 0x00, 0x08, 0x00, 0x07,
  0x00, 0x06, 0x00, 0x05, 0x00, 0x04, 0x00, 0x03, 0x00, 0x02, 0x00, 0x01,
  0x00, 0x00, 0x00, 0x01, 0x00, 0x02, 0x00, 0x03, 0x00, 0x04, 0x01, 0x03,
  0x01, 0x02, 0x01, 0x01, 0x01, 0x00, 0x01, 0x01, 0x01, 0x02, 0x01, 0x03,
  0x01, 0x04, 0x02, 0x03, 0x02, 0x02, 0x02, 0x01, 0x02, 0x00, 0x02, 0x01,
  0x02, 0x02, 0x02, 0x03, 0x02, 0x04, 0x03, 0x03, 0x03, 0x02, 0x03, 0x01,
  0x03, 0x00, 0x03, 0x01, 0x03, 0x02, 0x03, 0x03, 0x03, 0x04, 0x04, 0x04,
  0x04, 0x03, 0x04, 0x02, 0x04, 0x01, 0x04, 0x00, 0x04, 0x01, 0x04, 0x02,
  0x04, 0x03, 0x04, 0x04, 0x05, 0x03, 0x05, 0x02, 0x05, 0x01, 0x05, 0x00,
  0x05, 0x01, 0x05, 0x02, 0x05, 0x03, 0x05, 0x04, 0x06, 0x03, 0x06, 0x02,
  0x06, 0x01, 0x06, 0x00, 0x06, 0x01, 0x06, 0x02, 0x06, 0x03, 0x06, 0x04,
  0x07, 0x03, 0x07, 0x02, 0x07, 0x01, 0x07, 0x00, 0x07, 0x01, 0x07, 0x02,
  0x07, 0x03, 0x07, 0x04, 0x08, 0x04, 0x08, 0x03, 0x08, 0x02, 0x08, 0x01,
  0x08, 0x00, 0x08, 0x01, 0x08, 0x02, 0x08, 0x03, 0x08, 0x04, 0x09, 0x03,
  0x09, 0x02, 0x09, 0x01, 0x09, 0x00, 0x09, 0x01, 0x09, 0x02, 0x09, 0x03,
  0x09, 0x04, 0x0a, 0x03, 0x0a, 0x02, 0x0a, 0x01, 0x0a, 0x00, 0x0a, 0x01,
  0x0a, 0x02, 0x0a, 0x03, 0x0a, 0x04, 0x0b, 0x03, 0x0b, 0x02, 0x0b, 0x01,
  0x0b, 0x00, 0x0b, 0x01, 0x0b, 0x02, 0x0b, 0x03, 0x0b, 0x04, 0x0c, 0x04,
  0x0c, 0x03, 0x0c, 0x02, 0x0c, 0x01, 0x0c, 0x00, 0x0c, 0x01, 0x0c, 0x02,
  0x0c, 0x03, 0x0c, 0x04, 0x0d, 0x03, 0x0d, 0x02, 0x0d, 0x01, 0x0d, 0x00,
  0x0d, 0x01, 0x0d, 0x02, 0x0d, 0x03, 0x0d, 0x04, 0x0e, 0x03, 0x0e, 0x02,
  0x0e, 0x01, 0x0e, 0x00, 0x0e, 0x01, 0x0e, 0x02, 0x0e, 0x03, 0x0e, 0x04,
  0x0f, 0x03, 0x0f, 0x02, 0x0f, 0x01, 0x0f, 0x00, 0x0f, 0x01, 0x0f, 0x02,
  0x0f, 0x03, 0x0f, 0x04, 0x10, 0x04, 0x10, 0x03, 0x10, 0x02, 0x10, 0x01,
  0x10, 0x00, 0x10, 0x01, 0x10, 0x02, 0x10, 0x03, 0x10, 0x04, 0x11, 0x03,
  0x11, 0x02, 0x11, 0x01, 0x11, 0x00, 0x11, 0x01, 0x11, 0x02, 0x11, 0x03,
  0x11, 0x04, 0x12, 0x03, 0x12, 0x02, 0x12, 0x01, 0x12, 0x00, 0x12, 0x01,
  0x12, 0x02, 0x12, 0x03, 0x12, 0x04, 0x13, 0x03, 0x13, 0x02, 0x13, 0x01,
  0x13, 0x00, 0x13, 0x01, 0x13, 0x02, 0x13, 0x03, 0x13, 0x04, 0x14, 0x04,
  0x14, 0x03, 0x14, 0x02, 0x14, 0x01, 0x14, 0x00, 0x14, 0x01, 0x14, 0x02,
  0x14, 0x03, 0x14, 0x04, 0x15, 0x03, 0x15, 0x02, 0x15, 0x01, 0x15, 0x00,
  0x15, 0x01, 0x15, 0x02, 0x15, 0x03, 0x15, 0x04, 0x16, 0x03, 0x16, 0x02,
  0x16, 0x01, 0x16, 0x00, 0x16, 0x01, 0x16, 0x02, 0x16, 0x03, 0x16, 0x04,
  0x17, 0x03, 0x17, 0x02, 0x17, 0x01, 0x17, 0x00, 0x17, 0x01, 0x17, 0x02,
  0x17, 0x03, 0x17, 0x04, 0x18, 0x04, 0x18, 0x03, 0x18, 0x02, 0x18, 0x01,
  0x18, 0x00, 0x18, 0x01, 0x18, 0x02, 0x18, 0x03, 0x18, 0x04, 0x19, 0x03,
  0x19, 0x02, 0x19, 0x01, 0x19, 0x00, 0x19, 0x01, 0x19, 0x02, 0x19, 0x03,
  0x19, 0x04, 0x1a, 0x03, 0x1a, 0x02, 0x1a, 0x01, 0x1a, 0x00, 0x1a, 0x01,
  0x1a, 0x02, 0x1a, 0x03, 0x1a, 0x04, 0x1b, 0x03, 0x1b, 0x02, 0x1b, 0x01,
  0x1b, 0x00, 0x1b, 0x01, 0x1b, 0x02, 0x1b, 0x03, 0x1b, 0x04, 0x1c, 0x04,
  0x1c, 0x03, 0x1c, 0x02, 0x1c, 0x01, 0x1c, 0x00, 0x1c, 0x01, 0x1c, 0x02,
  0x1c, 0x03, 0x1c, 0x04, 0x1d, 0x03, 0x1d, 0x02, 0x1d, 0x01, 0x1d, 0x00,
  0x1d, 0x01, 0x1d, 0x02, 0x1d, 0x03, 0x1d, 0x04, 0x1e, 0x03, 0x1e, 0x02,
  0x1e, 0x01, 0x1e, 0x00, 0x00, 0x11, 0x00, 0x10, 0x00, 0x0f, 0x00, 0x0e,
  0x00, 0x0d, 0x00, 0x0c, 0x00, 0x0b, 0x00, 0x0a, 0x00, 0x09, 0x00, 0x08,
  0x00, 0x07, 0x00, 0x06, 0x00, 0x05, 0x00, 0x04, 0x00, 0x03, 0x00, 0x02,
  0x00, 0x01, 0x00, 0x00, 0x00, 0x01, 0x00, 0x02, 0x00, 0x03, 0x00, 0x04,
  0x00, 0x05, 0x00, 0x06, 0x00, 0x07, 0x00, 0x08, 0x01, 0x08, 0x01, 0x07,
  0x01, 0x06, 0x01, 0x05, 0x01, 0x04, 0x01, 0x03, 0x01, 0x02, 0x01, 0x01,
  0x01, 0x00, 0x01, 0x01, 0x01, 0x02, 0x01, 0x03, 0x01, 0x04, 0x01, 0x05,
  0x01, 0x06, 0x01, 0x07, 0x01, 0x08, 0x02, 0x08, 0x02, 0x07, 0x02, 0x06,
  0x02, 0x05, 0x02, 0x04, 0x02, 0x03, 0x02, 0x02, 0x02, 0x01, 0x02, 0x00,
  0x02, 0x01, 0x02, 0x02, 0x02, 0x03, 0x02, 0x04, 0x02, 0x05, 0x02, 0x06,
  0x02, 0x07, 0x02, 0x08, 0x03, 0x08, 0x03, 0x07, 0x03, 0x06, 0x03, 0x05,
  0x03, 0x04, 0x03, 0x03, 0x03, 0x02, 0x03, 0x01, 0x03, 0x00, 0x03, 0x01,
  0x03, 0x02, 0x03, 0x03, 0x03, 0x04, 0x03, 0x05, 0x03, 0x06, 0x03, 0x07,
  0x03, 0x08, 0x04, 0x08, 0x04, 0x07, 0x04, 0x06, 0x04, 0x05, 0x04, 0x04,
  0x04, 0x03, 0x04, 0x02, 0x04, 0x01, 0x04, 0x00, 0x04, 0x01, 0x04, 0x02,
  0x04, 0x03, 0x04, 0x04, 0x04, 0x05, 0x04, 0x06, 0x04, 0x07, 0x04, 0x08,
  0x05, 0x08, 0x05, 0x07, 0x05, 0x06, 0x05, 0x05, 0x05, 0x04, 0x05, 0x03,
  0x05, 0x02, 0x05, 0x01, 0x05, 0x00, 0x05, 0x01, 0x05, 0x02, 0x05, 0x03,
  0x05, 0x04, 0x05, 0x05, 0x05, 0x06, 0x05, 0x07, 0x05, 0x08, 0x06, 0x08,
  0x06, 0x07, 0x06, 0x06, 0x06, 0x05, 0x06, 0x04, 0x06, 0x03, 0x06, 0x02,
  0x06, 0x01, 0x06, 0x00, 0x06, 0x01, 0x06, 0x02, 0x06, 0x03, 0x06, 0x04,
  0x06, 0x05, 0x06, 0x06, 0x06, 0x07, 0x06, 0x08, 0x07, 0x08, 0x07, 0x07,
  0x07, 0x06, 0x07, 0x05, 0x07, 0x04, 0x07, 0x03, 0x07, 0x02, 0x07, 0x01,
  0x07, 0x00, 0x07, 0x01, 0x07, 0x02, 0x07, 0x03, 0x07, 0x04, 0x07, 0x05,
  0x07, 0x06, 0x07, 0x07, 0x07, 0x08, 0x08, 0x08, 0x08, 0x07, 0x08, 0x06,
  0x08, 0x05, 0x08, 0x04, 0x08, 0x03, 0x08, 0x02, 0x08, 0x01, 0x08, 0x00,
  0x08, 0x01, 0x08, 0x02, 0x08, 0x03, 0x08, 0x04, 0x08, 0x05, 0x08, 0x06,
  0x08, 0x07, 0x08, 0x08, 0x09, 0x08, 0x09, 0x07, 0x09, 0x06, 0x09, 0x05,
  0x09, 0x04, 0x09, 0x03, 0x09, 0x02, 0x09, 0x01, 0x09, 0x00, 0x09, 0x01,
  0x09, 0x02, 0x09, 0x03, 0x09, 0x04, 0x09, 0x05, 0x09, 0x06, 0x09, 0x07,
  0x09, 0x08, 0x0a, 0x08, 0x0a, 0x07, 0x0a, 0x06, 0x0a, 0x05, 0x0a, 0x04,
  0x0a, 0x03, 0x0a, 0x02, 0x0a, 0x01, 0x0a, 0x00, 0x0a, 0x01, 0x0a, 0x02,
  0x0a, 0x03, 0x0a, 0x04, 0x0a, 0x05, 0x0a, 0x06, 0x0a, 0x07, 0x0a, 0x08,
  0x0b, 0x08, 0x0b, 0x07, 0x0b, 0x06, 0x0b, 0x05, 0x0b, 0x04, 0x0b, 0x03,
  0x0b, 0x02, 0x0b, 0x01, 0x0b, 0x00, 0x0b, 0x01, 0x0b, 0x02, 0x0b, 0x03,
  0x0b, 0x04, 0x0b, 0x05, 0x0b, 0x06, 0x0b, 0x07, 0x0b, 0x08, 0x0c, 0x08,
  0x0c, 0x07, 0x0c, 0x06, 0x0c, 0x05, 0x0c, 0x04, 0x0c, 0x03, 0x0c, 0x02,
  0x0c, 0x01, 0x0c, 0x00, 0x0c, 0x01, 0x0c, 0x02, 0x0c, 0x03, 0x0c, 0x04,
  0x0c, 0x05, 0x0c, 0x06, 0x0c, 0x07, 0x0c, 0x08, 0x0d, 0x08, 0x0d, 0x07,
  0x0d, 0x06, 0x0d, 0x05, 0x0d, 0x04, 0x0d, 0x03, 0x0d, 0x02, 0x0d, 0x01,
  0x0d, 0x00, 0x0d, 0x01, 0x0d, 0x02, 0x0d, 0x03, 0x0d, 0x04, 0x0d, 0x05,
  0x0d, 0x06, 0x0d, 0x07, 0x0d, 0x08, 0x0e, 0x08, 0x0e, 0x07, 0x0e, 0x06,
  0x0e, 0x05, 0x0e, 0x04, 0x0e, 0x03, 0x0e, 0x02, 0x0e, 0x01, 0x0e, 0x00,
  0x00, 0x11, 0x00, 0x10, 0x00, 0x0f, 0x00, 0x0e, 0x00, 0x0d, 0x00, 0x0c,
  0x00, 0x0b, 0x00, 0x0a, 0x00, 0x09, 0x00, 0x08, 0x00, 0x07, 0x00, 0x06,
  0x00, 0x05, 0x00, 0x04, 0x00, 0x03, 0x00, 0x02, 0x00, 0x01, 0x00, 0x00,
  0x00, 0x01, 0x00, 0x02, 0x00, 0x03, 0x00, 0x04, 0x01, 0x03, 0x01, 0x02,
  0x01, 0x01, 0x01, 0x00, 0x01, 0x01, 0x01, 0x02, 0x01, 0x03, 0x01, 0x04,
  0x02, 0x03, 0x02, 0x02, 0x02, 0x01, 0x02, 0x00, 0x02, 0x01, 0x02, 0x02,
  0x02, 0x03, 0x02, 0x04, 0x03, 0x03, 0x03, 0x02, 0x03, 0x01, 0x03, 0x00,
  0x03, 0x01, 0x03, 0x02, 0x03, 0x03, 0x03, 0x04, 0x04, 0x04, 0x04, 0x03,
  0x04, 0x02, 0x04, 0x01, 0x04, 0x00, 0x04, 0x01, 0x04, 0x02, 0x04, 0x03,
  0x04, 0x04, 0x05, 0x03, 0x05, 0x02, 0x05, 0x01, 0x05, 0x00, 0x05, 0x01,
  0x05, 0x02, 0x05, 0x03, 0x05, 0x04, 0x06, 0x03, 0x06, 0x02, 0x06, 0x01,
  0x06, 0x00, 0x06, 0x01, 0x06, 0x02, 0x06, 0x03, 0x06, 0x04, 0x07, 0x03,
  0x07, 0x02, 0x07, 0x01, 0x07, 0x00, 0x07, 0x01, 0x07, 0x02, 0x07, 0x03,
  0x07, 0x04, 0x08, 0x04, 0x08, 0x03, 0x08, 0x02, 0x08, 0x01, 0x08, 0x00,
  0x08, 0x01, 0x08, 0x02, 0x08, 0x03, 0x08, 0x04, 0x09, 0x03, 0x09, 0x02,
  0x09, 0x01, 0x09, 0x00, 0x09, 0x01, 0x09, 0x02, 0x09, 0x03, 0x09, 0x04,
  0x0a, 0x03, 0x0a, 0x02, 0x0a, 0x01, 0x0a, 0x00, 0x0a, 0x01, 0x0a, 0x02,
  0x0a, 0x03, 0x0a, 0x04, 0x0b, 0x03, 0x0b, 0x02, 0x0b, 0x01, 0x0b, 0x00,
  0x0b, 0x01, 0x0b, 0x02, 0x0b, 0x03, 0x0b, 0x04, 0x0c, 0x04, 0x0c, 0x03,
  0x0c, 0x02, 0x0c, 0x01, 0x0c, 0x00, 0x0c, 0x01, 0x0c, 0x02, 0x0c, 0x03,
  0x0c, 0x04, 0x0d, 0x03, 0x0d, 0x02, 0x0d, 0x01, 0x0d, 0x00, 0x0d, 0x01,
  0x0d, 0x02, 0x0d, 0x03, 0x0d, 0x04, 0x0e, 0x03, 0x0e, 0x02, 0x0e, 0x01,
  0x0e, 0x00, 0x0e, 0x01, 0x0e, 0x02, 0x0e, 0x03, 0x0e, 0x04, 0x0f, 0x03,
  0x0f, 0x02, 0x0f, 0x01, 0x0f, 0x00, 0x0f, 0x01, 0x0f, 0x02, 0x0f, 0x03,
  0x0f, 0x04, 0x10, 0x04, 0x10, 0x03, 0x10, 0x02, 0x10, 0x01, 0x10, 0x00,
  0x10, 0x01, 0x10, 0x02, 0x10, 0x03, 0x10, 0x04, 0x11, 0x03, 0x11, 0x02,
  0x11, 0x01, 0x11, 0x00, 0x11, 0x01, 0x11, 0x02, 0x11, 0x03, 0x11, 0x04,
  0x12, 0x03, 0x12, 0x02, 0x12, 0x01, 0x12, 0x00, 0x12, 0x01, 0x12, 0x02,
  0x12, 0x03, 0x12, 0x04, 0x13, 0x03, 0x13, 0x02, 0x13, 0x01, 0x13, 0x00,
  0x13, 0x01, 0x13, 0x02, 0x13, 0x03, 0x13, 0x04, 0x14, 0x04, 0x14, 0x03,
  0x14, 0x02, 0x14, 0x01, 0x14, 0x00, 0x14, 0x01, 0x14, 0x02, 0x14, 0x03,
  0x14, 0x04, 0x15, 0x03, 0x15, 0x02, 0x15, 0x01, 0x15, 0x00, 0x15, 0x01,
  0x15, 0x02, 0x15, 0x03, 0x15, 0x04, 0x16, 0x03, 0x16, 0x02, 0x16, 0x01,
  0x16, 0x00, 0x16, 0x01, 0x16, 0x02, 0x16, 0x03, 0x16, 0x04, 0x17, 0x03,
  0x17, 0x02, 0x17, 0x01, 0x17, 0x00, 0x17, 0x01, 0x17, 0x02, 0x17, 0x03,
  0x17, 0x04, 0x18, 0x04, 0x18, 0x03, 0x18, 0x02, 0x18, 0x01, 0x18, 0x00,
  0x18, 0x01, 0x18, 0x02, 0x18, 0x03, 0x18, 0x04, 0x19, 0x03, 0x19, 0x02,
  0x19, 0x01, 0x19, 0x00, 0x19, 0x01, 0x19, 0x02, 0x19, 0x03, 0x19, 0x04,
  0x1a, 0x03, 0x1a, 0x02, 0x1a, 0x01, 0x1a, 0x00, 0x1a, 0x01, 0x1a, 0x02,
  0x1a, 0x03, 0x1a, 0x04, 0x1b, 0x03, 0x1b, 0x02, 0x1b, 0x01, 0x1b, 0x00,
  0x1b, 0x01, 0x1b, 0x02, 0x1b, 0x03, 0x1b, 0x04, 0x1c, 0x04, 0x1c, 0x03,
  0x1c, 0x02, 0x1c, 0x01, 0x1c, 0x00, 0x1c, 0x01, 0x1c, 0x02, 0x1c, 0x03,
  0x1d, 0x03, 0x1d, 0x02, 0x1d, 0x01, 0x1d, 0x00, 0x00, 0x1d, 0x00, 0x1c,
  0x00, 0x1b, 0x00, 0x1a, 0x00, 0x19, 0x00, 0x18, 0x00, 0x17, 0x00, 0x16,
  0x00, 0x15, 0x00, 0x14, 0x00, 0x13, 0x00, 0x12, 0x00, 0x11, 0x00, 0x10,
  0x00, 0x0f, 0x00, 0x0e, 0x00, 0x0d, 0x00, 0x0c, 0x00, 0x0b, 0x00, 0x0a,
  0x00, 0x09, 0x00, 0x08, 0x00, 0x07, 0x00, 0x06, 0x00, 0x05, 0x00, 0x04,
  0x00, 0x03, 0x00, 0x02, 0x00, 0x01, 0x00, 0x00, 0x00, 0x01, 0x00, 0x02,
  0x00, 0x03, 0x00, 0x04, 0x00, 0x05, 0x00, 0x06, 0x00, 0x07, 0x00, 0x08,
  0x01, 0x08, 0x01, 0x07, 0x01, 0x06, 0x01, 0x05, 0x01, 0x04, 0x01, 0x03,
  0x01, 0x02, 0x01, 0x01, 0x01, 0x00, 0x01, 0x01, 0x01, 0x02, 0x01, 0x03,
  0x01, 0x04, 0x01, 0x05, 0x01, 0x06, 0x01, 0x07, 0x01, 0x08, 0x02, 0x08,
  0x02, 0x07, 0x02, 0x06, 0x02, 0x05, 0x02, 0x04, 0x02, 0x03, 0x02, 0x02,
  0x02, 0x01, 0x02, 0x00, 0x02, 0x01, 0x02, 0x02, 0x02, 0x03, 0x02, 0x04,
  0x02, 0x05, 0x02, 0x06, 0x02, 0x07, 0x02, 0x08, 0x03, 0x08, 0x03, 0x07,
  0x03, 0x06, 0x03, 0x05, 0x03, 0x04, 0x03, 0x03, 0x03, 0x02, 0x03, 0x01,
  0x03, 0x00, 0x03, 0x01, 0x03, 0x02, 0x03, 0x03, 0x03, 0x04, 0x03, 0x05,
  0x03, 0x06, 0x03, 0x07, 0x03, 0x08, 0x04, 0x08, 0x04, 0x07, 0x04, 0x06,
  0x04, 0x05, 0x04, 0x04, 0x04, 0x03, 0x04, 0x02, 0x04, 0x01, 0x04, 0x00,
  0x04, 0x01, 0x04, 0x02, 0x04, 0x03, 0x04, 0x04, 0x04, 0x05, 0x04, 0x06,
  0x04, 0x07, 0x04, 0x08, 0x05, 0x08, 0x05, 0x07, 0x05, 0x06, 0x05, 0x05,
  0x05, 0x04, 0x05, 0x03, 0x05, 0x02, 0x05, 0x01, 0x05, 0x00, 0x05, 0x01,
  0x05, 0x02, 0x05, 0x03, 0x05, 0x04, 0x05, 0x05, 0x05, 0x06, 0x05, 0x07,
  0x05, 0x08, 0x06, 0x08, 0x06, 0x07, 0x06, 0x06, 0x06, 0x05, 0x06, 0x04,
  0x06, 0x03, 0x06, 0x02, 0x06, 0x01, 0x06, 0x00, 0x06, 0x01, 0x06, 0x02,
  0x06, 0x03, 0x06, 0x04, 0x06, 0x05, 0x06, 0x06, 0x06, 0x07, 0x06, 0x08,
  0x07, 0x08, 0x07, 0x07, 0x07, 0x06, 0x07, 0x05, 0x07, 0x04, 0x07, 0x03,
  0x07, 0x02, 0x07, 0x01, 0x07, 0x00, 0x07, 0x01, 0x07, 0x02, 0x07, 0x03,
  0x07, 0x04, 0x07, 0x05, 0x07, 0x06, 0x07, 0x07, 0x07, 0x08, 0x08, 0x08,
  0x08, 0x07, 0x08, 0x06, 0x08, 0x05, 0x08, 0x04, 0x08, 0x03, 0x08, 0x02,
  0x08, 0x01, 0x08, 0x00, 0x08, 0x01, 0x08, 0x02, 0x08, 0x03, 0x08, 0x04,
  0x08, 0x05, 0x08, 0x06, 0x08, 0x07, 0x08, 0x08, 0x09, 0x08, 0x09, 0x07,
  0x09, 0x06, 0x09, 0x05, 0x09, 0x04, 0x09, 0x03, 0x09, 0x02, 0x09, 0x01,
  0x09, 0x00, 0x09, 0x01, 0x09, 0x02, 0x09, 0x03, 0x09, 0x04, 0x09, 0x05,
  0x09, 0x06, 0x09, 0x07, 0x09, 0x08, 0x0a, 0x08, 0x0a, 0x07, 0x0a, 0x06,
  0x0a, 0x05, 0x0a, 0x04, 0x0a, 0x03, 0x0a, 0x02, 0x0a, 0x01, 0x0a, 0x00,
  0x0a, 0x01, 0x0a, 0x02, 0x0a, 0x03, 0x0a, 0x04, 0x0a, 0x05, 0x0a, 0x06,
  0x0a, 0x07, 0x0a, 0x08, 0x0b, 0x08, 0x0b, 0x07, 0x0b, 0x06, 0x0b, 0x05,
  0x0b, 0x04, 0x0b, 0x03, 0x0b, 0x02, 0x0b, 0x01, 0x0b, 0x00, 0x0b, 0x01,
  0x0b, 0x02, 0x0b, 0x03, 0x0b, 0x04, 0x0b, 0x05, 0x0b, 0x06, 0x0b, 0x07,
  0x0b, 0x08, 0x0c, 0x08, 0x0c, 0x07, 0x0c, 0x06, 0x0c, 0x05, 0x0c, 0x04,
  0x0c, 0x03, 0x0c, 0x02, 0x0c, 0x01, 0x0c, 0x00, 0x0c, 0x01, 0x0c, 0x02,
  0x0c, 0x03, 0x0c, 0x04, 0x0c, 0x05, 0x0c, 0x06, 0x0c, 0x07, 0x0c, 0x08,
  0x0d, 0x08, 0x0d, 0x07, 0x0d, 0x06, 0x0d, 0x05, 0x0d, 0x04, 0x0d, 0x03,
  0x0d, 0x02, 0x0d, 0x01, 0x0d, 0x00, 0x0d, 0x01, 0x0d, 0x02, 0x0e, 0x02,
  0x0e, 0x01, 0x0e, 0x00, 0x00, 0x1d, 0x00, 0x1c, 0x00, 0x1b, 0x00, 0x1a,
  0x00, 0x19, 0x00, 0x18, 0x00, 0x17, 0x00, 0x16, 0x00, 0x15, 0x00, 0x14,
  0x00, 0x13, 0x00, 0x12, 0x00, 0x11, 0x00, 0x10, 0x00, 0x0f, 0x00, 0x0e,
  0x00, 0x0d, 0x00, 0x0c, 0x00, 0x0b, 0x00, 0x0a, 0x00, 0x09, 0x00, 0x08,
  0x00, 0x07, 0x00, 0x06, 0x00, 0x05, 0x00, 0x04, 0x00, 0x03, 0x00, 0x02,
  0x00, 0x01, 0x00, 0x00, 0x00, 0x01, 0x00, 0x02, 0x00, 0x03, 0x00, 0x04,
  0x01, 0x03, 0x01, 0x02, 0x01, 0x01, 0x01, 0x00, 0x01, 0x01, 0x01, 0x02,
  0x01, 0x03, 0x01, 0x04, 0x02, 0x03, 0x02, 0x02, 0x02, 0x01, 0x02, 0x00,
  0x02, 0x01, 0x02, 0x02, 0x02, 0x03, 0x02, 0x04, 0x03, 0x03, 0x03, 0x02,
  0x03, 0x01, 0x03, 0x00, 0x03, 0x01, 0x03, 0x02, 0x03, 0x03, 0x03, 0x04,
  0x04, 0x04, 0x04, 0x03, 0x04, 0x02, 0x04, 0x01, 0x04, 0x00, 0x04, 0x01,
  0x04, 0x02, 0x04, 0x03, 0x04, 0x04, 0x05, 0x03, 0x05, 0x02, 0x05, 0x01,
  0x05, 0x00, 0x05, 0x01, 0x05, 0x02, 0x05, 0x03, 0x05, 0x04, 0x06, 0x03,
  0x06, 0x02, 0x06, 0x01, 0x06, 0x00, 0x06, 0x01, 0x06, 0x02, 0x06, 0x03,
  0x06, 0x04, 0x07, 0x03, 0x07, 0x02, 0x07, 0x01, 0x07, 0x00, 0x07, 0x01,
  0x07, 0x02, 0x07, 0x03, 0x07, 0x04, 0x08, 0x04, 0x08, 0x03, 0x08, 0x02,
  0x08, 0x01, 0x08, 0x00, 0x08, 0x01, 0x08, 0x02, 0x08, 0x03, 0x08, 0x04,
  0x09, 0x03, 0x09, 0x02, 0x09, 0x01, 0x09, 0x00, 0x09, 0x01, 0x09, 0x02,
  0x09, 0x03, 0x09, 0x04, 0x0a, 0x03, 0x0a, 0x02, 0x0a, 0x01, 0x0a, 0x00,
  0x0a, 0x01, 0x0a, 0x02, 0x0a, 0x03, 0x0a, 0x04, 0x0b, 0x03, 0x0b, 0x02,
  0x0b, 0x01, 0x0b, 0x00, 0x0b, 0x01, 0x0b, 0x02, 0x0b, 0x03, 0x0b, 0x04,
  0x0c, 0x04, 0x0c, 0x03, 0x0c, 0x02, 0x0c, 0x01, 0x0c, 0x00, 0x0c, 0x01,
  0x0c, 0x02, 0x0c, 0x03, 0x0c, 0x04, 0x0d, 0x03, 0x0d, 0x02, 0x0d, 0x01,
  0x0d, 0x00, 0x0d, 0x01, 0x0d, 0x02, 0x0d, 0x03, 0x0d, 0x04, 0x0e, 0x03,
  0x0e, 0x02, 0x0e, 0x01, 0x0e, 0x00, 0x0e, 0x01, 0x0e, 0x02, 0x0e, 0x03,
  0x0e, 0x04, 0x0f, 0x03, 0x0f, 0x02, 0x0f, 0x01, 0x0f, 0x00, 0x0f, 0x01,
  0x0f, 0x02, 0x0f, 0x03, 0x0f, 0x04, 0x10, 0x04, 0x10, 0x03, 0x10, 0x02,
  0x10, 0x01, 0x10, 0x00, 0x10, 0x01, 0x10, 0x02, 0x10, 0x03, 0x10, 0x04,
  0x11, 0x03, 0x11, 0x02, 0x11, 0x01, 0x11, 0x00, 0x11, 0x01, 0x11, 0x02,
  0x11, 0x03, 0x11, 0x04, 0x12, 0x03, 0x12, 0x02, 0x12, 0x01, 0x12, 0x00,
  0x12, 0x01, 0x12, 0x02, 0x12, 0x03, 0x12, 0x04, 0x13, 0x03, 0x13, 0x02,
  0x13, 0x01, 0x13, 0x00, 0x13, 0x01, 0x13, 0x02, 0x13, 0x03, 0x13, 0x04,
  0x14, 0x04, 0x14, 0x03, 0x14, 0x02, 0x14, 0x01, 0x14, 0x00, 0x14, 0x01,
  0x14, 0x02, 0x14, 0x03, 0x14, 0x04, 0x15, 0x03, 0x15, 0x02, 0x15, 0x01,
  0x15, 0x00, 0x15, 0x01, 0x15, 0x02, 0x15, 0x03, 0x15, 0x04, 0x16, 0x03,
  0x16, 0x02, 0x16, 0x01, 0x16, 0x00, 0x16, 0x01, 0x16, 0x02, 0x16, 0x03,
  0x16, 0x04, 0x17, 0x03, 0x17, 0x02, 0x17, 0x01, 0x17, 0x00, 0x17, 0x01,
  0x17, 0x02, 0x17, 0x03, 0x17, 0x04, 0x18, 0x04, 0x18, 0x03, 0x18, 0x02,
  0x18, 0x01, 0x18, 0x00, 0x18, 0x01, 0x18, 0x02, 0x18, 0x03, 0x18, 0x04,
  0x19, 0x03, 0x19, 0x02, 0x19, 0x01, 0x19, 0x00, 0x19, 0x01, 0x19, 0x02,
  0x19, 0x03, 0x19, 0x04, 0x1a, 0x03, 0x1a, 0x02, 0x1a, 0x01, 0x1a, 0x00,
  0x1a, 0x01, 0x1a, 0x02, 0x1a, 0x03, 0x1a, 0x04, 0x1b, 0x03, 0x1b, 0x02,
  0x1b, 0x01, 0x1b, 0x00, 0x1b, 0x01, 0x1b, 0x02, 0x1c, 0x01, 0x1c, 0x00,
  0x00, 0x2a, 0x00, 0x29, 0x00, 0x28, 0x00, 0x27, 0x00, 0x26, 0x00, 0x25,
  0x00, 0x24, 0x00, 0x23, 0x00, 0x22, 0x00, 0x21, 0x00, 0x20, 0x00, 0x1f,
  0x00, 0x1e, 0x00, 0x1d, 0x00, 0x1c, 0x00, 0x1b, 0x00, 0x1a, 0x00, 0x19,
  0x00, 0x18, 0x00, 0x17, 0x00, 0x16, 0x00, 0x15, 0x00, 0x14, 0x00, 0x13,
  0x00, 0x12, 0x00, 0x11, 0x00, 0x10, 0x00, 0x0f, 0x00, 0x0e, 0x00, 0x0d,
  0x00, 0x0c, 0x00, 0x0b, 0x00, 0x0a, 0x00, 0x09, 0x00, 0x08, 0x00, 0x07,
  0x00, 0x06, 0x00, 0x05, 0x00, 0x04, 0x00, 0x03, 0x00, 0x02, 0x00, 0x01,
  0x00, 0x00, 0x00, 0x01, 0x00, 0x02, 0x00, 0x03, 0x00, 0x04, 0x00, 0x05,
  0x00, 0x06, 0x00, 0x07, 0x00, 0x08, 0x01, 0x08, 0x01, 0x07, 0x01, 0x06,
  0x01, 0x05, 0x01, 0x04, 0x01, 0x03, 0x01, 0x02, 0x01, 0x01, 0x01, 0x00,
  0x01, 0x01, 0x01, 0x02, 0x01, 0x03, 0x01, 0x04, 0x01, 0x05, 0x01, 0x06,
  0x01, 0x07, 0x01, 0x08, 0x02, 0x08, 0x02, 0x07, 0x02, 0x06, 0x02, 0x05,
  0x02, 0x04, 0x02, 0x03, 0x02, 0x02, 0x02, 0x01, 0x02, 0x00, 0x02, 0x01,
  0x02, 0x02, 0x02, 0x03, 0x02, 0x04, 0x02, 0x05, 0x02, 0x06, 0x02, 0x07,
  0x02, 0x08, 0x03, 0x08, 0x03, 0x07, 0x03, 0x06, 0x03, 0x05, 0x03, 0x04,
  0x03, 0x03, 0x03, 0x02, 0x03, 0x01, 0x03, 0x00, 0x03, 0x01, 0x03, 0x02,
  0x03, 0x03, 0x03, 0x04, 0x03, 0x05, 0x03, 0x06, 0x03, 0x07, 0x03, 0x08,
  0x04, 0x08, 0x04, 0x07, 0x04, 0x06, 0x04, 0x05, 0x04, 0x04, 0x04, 0x03,
  0x04, 0x02, 0x04, 0x01, 0x04, 0x00, 0x04, 0x01, 0x04, 0x02, 0x04, 0x03,
  0x04, 0x04, 0x04, 0x05, 0x04, 0x06, 0x04, 0x07, 0x04, 0x08, 0x05, 0x08,
  0x05, 0x07, 0x05, 0x06, 0x05, 0x05, 0x05, 0x04, 0x05, 0x03, 0x05, 0x02,
  0x05, 0x01, 0x05, 0x00, 0x05, 0x01, 0x05, 0x02, 0x05, 0x03, 0x05, 0x04,
  0x05, 0x05, 0x05, 0x06, 0x05, 0x07, 0x05, 0x08, 0x06, 0x08, 0x06, 0x07,
  0x06, 0x06, 0x06, 0x05, 0x06, 0x04, 0x06, 0x03, 0x06, 0x02, 0x06, 0x01,
  0x06, 0x00, 0x06, 0x01, 0x06, 0x02, 0x06, 0x03, 0x06, 0x04, 0x06, 0x05,
  0x06, 0x06, 0x06, 0x07, 0x06, 0x08, 0x07, 0x08, 0x07, 0x07, 0x07, 0x06,
  0x07, 0x05, 0x07, 0x04, 0x07, 0x03, 0x07, 0x02, 0x07, 0x01, 0x07, 0x00,
  0x07, 0x01, 0x07, 0x02, 0x07, 0x03, 0x07, 0x04, 0x07, 0x05, 0x07, 0x06,
  0x07, 0x07, 0x07, 0x08, 0x08, 0x08, 0x08, 0x07, 0x08, 0x06, 0x08, 0x05,
  0x08, 0x04, 0x08, 0x03, 0x08, 0x02, 0x08, 0x01, 0x08, 0x00, 0x08, 0x01,
  0x08, 0x02, 0x08, 0x03, 0x08, 0x04, 0x08, 0x05, 0x08, 0x06, 0x08, 0x07,
  0x08, 0x08, 0x09, 0x08, 0x09, 0x07, 0x09, 0x06, 0x09, 0x05, 0x09, 0x04,
  0x09, 0x03, 0x09, 0x02, 0x09, 0x01, 0x09, 0x00, 0x09, 0x01, 0x09, 0x02,
  0x09, 0x03, 0x09, 0x04, 0x09, 0x05, 0x09, 0x06, 0x09, 0x07, 0x09, 0x08,
  0x0a, 0x08, 0x0a, 0x07, 0x0a, 0x06, 0x0a, 0x05, 0x0a, 0x04, 0x0a, 0x03,
  0x0a, 0x02, 0x0a, 0x01, 0x0a, 0x00, 0x0a, 0x01, 0x0a, 0x02, 0x0a, 0x03,
  0x0a, 0x04, 0x0a, 0x05, 0x0a, 0x06, 0x0a, 0x07, 0x0a, 0x08, 0x0b, 0x08,
  0x0b, 0x07, 0x0b, 0x06, 0x0b, 0x05, 0x0b, 0x04, 0x0b, 0x03, 0x0b, 0x02,
  0x0b, 0x01, 0x0b, 0x00, 0x0b, 0x01, 0x0b, 0x02, 0x0b, 0x03, 0x0b, 0x04,
  0x0b, 0x05, 0x0b, 0x06, 0x0b, 0x07, 0x0b, 0x08, 0x0c, 0x08, 0x0c, 0x07,
  0x0c, 0x06, 0x0c, 0x05, 0x0c, 0x04, 0x0c, 0x03, 0x0c, 0x02, 0x0c, 0x01,
  0x0c, 0x00, 0x0c, 0x01, 0x0c, 0x02, 0x0c, 0x03, 0x0c, 0x04, 0x0d, 0x04,
  0x0d, 0x03, 0x0d, 0x02, 0x0d, 0x01, 0x0d, 0x00, 0x00, 0x2a, 0x00, 0x29,
  0x00, 0x28, 0x00, 0x27, 0x00, 0x26, 0x00, 0x25, 0x00, 0x24, 0x00, 0x23,
  0x00, 0x22, 0x00, 0x21, 0x00, 0x20, 0x00, 0x1f, 0x00, 0x1e, 0x00, 0x1d,
  0x00, 0x1c, 0x00, 0x1b, 0x00, 0x1a, 0x00, 0x19, 0x00, 0x18, 0x00, 0x17,
  0x00, 0x16, 0x00, 0x15, 0x00, 0x14, 0x00, 0x13, 0x00, 0x12, 0x00, 0x11,
  0x00, 0x10, 0x00, 0x0f, 0x00, 0x0e, 0x00, 0x0d, 0x00, 0x0c, 0x00, 0x0b,
  0x00, 0x0a, 0x00, 0x09, 0x00, 0x08, 0x00, 0x07, 0x00, 0x06, 0x00, 0x05,
  0x00, 0x04, 0x00, 0x03, 0x00, 0x02, 0x00, 0x01, 0x00, 0x00, 0x00, 0x01,
  0x00, 0x02, 0x00, 0x03, 0x00, 0x04, 0x01, 0x03, 0x01, 0x02, 0x01, 0x01,
  0x01, 0x00, 0x01, 0x01, 0x01, 0x02, 0x01, 0x03, 0x01, 0x04, 0x02, 0x03,
  0x02, 0x02, 0x02, 0x01, 0x02, 0x00, 0x02, 0x01, 0x02, 0x02, 0x02, 0x03,
  0x02, 0x04, 0x03, 0x03, 0x03, 0x02, 0x03, 0x01, 0x03, 0x00, 0x03, 0x01,
  0x03, 0x02, 0x03, 0x03, 0x03, 0x04, 0x04, 0x04, 0x04, 0x03, 0x04, 0x02,
  0x04, 0x01, 0x04, 0x00, 0x04, 0x01, 0x04, 0x02, 0x04, 0x03, 0x04, 0x04,
  0x05, 0x03, 0x05, 0x02, 0x05, 0x01, 0x05, 0x00, 0x05, 0x01, 0x05, 0x02,
  0x05, 0x03, 0x05, 0x04, 0x06, 0x03, 0x06, 0x02, 0x06, 0x01, 0x06, 0x00,
  0x06, 0x01, 0x06, 0x02, 0x06, 0x03, 0x06, 0x04, 0x07, 0x03, 0x07, 0x02,
  0x07, 0x01, 0x07, 0x00, 0x07, 0x01, 0x07, 0x02, 0x07, 0x03, 0x07, 0x04,
  0x08, 0x04, 0x08, 0x03, 0x08, 0x02, 0x08, 0x01, 0x08, 0x00, 0x08, 0x01,
  0x08, 0x02, 0x08, 0x03, 0x08, 0x04, 0x09, 0x03, 0x09, 0x02, 0x09, 0x01,
  0x09, 0x00, 0x09, 0x01, 0x09, 0x02, 0x09, 0x03, 0x09, 0x04, 0x0a, 0x03,
  0x0a, 0x02, 0x0a, 0x01, 0x0a, 0x00, 0x0a, 0x01, 0x0a, 0x02, 0x0a, 0x03,
  0x0a, 0x04, 0x0b, 0x03, 0x0b, 0x02, 0x0b, 0x01, 0x0b, 0x00, 0x0b, 0x01,
  0x0b, 0x02, 0x0b, 0x03, 0x0b, 0x04, 0x0c, 0x04, 0x0c, 0x03, 0x0c, 0x02,
  0x0c, 0x01, 0x0c, 0x00, 0x0c, 0x01, 0x0c, 0x02, 0x0c, 0x03, 0x0c, 0x04,
  0x0d, 0x03, 0x0d, 0x02, 0x0d, 0x01, 0x0d, 0x00, 0x0d, 0x01, 0x0d, 0x02,
  0x0d, 0x03, 0x0d, 0x04, 0x0e, 0x03, 0x0e, 0x02, 0x0e, 0x01, 0x0e, 0x00,
  0x0e, 0x01, 0x0e, 0x02, 0x0e, 0x03, 0x0e, 0x04, 0x0f, 0x03, 0x0f, 0x02,
  0x0f, 0x01, 0x0f, 0x00, 0x0f, 0x01, 0x0f, 0x02, 0x0f, 0x03, 0x0f, 0x04,
  0x10, 0x04, 0x10, 0x03, 0x10, 0x02, 0x10, 0x01, 0x10, 0x00, 0x10, 0x01,
  0x10, 0x02, 0x10, 0x03, 0x10, 0x04, 0x11, 0x03, 0x11, 0x02, 0x11, 0x01,
  0x11, 0x00, 0x11, 0x01, 0x11, 0x02, 0x11, 0x03, 0x11, 0x04, 0x12, 0x03,
  0x12, 0x02, 0x12, 0x01, 0x12, 0x00, 0x12, 0x01, 0x12, 0x02, 0x12, 0x03,
  0x12, 0x04, 0x13, 0x03, 0x13, 0x02, 0x13, 0x01, 0x13, 0x00, 0x13, 0x01,
  0x13, 0x02, 0x13, 0x03, 0x13, 0x04, 0x14, 0x04, 0x14, 0x03, 0x14, 0x02,
  0x14, 0x01, 0x14, 0x00, 0x14, 0x01, 0x14, 0x02, 0x14, 0x03, 0x14, 0x04,
  0x15, 0x03, 0x15, 0x02, 0x15, 0x01, 0x15, 0x00, 0x15, 0x01, 0x15, 0x02,
  0x15, 0x03, 0x15, 0x04, 0x16, 0x03, 0x16, 0x02, 0x16, 0x01, 0x16, 0x00,
  0x16, 0x01, 0x16, 0x02, 0x16, 0x03, 0x16, 0x04, 0x17, 0x03, 0x17, 0x02,
  0x17, 0x01, 0x17, 0x00, 0x17, 0x01, 0x17, 0x02, 0x17, 0x03, 0x17, 0x04,
  0x18, 0x04, 0x18, 0x03, 0x18, 0x02, 0x18, 0x01, 0x18, 0x00, 0x18, 0x01,
  0x18, 0x02, 0x18, 0x03, 0x18, 0x04, 0x19, 0x03, 0x19, 0x02, 0x19, 0x01,
  0x19, 0x00, 0x19, 0x01, 0x19, 0x02, 0x19, 0x03, 0x1a, 0x03, 0x1a, 0x02,
  0x1a, 0x01, 0x1a, 0x00, 0x00, 0x3c, 0x00, 0x3b, 0x00, 0x3a, 0x00, 0x39,
  0x00, 0x38, 0x00, 0x37, 0x00, 0x36, 0x00, 0x35, 0x00, 0x34, 0x00, 0x33,
  0x00, 0x32, 0x00, 0x31, 0x00, 0x30, 0x00, 0x2f, 0x00, 0x2e, 0x00, 0x2d,
  0x00, 0x2c, 0x00, 0x2b, 0x00, 0x2a, 0x00, 0x29, 0x00, 0x28, 0x00, 0x27,
  0x00, 0x26, 0x00, 0x25, 0x00, 0x24, 0x00, 0x23, 0x00, 0x22, 0x00, 0x21,
  0x00, 0x20, 0x00, 0x1f, 0x00, 0x1e, 0x00, 0x1d, 0x00, 0x1c, 0x00, 0x1b,
  0x00, 0x1a, 0x00, 0x19, 0x00, 0x18, 0x00, 0x17, 0x00, 0x16, 0x00, 0x15,
  0x00, 0x14, 0x00, 0x13, 0x00, 0x12, 0x00, 0x11, 0x00, 0x10, 0x00, 0x0f,
  0x00, 0x0e, 0x00, 0x0d, 0x00, 0x0c, 0x00, 0x0b, 0x00, 0x0a, 0x00, 0x09,
  0x00, 0x08, 0x00, 0x07, 0x00, 0x06, 0x00, 0x05, 0x00, 0x04, 0x00, 0x03,
  0x00, 0x02, 0x00, 0x01, 0x00, 0x00, 0x00, 0x01, 0x00, 0x02, 0x00, 0x03,
  0x00, 0x04, 0x00, 0x05, 0x00, 0x06, 0x00, 0x07, 0x00, 0x08, 0x01, 0x08,
  0x01, 0x07, 0x01, 0x06, 0x01, 0x05, 0x01, 0x04, 0x01, 0x03, 0x01, 0x02,
  0x01, 0x01, 0x01, 0x00, 0x01, 0x01, 0x01, 0x02, 0x01, 0x03, 0x01, 0x04,
  0x01, 0x05, 0x01, 0x06, 0x01, 0x07, 0x01, 0x08, 0x02, 0x08, 0x02, 0x07,
  0x02, 0x06, 0x02, 0x05, 0x02, 0x04, 0x02, 0x03, 0x02, 0x02, 0x02, 0x01,
  0x02, 0x00, 0x02, 0x01, 0x02, 0x02, 0x02, 0x03, 0x02, 0x04, 0x02, 0x05,
  0x02, 0x06, 0x02, 0x07, 0x02, 0x08, 0x03, 0x08, 0x03, 0x07, 0x03, 0x06,
  0x03, 0x05, 0x03, 0x04, 0x03, 0x03, 0x03, 0x02, 0x03, 0x01, 0x03, 0x00,
  0x03, 0x01, 0x03, 0x02, 0x03, 0x03, 0x03, 0x04, 0x03, 0x05, 0x03, 0x06,
  0x03, 0x07, 0x03, 0x08, 0x04, 0x08, 0x04, 0x07, 0x04, 0x06, 0x04, 0x05,
  0x04, 0x04, 0x04, 0x03, 0x04, 0x02, 0x04, 0x01, 0x04, 0x00, 0x04, 0x01,
  0x04, 0x02, 0x04, 0x03, 0x04, 0x04, 0x04, 0x05, 0x04, 0x06, 0x04, 0x07,
  0x04, 0x08, 0x05, 0x08, 0x05, 0x07, 0x05, 0x06, 0x05, 0x05, 0x05, 0x04,
  0x05, 0x03, 0x05, 0x02, 0x05, 0x01, 0x05, 0x00, 0x05, 0x01, 0x05, 0x02,
  0x05, 0x03, 0x05, 0x04, 0x05, 0x05, 0x05, 0x06, 0x05, 0x07, 0x05, 0x08,
  0x06, 0x08, 0x06, 0x07, 0x06, 0x06, 0x06, 0x05, 0x06, 0x04, 0x06, 0x03,
  0x06, 0x02, 0x06, 0x01, 0x06, 0x00, 0x06, 0x01, 0x06, 0x02, 0x06, 0x03,
  0x06, 0x04, 0x06, 0x05, 0x06, 0x06, 0x06, 0x07, 0x06, 0x08, 0x07, 0x08,
  0x07, 0x07, 0x07, 0x06, 0x07, 0x05, 0x07, 0x04, 0x07, 0x03, 0x07, 0x02,
  0x07, 0x01, 0x07, 0x00, 0x07, 0x01, 0x07, 0x02, 0x07, 0x03, 0x07, 0x04,
  0x07, 0x05, 0x07, 0x06, 0x07, 0x07, 0x07, 0x08, 0x08, 0x08, 0x08, 0x07,
  0x08, 0x06, 0x08, 0x05, 0x08, 0x04, 0x08, 0x03, 0x08, 0x02, 0x08, 0x01,
  0x08, 0x00, 0x08, 0x01, 0x08, 0x02, 0x08, 0x03, 0x08, 0x04, 0x08, 0x05,
  0x08, 0x06, 0x08, 0x07, 0x08, 0x08, 0x09, 0x08, 0x09, 0x07, 0x09, 0x06,
  0x09, 0x05, 0x09, 0x04, 0x09, 0x03, 0x09, 0x02, 0x09, 0x01, 0x09, 0x00,
  0x09, 0x01, 0x09, 0x02, 0x09, 0x03, 0x09, 0x04, 0x09, 0x05, 0x09, 0x06,
  0x09, 0x07, 0x09, 0x08, 0x0a, 0x08, 0x0a, 0x07, 0x0a, 0x06, 0x0a, 0x05,
  0x0a, 0x04, 0x0a, 0x03, 0x0a, 0x02, 0x0a, 0x01, 0x0a, 0x00, 0x0a, 0x01,
  0x0a, 0x02, 0x0a, 0x03, 0x0a, 0x04, 0x0a, 0x05, 0x0a, 0x06, 0x0a, 0x07,
  0x0a, 0x08, 0x0b, 0x08, 0x0b, 0x07, 0x0b, 0x06, 0x0b, 0x05, 0x0b, 0x04,
  0x0b, 0x03, 0x0b, 0x02, 0x0b, 0x01, 0x0b, 0x00, 0x0b, 0x01, 0x0b, 0x02,
  0x0b, 0x03, 0x0b, 0x04, 0x0c, 0x03, 0x0c, 0x02, 0x0c, 0x01, 0x0c, 0x00,
  0x00, 0x3c, 0x00, 0x3b, 0x00, 0x3a, 0x00, 0x39, 0x00, 0x38, 0x00, 0x37,
  0x00, 0x36, 0x00, 0x35, 0x00, 0x34, 0x00, 0x33, 0x00, 0x32, 0x00, 0x31,
  0x00, 0x30, 0x00, 0x2f, 0x00, 0x2e, 0x00, 0x2d, 0x00, 0x2c, 0x00, 0x2b,
  0x00, 0x2a, 0x00, 0x29, 0x00, 0x28, 0x00, 0x27, 0x00, 0x26, 0x00, 0x25,
  0x00, 0x24, 0x00, 0x23, 0x00, 0x22, 0x00, 0x21, 0x00, 0x20, 0x00, 0x1f,
  0x00, 0x1e, 0x00, 0x1d, 0x00, 0x1c, 0x00, 0x1b, 0x00, 0x1a, 0x00, 0x19,
  0x00, 0x18, 0x00, 0x17, 0x00, 0x16, 0x00, 0x15, 0x00, 0x14, 0x00, 0x13,
  0x00, 0x12, 0x00, 0x11, 0x00, 0x10, 0x00, 0x0f, 0x00, 0x0e, 0x00, 0x0d,
  0x00, 0x0c, 0x00, 0x0b, 0x00, 0x0a, 0x00, 0x09, 0x00, 0x08, 0x00, 0x07,
  0x00, 0x06, 0x00, 0x05, 0x00, 0x04, 0x00, 0x03, 0x00, 0x02, 0x00, 0x01,
  0x00, 0x00, 0x00, 0x01, 0x00, 0x02, 0x00, 0x03, 0x00, 0x04, 0x01, 0x03,
  0x01, 0x02, 0x01, 0x01, 0x01, 0x00, 0x01, 0x01, 0x01, 0x02, 0x01, 0x03,
  0x01, 0x04, 0x02, 0x03, 0x02, 0x02, 0x02, 0x01, 0x02, 0x00, 0x02, 0x01,
  0x02, 0x02, 0x02, 0x03, 0x02, 0x04, 0x03, 0x03, 0x03, 0x02, 0x03, 0x01,
  0x03, 0x00, 0x03, 0x01, 0x03, 0x02, 0x03, 0x03, 0x03, 0x04, 0x04, 0x04,
  0x04, 0x03, 0x04, 0x02, 0x04, 0x01, 0x04, 0x00, 0x04, 0x01, 0x04, 0x02,
  0x04, 0x03, 0x04, 0x04, 0x05, 0x03, 0x05, 0x02, 0x05, 0x01, 0x05, 0x00,
  0x05, 0x01, 0x05, 0x02, 0x05, 0x03, 0x05, 0x04, 0x06, 0x03, 0x06, 0x02,
  0x06, 0x01, 0x06, 0x00, 0x06, 0x01, 0x06, 0x02, 0x06, 0x03, 0x06, 0x04,
  0x07, 0x03, 0x07, 0x02, 0x07, 0x01, 0x07, 0x00, 0x07, 0x01, 0x07, 0x02,
  0x07, 0x03, 0x07, 0x04, 0x08, 0x04, 0x08, 0x03, 0x08, 0x02, 0x08, 0x01,
  0x08, 0x00, 0x08, 0x01, 0x08, 0x02, 0x08, 0x03, 0x08, 0x04, 0x09, 0x03,
  0x09, 0x02, 0x09, 0x01, 0x09, 0x00, 0x09, 0x01, 0x09, 0x02, 0x09, 0x03,
  0x09, 0x04, 0x0a, 0x03, 0x0a, 0x02, 0x0a, 0x01, 0x0a, 0x00, 0x0a, 0x01,
  0x0a, 0x02, 0x0a, 0x03, 0x0a, 0x04, 0x0b, 0x03, 0x0b, 0x02, 0x0b, 0x01,
  0x0b, 0x00, 0x0b, 0x01, 0x0b, 0x02, 0x0b, 0x03, 0x0b, 0x04, 0x0c, 0x04,
  0x0c, 0x03, 0x0c, 0x02, 0x0c, 0x01, 0x0c, 0x00, 0x0c, 0x01, 0x0c, 0x02,
  0x0c, 0x03, 0x0c, 0x04, 0x0d, 0x03, 0x0d, 0x02, 0x0d, 0x01, 0x0d, 0x00,
  0x0d, 0x01, 0x0d, 0x02, 0x0d, 0x03, 0x0d, 0x04, 0x0e, 0x03, 0x0e, 0x02,
  0x0e, 0x01, 0x0e, 0x00, 0x0e, 0x01, 0x0e, 0x02, 0x0e, 0x03, 0x0e, 0x04,
  0x0f, 0x03, 0x0f, 0x02, 0x0f, 0x01, 0x0f, 0x00, 0x0f, 0x01, 0x0f, 0x02,
  0x0f, 0x03, 0x0f, 0x04, 0x10, 0x04, 0x10, 0x03, 0x10, 0x02, 0x10, 0x01,
  0x10, 0x00, 0x10, 0x01, 0x10, 0x02, 0x10, 0x03, 0x10, 0x04, 0x11, 0x03,
  0x11, 0x02, 0x11, 0x01, 0x11, 0x00, 0x11, 0x01, 0x11, 0x02, 0x11, 0x03,
  0x11, 0x04, 0x12, 0x03, 0x12, 0x02, 0x12, 0x01, 0x12, 0x00, 0x12, 0x01,
  0x12, 0x02, 0x12, 0x03, 0x12, 0x04, 0x13, 0x03, 0x13, 0x02, 0x13, 0x01,
  0x13, 0x00, 0x13, 0x01, 0x13, 0x02, 0x13, 0x03, 0x13, 0x04, 0x14, 0x04,
  0x14, 0x03, 0x14, 0x02, 0x14, 0x01, 0x14, 0x00, 0x14, 0x01, 0x14, 0x02,
  0x14, 0x03, 0x14, 0x04, 0x15, 0x03, 0x15, 0x02, 0x15, 0x01, 0x15, 0x00,
  0x15, 0x01, 0x15, 0x02, 0x15, 0x03, 0x15, 0x04, 0x16, 0x03, 0x16, 0x02,
  0x16, 0x01, 0x16, 0x00, 0x16, 0x01, 0x16, 0x02, 0x16, 0x03, 0x16, 0x04,
  0x17, 0x03, 0x17, 0x02, 0x17, 0x01, 0x17, 0x00, 0x17, 0x01, 0x17, 0x02,
  0x17, 0x03, 0x18, 0x02, 0x18, 0x01, 0x18, 0x00, 0x00, 0x50, 0x00, 0x4f,
  0x00, 0x4e, 0x00, 0x4d, 0x00, 0x4c, 0x00, 0x4b, 0x00, 0x4a, 0x00, 0x49,
  0x00, 0x48, 0x00, 0x47, 0x00, 0x46, 0x00, 0x45, 0x00, 0x44, 0x00, 0x43,
  0x00, 0x42, 0x00, 0x41, 0x00, 0x40, 0x00, 0x3f, 0x00, 0x3e, 0x00, 0x3d,
  0x00, 0x3c, 0x00, 0x3b, 0x00, 0x3a, 0x00, 0x39, 0x00, 0x38, 0x00, 0x37,
  0x00, 0x36, 0x00, 0x35, 0x00, 0x34, 0x00, 0x33, 0x00, 0x32, 0x00, 0x31,
  0x00, 0x30, 0x00, 0x2f, 0x00, 0x2e, 0x00, 0x2d, 0x00, 0x2c, 0x00, 0x2b,
  0x00, 0x2a, 0x00, 0x29, 0x00, 0x28, 0x00, 0x27, 0x00, 0x26, 0x00, 0x25,
  0x00, 0x24, 0x00, 0x23, 0x00, 0x22, 0x00, 0x21, 0x00, 0x20, 0x00, 0x1f,
  0x00, 0x1e, 0x00, 0x1d, 0x00, 0x1c, 0x00, 0x1b, 0x00, 0x1a, 0x00, 0x19,
  0x00, 0x18, 0x00, 0x17, 0x00, 0x16, 0x00, 0x15, 0x00, 0x14, 0x00, 0x13,
  0x00, 0x12, 0x00, 0x11, 0x00, 0x10, 0x00, 0x0f, 0x00, 0x0e, 0x00, 0x0d,
  0x00, 0x0c, 0x00, 0x0b, 0x00, 0x0a, 0x00, 0x09, 0x00, 0x08, 0x00, 0x07,
  0x00, 0x06, 0x00, 0x05, 0x00, 0x04, 0x00, 0x03, 0x00, 0x02, 0x00, 0x01,
  0x00, 0x00, 0x00, 0x01, 0x00, 0x02, 0x00, 0x03, 0x00, 0x04, 0x00, 0x05,
  0x00, 0x06, 0x00, 0x07, 0x00, 0x08, 0x01, 0x08, 0x01, 0x07, 0x01, 0x06,
  0x01, 0x05, 0x01, 0x04, 0x01, 0x03, 0x01, 0x02, 0x01, 0x01, 0x01, 0x00,
  0x01, 0x01, 0x01, 0x02, 0x01, 0x03, 0x01, 0x04, 0x01, 0x05, 0x01, 0x06,
  0x01, 0x07, 0x01, 0x08, 0x02, 0x08, 0x02, 0x07, 0x02, 0x06, 0x02, 0x05,
  0x02, 0x04, 0x02, 0x03, 0x02, 0x02, 0x02, 0x01, 0x02, 0x00, 0x02, 0x01,
  0x02, 0x02, 0x02, 0x03, 0x02, 0x04, 0x02, 0x05, 0x02, 0x06, 0x02, 0x07,
  0x02, 0x08, 0x03, 0x08, 0x03, 0x07, 0x03, 0x06, 0x03, 0x05, 0x03, 0x04,
  0x03, 0x03, 0x03, 0x02, 0x03, 0x01, 0x03, 0x00, 0x03, 0x01, 0x03, 0x02,
  0x03, 0x03, 0x03, 0x04, 0x03, 0x05, 0x03, 0x06, 0x03, 0x07, 0x03, 0x08,
  0x04, 0x08, 0x04, 0x07, 0x04, 0x06, 0x04, 0x05, 0x04, 0x04, 0x04, 0x03,
  0x04, 0x02, 0x04, 0x01, 0x04, 0x00, 0x04, 0x01, 0x04, 0x02, 0x04, 0x03,
  0x04, 0x04, 0x04, 0x05, 0x04, 0x06, 0x04, 0x07, 0x04, 0x08, 0x05, 0x08,
  0x05, 0x07, 0x05, 0x06, 0x05, 0x05, 0x05, 0x04, 0x05, 0x03, 0x05, 0x02,
  0x05, 0x01, 0x05, 0x00, 0x05, 0x01, 0x05, 0x02, 0x05, 0x03, 0x05, 0x04,
  0x05, 0x05, 0x05, 0x06, 0x05, 0x07, 0x05, 0x08, 0x06, 0x08, 0x06, 0x07,
  0x06, 0x06, 0x06, 0x05, 0x06, 0x04, 0x06, 0x03, 0x06, 0x02, 0x06, 0x01,
  0x06, 0x00, 0x06, 0x01, 0x06, 0x02, 0x06, 0x03, 0x06, 0x04, 0x06, 0x05,
  0x06, 0x06, 0x06, 0x07, 0x06, 0x08, 0x07, 0x08, 0x07, 0x07, 0x07, 0x06,
  0x07, 0x05, 0x07, 0x04, 0x07, 0x03, 0x07, 0x02, 0x07, 0x01, 0x07, 0x00,
  0x07, 0x01, 0x07, 0x02, 0x07, 0x03, 0x07, 0x04, 0x07, 0x05, 0x07, 0x06,
  0x07, 0x07, 0x07, 0x08, 0x08, 0x08, 0x08, 0x07, 0x08, 0x06, 0x08, 0x05,
  0x08, 0x04, 0x08, 0x03, 0x08, 0x02, 0x08, 0x01, 0x08, 0x00, 0x08, 0x01,
  0x08, 0x02, 0x08, 0x03, 0x08, 0x04, 0x08, 0x05, 0x08, 0x06, 0x08, 0x07,
  0x08, 0x08, 0x09, 0x08, 0x09, 0x07, 0x09, 0x06, 0x09, 0x05, 0x09, 0x04,
  0x09, 0x03, 0x09, 0x02, 0x09, 0x01, 0x09, 0x00, 0x09, 0x01, 0x09, 0x02,
  0x09, 0x03, 0x09, 0x04, 0x09, 0x05, 0x09, 0x06, 0x09, 0x07, 0x09, 0x08,
  0x0a, 0x08, 0x0a, 0x07, 0x0a, 0x06, 0x0a, 0x05, 0x0a, 0x04, 0x0a, 0x03,
  0x0a, 0x02, 0x0a, 0x01, 0x0a, 0x00, 0x0a, 0x01, 0x0a, 0x02, 0x0b, 0x02,
  0x0b, 0x01, 0x0b, 0x00, 0x00, 0x50, 0x00, 0x4f, 0x00, 0x4e, 0x00, 0x4d,
  0x00, 0x4c, 0x00, 0x4b, 0x00, 0x4a, 0x00, 0x49, 0x00, 0x48, 0x00, 0x47,
  0x00, 0x46, 0x00, 0x45, 0x00, 0x44, 0x00, 0x43, 0x00, 0x42, 0x00, 0x41,
  0x00, 0x40, 0x00, 0x3f, 0x00, 0x3e, 0x00, 0x3d, 0x00, 0x3c, 0x00, 0x3b,
  0x00, 0x3a, 0x00, 0x39, 0x00, 0x38, 0x00, 0x37, 0x00, 0x36, 0x00, 0x35,
  0x00, 0x34, 0x00, 0x33, 0x00, 0x32, 0x00, 0x31, 0x00, 0x30, 0x00, 0x2f,
  0x00, 0x2e, 0x00, 0x2d, 0x00, 0x2c, 0x00, 0x2b, 0x00, 0x2a, 0x00, 0x29,
  0x00, 0x28, 0x00, 0x27, 0x00, 0x26, 0x00, 0x25, 0x00, 0x24, 0x00, 0x23,
  0x00, 0x22, 0x00, 0x21, 0x00, 0x20, 0x00, 0x1f, 0x00, 0x1e, 0x00, 0x1d,
  0x00, 0x1c, 0x00, 0x1b, 0x00, 0x1a, 0x00, 0x19, 0x00, 0x18, 0x00, 0x17,
  0x00, 0x16, 0x00, 0x15, 0x00, 0x14, 0x00, 0x13, 0x00, 0x12, 0x00, 0x11,
  0x00, 0x10, 0x00, 0x0f, 0x00, 0x0e, 0x00, 0x0d, 0x00, 0x0c, 0x00, 0x0b,
  0x00, 0x0a, 0x00, 0x09, 0x00, 0x08, 0x00, 0x07, 0x00, 0x06, 0x00, 0x05,
  0x00, 0x04, 0x00, 0x03, 0x00, 0x02, 0x00, 0x01, 0x00, 0x00, 0x00, 0x01,
  0x00, 0x02, 0x00, 0x03, 0x00, 0x04, 0x01, 0x03, 0x01, 0x02, 0x01, 0x01,
  0x01, 0x00, 0x01, 0x01, 0x01, 0x02, 0x01, 0x03, 0x01, 0x04, 0x02, 0x03,
  0x02, 0x02, 0x02, 0x01, 0x02, 0x00, 0x02, 0x01, 0x02, 0x02, 0x02, 0x03,
  0x02, 0x04, 0x03, 0x03, 0x03, 0x02, 0x03, 0x01, 0x03, 0x00, 0x03, 0x01,
  0x03, 0x02, 0x03, 0x03, 0x03, 0x04, 0x04, 0x04, 0x04, 0x03, 0x04, 0x02,
  0x04, 0x01, 0x04, 0x00, 0x04, 0x01, 0x04, 0x02, 0x04, 0x03, 0x04, 0x04,
  0x05, 0x03, 0x05, 0x02, 0x05, 0x01, 0x05, 0x00, 0x05, 0x01, 0x05, 0x02,
  0x05, 0x03, 0x05, 0x04, 0x06, 0x03, 0x06, 0x02, 0x06, 0x01, 0x06, 0x00,
  0x06, 0x01, 0x06, 0x02, 0x06, 0x03, 0x06, 0x04, 0x07, 0x03, 0x07, 0x02,
  0x07, 0x01, 0x07, 0x00, 0x07, 0x01, 0x07, 0x02, 0x07, 0x03, 0x07, 0x04,
  0x08, 0x04, 0x08, 0x03, 0x08, 0x02, 0x08, 0x01, 0x08, 0x00, 0x08, 0x01,
  0x08, 0x02, 0x08, 0x03, 0x08, 0x04, 0x09, 0x03, 0x09, 0x02, 0x09, 0x01,
  0x09, 0x00, 0x09, 0x01, 0x09, 0x02, 0x09, 0x03, 0x09, 0x04, 0x0a, 0x03,
  0x0a, 0x02, 0x0a, 0x01, 0x0a, 0x00, 0x0a, 0x01, 0x0a, 0x02, 0x0a, 0x03,
  0x0a, 0x04, 0x0b, 0x03, 0x0b, 0x02, 0x0b, 0x01, 0x0b, 0x00, 0x0b, 0x01,
  0x0b, 0x02, 0x0b, 0x03, 0x0b, 0x04, 0x0c, 0x04, 0x0c, 0x03, 0x0c, 0x02,
  0x0c, 0x01, 0x0c, 0x00, 0x0c, 0x01, 0x0c, 0x02, 0x0c, 0x03, 0x0c, 0x04,
  0x0d, 0x03, 0x0d, 0x02, 0x0d, 0x01, 0x0d, 0x00, 0x0d, 0x01, 0x0d, 0x02,
  0x0d, 0x03, 0x0d, 0x04, 0x0e, 0x03, 0x0e, 0x02, 0x0e, 0x01, 0x0e, 0x00,
  0x0e, 0x01, 0x0e, 0x02, 0x0e, 0x03, 0x0e, 0x04, 0x0f, 0x03, 0x0f, 0x02,
  0x0f, 0x01, 0x0f, 0x00, 0x0f, 0x01, 0x0f, 0x02, 0x0f, 0x03, 0x0f, 0x04,
  0x10, 0x04, 0x10, 0x03, 0x10, 0x02, 0x10, 0x01, 0x10, 0x00, 0x10, 0x01,
  0x10, 0x02, 0x10, 0x03, 0x10, 0x04, 0x11, 0x03, 0x11, 0x02, 0x11, 0x01,
  0x11, 0x00, 0x11, 0x01, 0x11, 0x02, 0x11, 0x03, 0x11, 0x04, 0x12, 0x03,
  0x12, 0x02, 0x12, 0x01, 0x12, 0x00, 0x12, 0x01, 0x12, 0x02, 0x12, 0x03,
  0x12, 0x04, 0x13, 0x03, 0x13, 0x02, 0x13, 0x01, 0x13, 0x00, 0x13, 0x01,
  0x13, 0x02, 0x13, 0x03, 0x13, 0x04, 0x14, 0x04, 0x14, 0x03, 0x14, 0x02,
  0x14, 0x01, 0x14, 0x00, 0x14, 0x01, 0x14, 0x02, 0x14, 0x03, 0x14, 0x04,
  0x15, 0x03, 0x15, 0x02, 0x15, 0x01, 0x15, 0x00, 0x15, 0x01, 0x16, 0x00,
  0x00, 0x6a, 0x00, 0x69, 0x00, 0x68, 0x00, 0x67, 0x00, 0x66, 0x00, 0x65,
  0x00, 0x64, 0x00, 0x63, 0x00, 0x62, 0x00, 0x61, 0x00, 0x60, 0x00, 0x5f,
  0x00, 0x5e, 0x00, 0x5d, 0x00, 0x5c, 0x00, 0x5b, 0x00, 0x5a, 0x00, 0x59,
  0x00, 0x58, 0x00, 0x57, 0x00, 0x56, 0x00, 0x55, 0x00, 0x54, 0x00, 0x53,
  0x00, 0x52, 0x00, 0x51, 0x00, 0x50, 0x00, 0x4f, 0x00, 0x4e, 0x00, 0x4d,
  0x00, 0x4c, 0x00, 0x4b, 0x00, 0x4a, 0x00, 0x49, 0x00, 0x48, 0x00, 0x47,
  0x00, 0x46, 0x00, 0x45, 0x00, 0x44, 0x00, 0x43, 0x00, 0x42, 0x00, 0x41,
  0x00, 0x40, 0x00, 0x3f, 0x00, 0x3e, 0x00, 0x3d, 0x00, 0x3c, 0x00, 0x3b,
  0x00, 0x3a, 0x00, 0x39, 0x00, 0x38, 0x00, 0x37, 0x00, 0x36, 0x00, 0x35,
  0x00, 0x34, 0x00, 0x33, 0x00, 0x32, 0x00, 0x31, 0x00, 0x30, 0x00, 0x2f,
  0x00, 0x2e, 0x00, 0x2d, 0x00, 0x2c, 0x00, 0x2b, 0x00, 0x2a, 0x00, 0x29,
  0x00, 0x28, 0x00, 0x27, 0x00, 0x26, 0x00, 0x25, 0x00, 0x24, 0x00, 0x23,
  0x00, 0x22, 0x00, 0x21, 0x00, 0x20, 0x00, 0x1f, 0x00, 0x1e, 0x00, 0x1d,
  0x00, 0x1c, 0x00, 0x1b, 0x00, 0x1a, 0x00, 0x19, 0x00, 0x18, 0x00, 0x17,
  0x00, 0x16, 0x00, 0x15, 0x00, 0x14, 0x00, 0x13, 0x00, 0x12, 0x00, 0x11,
  0x00, 0x10, 0x00, 0x0f, 0x00, 0x0e, 0x00, 0x0d, 0x00, 0x0c, 0x00, 0x0b,
  0x00, 0x0a, 0x00, 0x09, 0x00, 0x08, 0x00, 0x07, 0x00, 0x06, 0x00, 0x05,
  0x00, 0x04, 0x00, 0x03, 0x00, 0x02, 0x00, 0x01, 0x00, 0x00, 0x00, 0x01,
  0x00, 0x02, 0x00, 0x03, 0x00, 0x04, 0x00, 0x05, 0x00, 0x06, 0x00, 0x07,
  0x00, 0x08, 0x01, 0x08, 0x01, 0x07, 0x01, 0x06, 0x01, 0x05, 0x01, 0x04,
  0x01, 0x03, 0x01, 0x02, 0x01, 0x01, 0x01, 0x00, 0x01, 0x01, 0x01, 0x02,
  0x01, 0x03, 0x01, 0x04, 0x01, 0x05, 0x01, 0x06, 0x01, 0x07, 0x01, 0x08,
  0x02, 0x08, 0x02, 0x07, 0x02, 0x06, 0x02, 0x05, 0x02, 0x04, 0x02, 0x03,
  0x02, 0x02, 0x02, 0x01, 0x02, 0x00, 0x02, 0x01, 0x02, 0x02, 0x02, 0x03,
  0x02, 0x04, 0x02, 0x05, 0x02, 0x06, 0x02, 0x07, 0x02, 0x08, 0x03, 0x08,
  0x03, 0x07, 0x03, 0x06, 0x03, 0x05, 0x03, 0x04, 0x03, 0x03, 0x03, 0x02,
  0x03, 0x01, 0x03, 0x00, 0x03, 0x01, 0x03, 0x02, 0x03, 0x03, 0x03, 0x04,
  0x03, 0x05, 0x03, 0x06, 0x03, 0x07, 0x03, 0x08, 0x04, 0x08, 0x04, 0x07,
  0x04, 0x06, 0x04, 0x05, 0x04, 0x04, 0x04, 0x03, 0x04, 0x02, 0x04, 0x01,
  0x04, 0x00, 0x04, 0x01, 0x04, 0x02, 0x04, 0x03, 0x04, 0x04, 0x04, 0x05,
  0x04, 0x06, 0x04, 0x07, 0x04, 0x08, 0x05, 0x08, 0x05, 0x07, 0x05, 0x06,
  0x05, 0x05, 0x05, 0x04, 0x05, 0x03, 0x05, 0x02, 0x05, 0x01, 0x05, 0x00,
  0x05, 0x01, 0x05, 0x02, 0x05, 0x03, 0x05, 0x04, 0x05, 0x05, 0x05, 0x06,
  0x05, 0x07, 0x05, 0x08, 0x06, 0x08, 0x06, 0x07, 0x06, 0x06, 0x06, 0x05,
  0x06, 0x04, 0x06, 0x03, 0x06, 0x02, 0x06, 0x01, 0x06, 0x00, 0x06, 0x01,
  0x06, 0x02, 0x06, 0x03, 0x06, 0x04, 0x06, 0x05, 0x06, 0x06, 0x06, 0x07,
  0x06, 0x08, 0x07, 0x08, 0x07, 0x07, 0x07, 0x06, 0x07, 0x05, 0x07, 0x04,
  0x07, 0x03, 0x07, 0x02, 0x07, 0x01, 0x07, 0x00, 0x07, 0x01, 0x07, 0x02,
  0x07, 0x03, 0x07, 0x04, 0x07, 0x05, 0x07, 0x06, 0x07, 0x07, 0x07, 0x08,
  0x08, 0x08, 0x08, 0x07, 0x08, 0x06, 0x08, 0x05, 0x08, 0x04, 0x08, 0x03,
  0x08, 0x02, 0x08, 0x01, 0x08, 0x00, 0x08, 0x01, 0x08, 0x02, 0x08, 0x03,
  0x08, 0x04, 0x08, 0x05, 0x08, 0x06, 0x09, 0x06, 0x09, 0x05, 0x09, 0x04,
  0x09, 0x03, 0x09, 0x02, 0x09, 0x01, 0x09, 0x00, 0x00, 0x6a, 0x00, 0x69,
  0x00, 0x68, 0x00, 0x67, 0x00, 0x66, 0x00, 0x65, 0x00, 0x64, 0x00, 0x63,
  0x00, 0x62, 0x00, 0x61, 0x00, 0x60, 0x00, 0x5f, 0x00, 0x5e, 0x00, 0x5d,
  0x00, 0x5c, 0x00, 0x5b, 0x00, 0x5a, 0x00, 0x59, 0x00, 0x58, 0x00, 0x57,
  0x00, 0x56, 0x00, 0x55, 0x00, 0x54, 0x00, 0x53, 0x00, 0x52, 0x00, 0x51,
  0x00, 0x50, 0x00, 0x4f, 0x00, 0x4e, 0x00, 0x4d, 0x00, 0x4c, 0x00, 0x4b,
  0x00, 0x4a, 0x00, 0x49, 0x00, 0x48, 0x00, 0x47, 0x00, 0x46, 0x00, 0x45,
  0x00, 0x44, 0x00, 0x43, 0x00, 0x42, 0x00, 0x41, 0x00, 0x40, 0x00, 0x3f,
  0x00, 0x3e, 0x00, 0x3d, 0x00, 0x3c, 0x00, 0x3b, 0x00, 0x3a, 0x00, 0x39,
  0x00, 0x38, 0x00, 0x37, 0x00, 0x36, 0x00, 0x35, 0x00, 0x34, 0x00, 0x33,
  0x00, 0x32, 0x00, 0x31, 0x00, 0x30, 0x00, 0x2f, 0x00, 0x2e, 0x00, 0x2d,
  0x00, 0x2c, 0x00, 0x2b, 0x00, 0x2a, 0x00, 0x29, 0x00, 0x28, 0x00, 0x27,
  0x00, 0x26, 0x00, 0x25, 0x00, 0x24, 0x00, 0x23, 0x00, 0x22, 0x00, 0x21,
  0x00, 0x20, 0x00, 0x1f, 0x00, 0x1e, 0x00, 0x1d, 0x00, 0x1c, 0x00, 0x1b,
  0x00, 0x1a, 0x00, 0x19, 0x00, 0x18, 0x00, 0x17, 0x00, 0x16, 0x00, 0x15,
  0x00, 0x14, 0x00, 0x13, 0x00, 0x12, 0x00, 0x11, 0x00, 0x10, 0x00, 0x0f,
  0x00, 0x0e, 0x00, 0x0d, 0x00, 0x0c, 0x00, 0x0b, 0x00, 0x0a, 0x00, 0x09,
  0x00, 0x08, 0x00, 0x07, 0x00, 0x06, 0x00, 0x05, 0x00, 0x04, 0x00, 0x03,
  0x00, 0x02, 0x00, 0x01, 0x00, 0x00, 0x00, 0x01, 0x00, 0x02, 0x00, 0x03,
  0x00, 0x04, 0x01, 0x03, 0x01, 0x02, 0x01, 0x01, 0x01, 0x00, 0x01, 0x01,
  0x01, 0x02, 0x01, 0x03, 0x01, 0x04, 0x02, 0x03, 0x02, 0x02, 0x02, 0x01,
  0x02, 0x00, 0x02, 0x01, 0x02, 0x02, 0x02, 0x03, 0x02, 0x04, 0x03, 0x03,
  0x03, 0x02, 0x03, 0x01, 0x03, 0x00, 0x03, 0x01, 0x03, 0x02, 0x03, 0x03,
  0x03, 0x04, 0x04, 0x04, 0x04, 0x03, 0x04, 0x02, 0x04, 0x01, 0x04, 0x00,
  0x04, 0x01, 0x04, 0x02, 0x04, 0x03, 0x04, 0x04, 0x05, 0x03, 0x05, 0x02,
  0x05, 0x01, 0x05, 0x00, 0x05, 0x01, 0x05, 0x02, 0x05, 0x03, 0x05, 0x04,
  0x06, 0x03, 0x06, 0x02, 0x06, 0x01, 0x06, 0x00, 0x06, 0x01, 0x06, 0x02,
  0x06, 0x03, 0x06, 0x04, 0x07, 0x03, 0x07, 0x02, 0x07, 0x01, 0x07, 0x00,
  0x07, 0x01, 0x07, 0x02, 0x07, 0x03, 0x07, 0x04, 0x08, 0x04, 0x08, 0x03,
  0x08, 0x02, 0x08, 0x01, 0x08, 0x00, 0x08, 0x01, 0x08, 0x02, 0x08, 0x03,
  0x08, 0x04, 0x09, 0x03, 0x09, 0x02, 0x09, 0x01, 0x09, 0x00, 0x09, 0x01,
  0x09, 0x02, 0x09, 0x03, 0x09, 0x04, 0x0a, 0x03, 0x0a, 0x02, 0x0a, 0x01,
  0x0a, 0x00, 0x0a, 0x01, 0x0a, 0x02, 0x0a, 0x03, 0x0a, 0x04, 0x0b, 0x03,
  0x0b, 0x02, 0x0b, 0x01, 0x0b, 0x00, 0x0b, 0x01, 0x0b, 0x02, 0x0b, 0x03,
  0x0b, 0x04, 0x0c, 0x04, 0x0c, 0x03, 0x0c, 0x02, 0x0c, 0x01, 0x0c, 0x00,
  0x0c, 0x01, 0x0c, 0x02, 0x0c, 0x03, 0x0c, 0x04, 0x0d, 0x03, 0x0d, 0x02,
  0x0d, 0x01, 0x0d, 0x00, 0x0d, 0x01, 0x0d, 0x02, 0x0d, 0x03, 0x0d, 0x04,
  0x0e, 0x03, 0x0e, 0x02, 0x0e, 0x01, 0x0e, 0x00, 0x0e, 0x01, 0x0e, 0x02,
  0x0e, 0x03, 0x0e, 0x04, 0x0f, 0x03, 0x0f, 0x02, 0x0f, 0x01, 0x0f, 0x00,
  0x0f, 0x01, 0x0f, 0x02, 0x0f, 0x03, 0x0f, 0x04, 0x10, 0x04, 0x10, 0x03,
  0x10, 0x02, 0x10, 0x01, 0x10, 0x00, 0x10, 0x01, 0x10, 0x02, 0x10, 0x03,
  0x10, 0x04, 0x11, 0x03, 0x11, 0x02, 0x11, 0x01, 0x11, 0x00, 0x11, 0x01,
  0x11, 0x02, 0x11, 0x03, 0x11, 0x04, 0x12, 0x03, 0x12, 0x02, 0x12, 0x01,
  0x12, 0x00, 0x13, 0x00, 0x00, 0xb7, 0x00, 0xb6, 0x00, 0xb5, 0x00, 0xb4,
  0x00, 0xb3, 0x00, 0xb2, 0x00, 0xb1, 0x00, 0xb0, 0x00, 0xaf, 0x00, 0xae,
  0x00, 0xad, 0x00, 0xac, 0x00, 0xab, 0x00, 0xaa, 0x00, 0xa9, 0x00, 0xa8,
  0x00, 0xa7, 0x00, 0xa6, 0x00, 0xa5, 0x00, 0xa4, 0x00, 0xa3, 0x00, 0xa2,
  0x00, 0xa1, 0x00, 0xa0, 0x00, 0x9f, 0x00, 0x9e, 0x00, 0x9d, 0x00, 0x9c,
  0x00, 0x9b, 0x00, 0x9a, 0x00, 0x99, 0x00, 0x98, 0x00, 0x97, 0x00, 0x96,
  0x00, 0x95, 0x00, 0x94, 0x00, 0x93, 0x00, 0x92, 0x00, 0x91, 0x00, 0x90,
  0x00, 0x8f, 0x00, 0x8e, 0x00, 0x8d, 0x00, 0x8c, 0x00, 0x8b, 0x00, 0x8a,
  0x00, 0x89, 0x00, 0x88, 0x00, 0x87, 0x00, 0x86, 0x00, 0x85, 0x00, 0x84,
  0x00, 0x83, 0x00, 0x82, 0x00, 0x81, 0x00, 0x80, 0x00, 0x7f, 0x00, 0x7e,
  0x00, 0x7d, 0x00, 0x7c, 0x00, 0x7b, 0x00, 0x7a, 0x00, 0x79, 0x00, 0x78,
  0x00, 0x77, 0x00, 0x76, 0x00, 0x75, 0x00, 0x74, 0x00, 0x73, 0x00, 0x72,
  0x00, 0x71, 0x00, 0x70, 0x00, 0x6f, 0x00, 0x6e, 0x00, 0x6d, 0x00, 0x6c,
  0x00, 0x6b, 0x00, 0x6a, 0x00, 0x69, 0x00, 0x68, 0x00, 0x67, 0x00, 0x66,
  0x00, 0x65, 0x00, 0x64, 0x00, 0x63, 0x00, 0x62, 0x00, 0x61, 0x00, 0x60,
  0x00, 0x5f, 0x00, 0x5e, 0x00, 0x5d, 0x00, 0x5c, 0x00, 0x5b, 0x00, 0x5a,
  0x00, 0x59, 0x00, 0x58, 0x00, 0x57, 0x00, 0x56, 0x00, 0x55, 0x00, 0x54,
  0x00, 0x53, 0x00, 0x52, 0x00, 0x51, 0x00, 0x50, 0x00, 0x4f, 0x00, 0x4e,
  0x00, 0x4d, 0x00, 0x4c, 0x00, 0x4b, 0x00, 0x4a, 0x00, 0x49, 0x00, 0x48,
  0x00, 0x47, 0x00, 0x46, 0x00, 0x45, 0x00, 0x44, 0x00, 0x43, 0x00, 0x42,
  0x00, 0x41, 0x00, 0x40, 0x00, 0x3f, 0x00, 0x3e, 0x00, 0x3d, 0x00, 0x3c,
  0x00, 0x3b, 0x00, 0x3a, 0x00, 0x39, 0x00, 0x38, 0x00, 0x37, 0x00, 0x36,
  0x00, 0x35, 0x00, 0x34, 0x00, 0x33, 0x00, 0x32, 0x00, 0x31, 0x00, 0x30,
  0x00, 0x2f, 0x00, 0x2e, 0x00, 0x2d, 0x00, 0x2c, 0x00, 0x2b, 0x00, 0x2a,
  0x00, 0x29, 0x00, 0x28, 0x00, 0x27, 0x00, 0x26, 0x00, 0x25, 0x00, 0x24,
  0x00, 0x23, 0x00, 0x22, 0x00, 0x21, 0x00, 0x20, 0x00, 0x1f, 0x00, 0x1e,
  0x00, 0x1d, 0x00, 0x1c, 0x00, 0x1b, 0x00, 0x1a, 0x00, 0x19, 0x00, 0x18,
  0x00, 0x17, 0x00, 0x16, 0x00, 0x15, 0x00, 0x14, 0x00, 0x13, 0x00, 0x12,
  0x00, 0x11, 0x00, 0x10, 0x00, 0x0f, 0x00, 0x0e, 0x00, 0x0d, 0x00, 0x0c,
  0x00, 0x0b, 0x00, 0x0a, 0x00, 0x09, 0x00, 0x08, 0x00, 0x07, 0x00, 0x06,
  0x00, 0x05, 0x00, 0x04, 0x00, 0x03, 0x00, 0x02, 0x00, 0x01, 0x00, 0x00,
  0x00, 0x01, 0x00, 0x02, 0x00, 0x03, 0x00, 0x04, 0x00, 0x05, 0x00, 0x06,
  0x00, 0x07, 0x00, 0x08, 0x01, 0x08, 0x01, 0x07, 0x01, 0x06, 0x01, 0x05,
  0x01, 0x04, 0x01, 0x03, 0x01, 0x02, 0x01, 0x01, 0x01, 0x00, 0x01, 0x01,
  0x01, 0x02, 0x01, 0x03, 0x01, 0x04, 0x01, 0x05, 0x01, 0x06, 0x01, 0x07,
  0x01, 0x08, 0x02, 0x08, 0x02, 0x07, 0x02, 0x06, 0x02, 0x05, 0x02, 0x04,
  0x02, 0x03, 0x02, 0x02, 0x02, 0x01, 0x02, 0x00, 0x02, 0x01, 0x02, 0x02,
  0x02, 0x03, 0x02, 0x04, 0x02, 0x05, 0x02, 0x06, 0x02, 0x07, 0x02, 0x08,
  0x03, 0x08, 0x03, 0x07, 0x03, 0x06, 0x03, 0x05, 0x03, 0x04, 0x03, 0x03,
  0x03, 0x02, 0x03, 0x01, 0x03, 0x00, 0x03, 0x01, 0x03, 0x02, 0x03, 0x03,
  0x03, 0x04, 0x03, 0x05, 0x03, 0x06, 0x03, 0x07, 0x03, 0x08, 0x04, 0x08,
  0x04, 0x07, 0x04, 0x06, 0x04, 0x05, 0x04, 0x04, 0x04, 0x03, 0x04, 0x02,
  0x04, 0x01, 0x04, 0x00, 0x04, 0x01, 0x04, 0x02, 0x05, 0x01, 0x05, 0x00,
  0x00, 0xb7, 0x00, 0xb6, 0x00, 0xb5, 0x00, 0xb4, 0x00, 0xb3, 0x00, 0xb2,
  0x00, 0xb1, 0x00, 0xb0, 0x00, 0xaf, 0x00, 0xae, 0x00, 0xad, 0x00, 0xac,
  0x00, 0xab, 0x00, 0xaa, 0x00, 0xa9, 0x00, 0xa8, 0x00, 0xa7, 0x00, 0xa6,
  0x00, 0xa5, 0x00, 0xa4, 0x00, 0xa3, 0x00, 0xa2, 0x00, 0xa1, 0x00, 0xa0,
  0x00, 0x9f, 0x00, 0x9e, 0x00, 0x9d, 0x00, 0x9c, 0x00, 0x9b, 0x00, 0x9a,
  0x00, 0x99, 0x00, 0x98, 0x00, 0x97, 0x00, 0x96, 0x00, 0x95, 0x00, 0x94,
  0x00, 0x93, 0x00, 0x92, 0x00, 0x91, 0x00, 0x90, 0x00, 0x8f, 0x00, 0x8e,
  0x00, 0x8d, 0x00, 0x8c, 0x00, 0x8b, 0x00, 0x8a, 0x00, 0x89, 0x00, 0x88,
  0x00, 0x87, 0x00, 0x86, 0x00, 0x85, 0x00, 0x84, 0x00, 0x83, 0x00, 0x82,
  0x00, 0x81, 0x00, 0x80, 0x00, 0x7f, 0x00, 0x7e, 0x00, 0x7d, 0x00, 0x7c,
  0x00, 0x7b, 0x00, 0x7a, 0x00, 0x79, 0x00, 0x78, 0x00, 0x77, 0x00, 0x76,
  0x00, 0x75, 0x00, 0x74, 0x00, 0x73, 0x00, 0x72, 0x00, 0x71, 0x00, 0x70,
  0x00, 0x6f, 0x00, 0x6e, 0x00, 0x6d, 0x00, 0x6c, 0x00, 0x6b, 0x00, 0x6a,
  0x00, 0x69, 0x00, 0x68, 0x00, 0x67, 0x00, 0x66, 0x00, 0x65, 0x00, 0x64,
  0x00, 0x63, 0x00, 0x62, 0x00, 0x61, 0x00, 0x60, 0x00, 0x5f, 0x00, 0x5e,
  0x00, 0x5d, 0x00, 0x5c, 0x00, 0x5b, 0x00, 0x5a, 0x00, 0x59, 0x00, 0x58,
  0x00, 0x57, 0x00, 0x56, 0x00, 0x55, 0x00, 0x54, 0x00, 0x53, 0x00, 0x52,
  0x00, 0x51, 0x00, 0x50, 0x00, 0x4f, 0x00, 0x4e, 0x00, 0x4d, 0x00, 0x4c,
  0x00, 0x4b, 0x00, 0x4a, 0x00, 0x49, 0x00, 0x48, 0x00, 0x47, 0x00, 0x46,
  0x00, 0x45, 0x00, 0x44, 0x00, 0x43, 0x00, 0x42, 0x00, 0x41, 0x00, 0x40,
  0x00, 0x3f, 0x00, 0x3e, 0x00, 0x3d, 0x00, 0x3c, 0x00, 0x3b, 0x00, 0x3a,
  0x00, 0x39, 0x00, 0x38, 0x00, 0x37, 0x00, 0x36, 0x00, 0x35, 0x00, 0x34,
  0x00, 0x33, 0x00, 0x32, 0x00, 0x31, 0x00, 0x30, 0x00, 0x2f, 0x00, 0x2e,
  0x00, 0x2d, 0x00, 0x2c, 0x00, 0x2b, 0x00, 0x2a, 0x00, 0x29, 0x00, 0x28,
  0x00, 0x27, 0x00, 0x26, 0x00, 0x25, 0x00, 0x24, 0x00, 0x23, 0x00, 0x22,
  0x00, 0x21, 0x00, 0x20, 0x00, 0x1f, 0x00, 0x1e, 0x00, 0x1d, 0x00, 0x1c,
  0x00, 0x1b, 0x00, 0x1a, 0x00, 0x19, 0x00, 0x18, 0x00, 0x17, 0x00, 0x16,
  0x00, 0x15, 0x00, 0x14, 0x00, 0x13, 0x00, 0x12, 0x00, 0x11, 0x00, 0x10,
  0x00, 0x0f, 0x00, 0x0e, 0x00, 0x0d, 0x00, 0x0c, 0x00, 0x0b, 0x00, 0x0a,
  0x00, 0x09, 0x00, 0x08, 0x00, 0x07, 0x00, 0x06, 0x00, 0x05, 0x00, 0x04,
  0x00, 0x03, 0x00, 0x02, 0x00, 0x01, 0x00, 0x00, 0x00, 0x01, 0x00, 0x02,
  0x00, 0x03, 0x00, 0x04, 0x01, 0x03, 0x01, 0x02, 0x01, 0x01, 0x01, 0x00,
  0x01, 0x01, 0x01, 0x02, 0x01, 0x03, 0x01, 0x04, 0x02, 0x03, 0x02, 0x02,
  0x02, 0x01, 0x02, 0x00, 0x02, 0x01, 0x02, 0x02, 0x02, 0x03, 0x02, 0x04,
  0x03, 0x03, 0x03, 0x02, 0x03, 0x01, 0x03, 0x00, 0x03, 0x01, 0x03, 0x02,
  0x03, 0x03, 0x03, 0x04, 0x04, 0x04, 0x04, 0x03, 0x04, 0x02, 0x04, 0x01,
  0x04, 0x00, 0x04, 0x01, 0x04, 0x02, 0x04, 0x03, 0x04, 0x04, 0x05, 0x03,
  0x05, 0x02, 0x05, 0x01, 0x05, 0x00, 0x05, 0x01, 0x05, 0x02, 0x05, 0x03,
  0x05, 0x04, 0x06, 0x03, 0x06, 0x02, 0x06, 0x01, 0x06, 0x00, 0x06, 0x01,
  0x06, 0x02, 0x06, 0x03, 0x06, 0x04, 0x07, 0x03, 0x07, 0x02, 0x07, 0x01,
  0x07, 0x00, 0x07, 0x01, 0x07, 0x02, 0x07, 0x03, 0x07, 0x04, 0x08, 0x04,
  0x08, 0x03, 0x08, 0x02, 0x08, 0x01, 0x08, 0x00, 0x08, 0x01, 0x08, 0x02,
  0x08, 0x03, 0x09, 0x02, 0x09, 0x01, 0x09, 0x00, 0x00, 0x00, 0xff, 0x01,
  0x00, 0x00, 0x00, 0x00, 0x00, 0x00, 0x00, 0x00, 0x00, 0x00, 0x00, 0x00,
  0x00, 0x00, 0x00, 0x00, 0x00, 0x00, 0x00, 0x00, 0x00, 0x00, 0x00, 0x00,
  0x00, 0x00, 0x00, 0x00, 0x00, 0x00, 0x00, 0x00, 0x00, 0x00, 0x00, 0x00,
  0x00, 0x00, 0x00, 0x00, 0x00, 0x00, 0x00, 0x00, 0x00, 0x00, 0x00, 0x00,
  0x00, 0x00, 0x00, 0x00, 0x00, 0x00, 0x00, 0x00, 0x00, 0x00, 0x00, 0x00,
  0x00, 0x00, 0x00, 0x00, 0x00, 0x00, 0x00, 0x00, 0x00, 0x00, 0x00, 0x00,
  0x00, 0x00, 0x00, 0x00, 0x00, 0x00, 0x00, 0x00, 0x00, 0x00, 0x00, 0x00,
  0x00, 0x00, 0x00, 0x00, 0x00, 0x00, 0x00, 0x00, 0x00, 0x00, 0x00, 0x00,
  0x00, 0x00, 0x00, 0x00, 0x00, 0x00, 0x00, 0x00, 0x00, 0x00, 0x00, 0x00,
  0x00, 0x00, 0x00, 0x00, 0x00, 0x00, 0x00, 0x00, 0x00, 0x00, 0x00, 0x00,
  0x00, 0x00, 0x00, 0x00, 0x00, 0x00, 0x00, 0x00, 0x00, 0x00, 0x00, 0x00,
  0x00, 0x00, 0x00, 0x00, 0x00, 0x00, 0x00, 0x00, 0x00, 0x00, 0x00, 0x00,
  0x00, 0x00, 0x00, 0x00, 0x00, 0x00, 0x00, 0x00, 0x00, 0x00, 0x00, 0x00,
  0x00, 0x00, 0x00, 0x00, 0x00, 0x00, 0x00, 0x00, 0x00, 0x00, 0x00, 0x00,
  0x00, 0x00, 0x00, 0x00, 0x00, 0x00, 0x00, 0x00, 0x00, 0x00, 0x00, 0x00,
  0x00, 0x00, 0x00, 0x00, 0x00, 0x00, 0x00, 0x00, 0x00, 0x00, 0x00, 0x00,
  0x00, 0x00, 0x00, 0x00, 0x00, 0x00, 0x00, 0x00, 0x00, 0x00, 0x00, 0x00,
  0x00, 0x00, 0x00, 0x00, 0x00, 0x00, 0x00, 0x00, 0x00, 0x00, 0x00, 0x00,
  0x00, 0x00, 0x00, 0x00, 0x00, 0x00, 0x00, 0x00, 0x00, 0x00, 0x00, 0x00,
  0x00, 0x00, 0x00, 0x00, 0x00, 0x00, 0x00, 0x00, 0x00, 0x00, 0x00, 0x00,
  0x00, 0x00, 0x00, 0x00, 0x00, 0x00, 0x00, 0x00, 0x00, 0x00, 0x00, 0x00,
  0x00, 0x00, 0x00, 0x00, 0x00, 0x00, 0x00, 0x00, 0x00, 0x00, 0x00, 0x00,
  0x00, 0x00, 0x00, 0x00, 0x00, 0x00, 0x00, 0x00, 0x00, 0x00, 0x00, 0x00,
  0x00, 0x00, 0x00, 0x00, 0x00, 0x00, 0x00, 0x00, 0x00, 0x00, 0x00, 0x00,
  0x00, 0x00, 0x00, 0x00, 0x00, 0x00, 0x00, 0x00, 0x00, 0x00, 0x00, 0x00,
  0x00, 0x00, 0x00, 0x00, 0x00, 0x00, 0x00, 0x00, 0x00, 0x00, 0x00, 0x00,
  0x00, 0x00, 0x00, 0x00, 0x00, 0x00, 0x00, 0x00, 0x00, 0x00, 0x00, 0x00,
  0x00, 0x00, 0x00, 0x00, 0x00, 0x00, 0x00, 0x00, 0x00, 0x00, 0x00, 0x00,
  0x00, 0x00, 0x00, 0x00, 0x00, 0x00, 0x00, 0x00, 0x00, 0x00, 0x00, 0x00,
  0x00, 0x00, 0x00, 0x00, 0x00, 0x00, 0x00, 0x00, 0x00, 0x00, 0x00, 0x00,
  0x00, 0x00, 0x00, 0x00, 0x00, 0x00, 0x00, 0x00, 0x00, 0x00, 0x00, 0x00,
  0x00, 0x00, 0x00, 0x00, 0x00, 0x00, 0x00, 0x00, 0x00, 0x00, 0x00, 0x00,
  0x00, 0x00, 0x00, 0x00, 0x00, 0x00, 0x00, 0x00, 0x00, 0x00, 0x00, 0x00,
  0x00, 0x00, 0x00, 0x00, 0x00, 0x00, 0x00, 0x00, 0x00, 0x00, 0x00, 0x00,
  0x00, 0x00, 0x00, 0x00, 0x00, 0x00, 0x00, 0x00, 0x00, 0x00, 0x00, 0x00,
  0x00, 0x00, 0x00, 0x00, 0x00, 0x00, 0x00, 0x00, 0x00, 0x00, 0x00, 0x00,
  0x00, 0x00, 0x00, 0x00, 0x00, 0x00, 0x00, 0x00, 0x00, 0x00, 0x00, 0x00,
  0x00, 0x00, 0x00, 0x00, 0x00, 0x00, 0x00, 0x00, 0x00, 0x00, 0x00, 0x00,
  0x00, 0x00, 0x00, 0x00, 0x00, 0x00, 0x00, 0x00, 0x00, 0x00, 0x00, 0x00,
  0x00, 0x00, 0x00, 0x00, 0x00, 0x00, 0x00, 0x00, 0x00, 0x00, 0x00, 0x00,
  0x00, 0x00, 0x00, 0x00, 0x00, 0x00, 0x00, 0x00, 0x00, 0x00, 0x00, 0x00,
  0x00, 0x00, 0x00, 0x00, 0x00, 0x00, 0x00, 0x00, 0x00, 0x00, 0x00, 0x00,
  0x00, 0x00, 0x00, 0x00, 0x00, 0x00, 0x00, 0x00, 0x00, 0x00, 0x00, 0x00,
  0x00, 0x00, 0x00, 0x00, 0x00, 0x00, 0x00, 0x00, 0x00, 0x00, 0x00, 0x00,
  0x00, 0x00, 0x00, 0x00, 0x00, 0x00, 0x00, 0x00, 0x00, 0x00, 0x00, 0x00,
  0x00, 0x00, 0x00, 0x00, 0x00, 0x00, 0x00, 0x00, 0x00, 0x00, 0x00, 0x00,
  0x00, 0x00, 0x00, 0x00, 0x00, 0x00, 0x00, 0x00, 0x00, 0x00, 0x00, 0x00,
  0x00, 0x00, 0x00, 0x00, 0x00, 0x00, 0x00, 0x00, 0x00, 0x00, 0x00, 0x00,
  0x00, 0x00, 0x00, 0x00, 0x00, 0x00, 0x00, 0x00, 0x00, 0x00, 0x00, 0x00,
  0x00, 0x00, 0x00, 0x00, 0x00, 0x00, 0x00, 0x00, 0x00, 0x00, 0x00, 0x00,
  0x00, 0x00, 0x00, 0x00, 0x00, 0x00, 0x00, 0x00, 0x00, 0x00, 0x00, 0x00,
  0x00, 0x00, 0x00, 0x00, 0x00, 0x00, 0x00, 0x00, 0x00, 0x00, 0x00, 0x00,
  0x00, 0x00, 0x00, 0x00, 0x00, 0x00, 0x00, 0x00, 0x00, 0x00, 0x00, 0x00,
  0x00, 0x00, 0x00, 0x00, 0x00, 0x00, 0x00, 0x00, 0x00, 0x00, 0x00, 0x00,
  0x00, 0x00, 0x00, 0x00, 0x00, 0x00, 0x00, 0x00, 0x00, 0x00, 0x00, 0x00,
  0x00, 0x00, 0x00, 0x00, 0x00, 0x00, 0x00, 0x00, 0x00, 0x00, 0x00, 0x00,
  0x00, 0x00, 0x00, 0x00, 0x00, 0x00, 0x00, 0x00, 0x00, 0x00, 0x00, 0x00,
  0x00, 0x00, 0x00, 0x00, 0x00, 0x00, 0x00, 0x00, 0x00, 0x00, 0x00, 0x00,
  0x00, 0x00, 0x00, 0x00, 0x00, 0x00, 0x00, 0x00, 0x00, 0x00, 0x00, 0x00,
  0x00, 0x00, 0x00, 0x00, 0x00, 0x00, 0x00, 0x00, 0x00, 0x00, 0x00, 0x00,
  0x00, 0x00, 0x00, 0x00, 0x00, 0x00, 0x00, 0x00, 0x00, 0x00, 0x00, 0x00,
  0x00, 0x00, 0x00, 0x00, 0x00, 0x00, 0x00, 0x00, 0x00, 0x00, 0x00, 0x00,
  0x00, 0x00, 0x00, 0x00, 0x00, 0x00, 0x00, 0x00, 0x00, 0x00, 0x00, 0x00,
  0x00, 0x00, 0x00, 0x00, 0x00, 0x00, 0x00, 0x00, 0x00, 0x00, 0x00, 0x00,
  0x00, 0x00, 0x00, 0x00, 0x00, 0x00, 0x00, 0x00, 0x00, 0x00, 0x00, 0x00,
  0x00, 0x00, 0x00, 0x00, 0x00, 0x00, 0x00, 0x00, 0x00, 0x00, 0x00, 0x00,
  0x00, 0x00, 0x00, 0x00, 0x00, 0x00, 0x00, 0x00, 0x00, 0x00, 0x00, 0x00,
  0x00, 0x00, 0x00, 0x00, 0x00, 0x00, 0x00, 0x00, 0x00, 0x00, 0x00, 0x00,
  0x00, 0x00, 0x00, 0x00, 0x00, 0x00, 0x00, 0x00, 0x00, 0x00, 0x00, 0x00,
  0x00, 0x00, 0x00, 0x00, 0x00, 0x00, 0x00, 0x00, 0x00, 0x00, 0x00, 0x00,
  0x00, 0x00, 0x00, 0x00, 0x00, 0x00, 0x00, 0x00, 0x00, 0x00, 0x00, 0x00,
  0x00, 0x00, 0x00, 0x00, 0x00, 0x00, 0x00, 0x00, 0x00, 0x00, 0x00, 0x00,
  0x00, 0x00, 0x00, 0x00, 0x00, 0x00, 0x00, 0x00, 0x00, 0x00, 0x00, 0x00,
  0x00, 0x00, 0x00, 0x00, 0x00, 0x00, 0x00, 0x00, 0x00, 0x00, 0x00, 0x00,
  0x00, 0x00, 0x00, 0x00, 0x00, 0x00, 0x00, 0x00, 0x00, 0x00, 0x00, 0x00,
  0x00, 0x00, 0x00, 0x00, 0x00, 0x00, 0x00, 0x00, 0x00, 0x00, 0x00, 0x00,
  0x00, 0x00, 0x00, 0x00, 0x00, 0x00, 0x00, 0x00, 0x00, 0x00, 0x00, 0x00,
  0x00, 0x00, 0x00, 0x00, 0x00, 0x00, 0x00, 0x00, 0x00, 0x00, 0x00, 0x00,
  0x00, 0x00, 0x00, 0x00, 0x00, 0x00, 0x00, 0x00, 0x00, 0x00, 0x00, 0x00,
  0x00, 0x00, 0x00, 0x00, 0x00, 0x00, 0x00, 0x00, 0x00, 0x00, 0x00, 0x00,
  0x00, 0x00, 0x00, 0x00, 0x00, 0x00, 0x00, 0x00, 0x00, 0x00, 0x00, 0x00,
  0x00, 0x00, 0x00, 0x00, 0x00, 0x00, 0x00, 0x00, 0x00, 0x00, 0x00, 0x00,
  0x00, 0x00, 0x00, 0x00, 0x00, 0x00, 0x00, 0x00, 0x00, 0x00, 0x00, 0x00,
  0x00, 0x00, 0x00, 0x00, 0x00, 0x00, 0x00, 0x00, 0x00, 0x00, 0x00, 0x00,
  0x00, 0x00, 0x00, 0x00, 0x00, 0x00, 0x00, 0x00, 0x00, 0x00, 0x00, 0x00,
  0x00, 0x00, 0x55, 0x01, 0xaa, 0x02, 0xff, 0x03, 0x00, 0x00, 0x00, 0x00,
  0x00, 0x00, 0x00, 0x00, 0x00, 0x00, 0x00, 0x00, 0x00, 0x00, 0x00, 0x00,
  0x00, 0x00, 0x00, 0x00, 0x00, 0x00, 0x00, 0x00, 0x00, 0x00, 0x00, 0x00,
  0x00, 0x00, 0x00, 0x00, 0x00, 0x00, 0x00, 0x00, 0x00, 0x00, 0x00, 0x00,
  0x00, 0x00, 0x00, 0x00, 0x00, 0x00, 0x00, 0x00, 0x00, 0x00, 0x00, 0x00,
  0x00, 0x00, 0x00, 0x00, 0x00, 0x00, 0x00, 0x00, 0x00, 0x00, 0x00, 0x00,
  0x00, 0x00, 0x00, 0x00, 0x00, 0x00, 0x00, 0x00, 0x00, 0x00, 0x00, 0x00,
  0x00, 0x00, 0x00, 0x00, 0x00, 0x00, 0x00, 0x00, 0x00, 0x00, 0x00, 0x00,
  0x00, 0x00, 0x00, 0x00, 0x00, 0x00, 0x00, 0x00, 0x00, 0x00, 0x00, 0x00,
  0x00, 0x00, 0x00, 0x00, 0x00, 0x00, 0x00, 0x00, 0x00, 0x00, 0x00, 0x00,
  0x00, 0x00, 0x00, 0x00, 0x00, 0x00, 0x00, 0x00, 0x00, 0x00, 0x00, 0x00,
  0x00, 0x00, 0x00, 0x00, 0x00, 0x00, 0x00, 0x00, 0x00, 0x00, 0x00, 0x00,
  0x00, 0x00, 0x00, 0x00, 0x00, 0x00, 0x00, 0x00, 0x00, 0x00, 0x00, 0x00,
  0x00, 0x00, 0x00, 0x00, 0x00, 0x00, 0x00, 0x00, 0x00, 0x00, 0x00, 0x00,
  0x00, 0x00, 0x00, 0x00, 0x00, 0x00, 0x00, 0x00, 0x00, 0x00, 0x00, 0x00,
  0x00, 0x00, 0x00, 0x00, 0x00, 0x00, 0x00, 0x00, 0x00, 0x00, 0x00, 0x00,
  0x00, 0x00, 0x00, 0x00, 0x00, 0x00, 0x00, 0x00, 0x00, 0x00, 0x00, 0x00,
  0x00, 0x00, 0x00, 0x00, 0x00, 0x00, 0x00, 0x00, 0x00, 0x00, 0x00, 0x00,
  0x00, 0x00, 0x00, 0x00, 0x00, 0x00, 0x00, 0x00, 0x00, 0x00, 0x00, 0x00,
  0x00, 0x00, 0x00, 0x00, 0x00, 0x00, 0x00, 0x00, 0x00, 0x00, 0x00, 0x00,
  0x00, 0x00, 0x00, 0x00, 0x00, 0x00, 0x00, 0x00, 0x00, 0x00, 0x00, 0x00,
  0x00, 0x00, 0x00, 0x00, 0x00, 0x00, 0x00, 0x00, 0x00, 0x00, 0x00, 0x00,
  0x00, 0x00, 0x00, 0x00, 0x00, 0x00, 0x00, 0x00, 0x00, 0x00, 0x00, 0x00,
  0x00, 0x00, 0x00, 0x00, 0x00, 0x00, 0x00, 0x00, 0x00, 0x00, 0x00, 0x00,
  0x00, 0x00, 0x00, 0x00, 0x00, 0x00, 0x00, 0x00, 0x00, 0x00, 0x00, 0x00,
  0x00, 0x00, 0x00, 0x00, 0x00, 0x00, 0x00, 0x00, 0x00, 0x00, 0x00, 0x00,
  0x00, 0x00, 0x00, 0x00, 0x00, 0x00, 0x00, 0x00, 0x00, 0x00, 0x00, 0x00,
  0x00, 0x00, 0x00, 0x00, 0x00, 0x00, 0x00, 0x00, 0x00, 0x00, 0x00, 0x00,
  0x00, 0x00, 0x00, 0x00, 0x00, 0x00, 0x00, 0x00, 0x00, 0x00, 0x00, 0x00,
  0x00, 0x00, 0x00, 0x00, 0x00, 0x00, 0x00, 0x00, 0x00, 0x00, 0x00, 0x00,
  0x00, 0x00, 0x00, 0x00, 0x00, 0x00, 0x00, 0x00, 0x00, 0x00, 0x00, 0x00,
  0x00, 0x00, 0x00, 0x00, 0x00, 0x00, 0x00, 0x00, 0x00, 0x00, 0x00, 0x00,
  0x00, 0x00, 0x00, 0x00, 0x00, 0x00, 0x00, 0x00, 0x00, 0x00, 0x00, 0x00,
  0x00, 0x00, 0x00, 0x00, 0x00, 0x00, 0x00, 0x00, 0x00, 0x00, 0x00, 0x00,
  0x00, 0x00, 0x00, 0x00, 0x00, 0x00, 0x00, 0x00, 0x00, 0x00, 0x00, 0x00,
  0x00, 0x00, 0x00, 0x00, 0x00, 0x00, 0x00, 0x00, 0x00, 0x00, 0x00, 0x00,
  0x00, 0x00, 0x00, 0x00, 0x00, 0x00, 0x00, 0x00, 0x00, 0x00, 0x00, 0x00,
  0x00, 0x00, 0x00, 0x00, 0x00, 0x00, 0x00, 0x00, 0x00, 0x00, 0x00, 0x00,
  0x00, 0x00, 0x00, 0x00, 0x00, 0x00, 0x00, 0x00, 0x00, 0x00, 0x00, 0x00,
  0x00, 0x00, 0x00, 0x00, 0x00, 0x00, 0x00, 0x00, 0x00, 0x00, 0x00, 0x00,
  0x00, 0x00, 0x00, 0x00, 0x00, 0x00, 0x00, 0x00, 0x00, 0x00, 0x00, 0x00,
  0x00, 0x00, 0x00, 0x00, 0x00, 0x00, 0x00, 0x00, 0x00, 0x00, 0x00, 0x00,
  0x00, 0x00, 0x00, 0x00, 0x00, 0x00, 0x00, 0x00, 0x00, 0x00, 0x00, 0x00,
  0x00, 0x00, 0x00, 0x00, 0x00, 0x00, 0x00, 0x00, 0x00, 0x00, 0x00, 0x00,
  0x00, 0x00, 0x00, 0x00, 0x00, 0x00, 0x00, 0x00, 0x00, 0x00, 0x00, 0x00,
  0x00, 0x00, 0x00, 0x00, 0x00, 0x00, 0x00, 0x00, 0x00, 0x00, 0x00, 0x00,
  0x00, 0x00, 0x00, 0x00, 0x00, 0x00, 0x00, 0x00, 0x00, 0x00, 0x00, 0x00,
  0x00, 0x00, 0x00, 0x00, 0x00, 0x00, 0x00, 0x00, 0x00, 0x00, 0x00, 0x00,
  0x00, 0x00, 0x00, 0x00, 0x00, 0x00, 0x00, 0x00, 0x00, 0x00, 0x00, 0x00,
  0x00, 0x00, 0x00, 0x00, 0x00, 0x00, 0x00, 0x00, 0x00, 0x00, 0x00, 0x00,
  0x00, 0x00, 0x00, 0x00, 0x00, 0x00, 0x00, 0x00, 0x00, 0x00, 0x00, 0x00,
  0x00, 0x00, 0x00, 0x00, 0x00, 0x00, 0x00, 0x00, 0x00, 0x00, 0x00, 0x00,
  0x00, 0x00, 0x00, 0x00, 0x00, 0x00, 0x00, 0x00, 0x00, 0x00, 0x00, 0x00,
  0x00, 0x00, 0x00, 0x00, 0x00, 0x00, 0x00, 0x00, 0x00, 0x00, 0x00, 0x00,
  0x00, 0x00, 0x00, 0x00, 0x00, 0x00, 0x00, 0x00, 0x00, 0x00, 0x00, 0x00,
  0x00, 0x00, 0x00, 0x00, 0x00, 0x00, 0x00, 0x00, 0x00, 0x00, 0x00, 0x00,
  0x00, 0x00, 0x00, 0x00, 0x00, 0x00, 0x00, 0x00, 0x00, 0x00, 0x00, 0x00,
  0x00, 0x00, 0x00, 0x00, 0x00, 0x00, 0x00, 0x00, 0x00, 0x00, 0x00, 0x00,
  0x00, 0x00, 0x00, 0x00, 0x00, 0x00, 0x00, 0x00, 0x00, 0x00, 0x00, 0x00,
  0x00, 0x00, 0x00, 0x00, 0x00, 0x00, 0x00, 0x00, 0x00, 0x00, 0x00, 0x00,
  0x00, 0x00, 0x00, 0x00, 0x00, 0x00, 0x00, 0x00, 0x00, 0x00, 0x00, 0x00,
  0x00, 0x00, 0x00, 0x00, 0x00, 0x00, 0x00, 0x00, 0x00, 0x00, 0x00, 0x00,
  0x00, 0x00, 0x00, 0x00, 0x00, 0x00, 0x00, 0x00, 0x00, 0x00, 0x00, 0x00,
  0x00, 0x00, 0x00, 0x00, 0x00, 0x00, 0x00, 0x00, 0x00, 0x00, 0x00, 0x00,
  0x00, 0x00, 0x00, 0x00, 0x00, 0x00, 0x00, 0x00, 0x00, 0x00, 0x00, 0x00,
  0x00, 0x00, 0x00, 0x00, 0x00, 0x00, 0x00, 0x00, 0x00, 0x00, 0x00, 0x00,
  0x00, 0x00, 0x00, 0x00, 0x00, 0x00, 0x00, 0x00, 0x00, 0x00, 0x00, 0x00,
  0x00, 0x00, 0x00, 0x00, 0x00, 0x00, 0x00, 0x00, 0x00, 0x00, 0x00, 0x00,
  0x00, 0x00, 0x00, 0x00, 0x00, 0x00, 0x00, 0x00, 0x00, 0x00, 0x00, 0x00,
  0x00, 0x00, 0x00, 0x00, 0x00, 0x00, 0x00, 0x00, 0x00, 0x00, 0x00, 0x00,
  0x00, 0x00, 0x00, 0x00, 0x00, 0x00, 0x00, 0x00, 0x00, 0x00, 0x00, 0x00,
  0x00, 0x00, 0x00, 0x00, 0x00, 0x00, 0x00, 0x00, 0x00, 0x00, 0x00, 0x00,
  0x00, 0x00, 0x00, 0x00, 0x00, 0x00, 0x00, 0x00, 0x00, 0x00, 0x00, 0x00,
  0x00, 0x00, 0x00, 0x00, 0x00, 0x00, 0x00, 0x00, 0x00, 0x00, 0x00, 0x00,
  0x00, 0x00, 0x00, 0x00, 0x00, 0x00, 0x00, 0x00, 0x00, 0x00, 0x00, 0x00,
  0x00, 0x00, 0x00, 0x00, 0x00, 0x00, 0x00, 0x00, 0x00, 0x00, 0x00, 0x00,
  0x00, 0x00, 0x00, 0x00, 0x00, 0x00, 0x00, 0x00, 0x00, 0x00, 0x00, 0x00,
  0x00, 0x00, 0x00, 0x00, 0x00, 0x00, 0x00, 0x00, 0x00, 0x00, 0x00, 0x00,
  0x00, 0x00, 0x00, 0x00, 0x00, 0x00, 0x00, 0x00, 0x00, 0x00, 0x00, 0x00,
  0x00, 0x00, 0x00, 0x00, 0x00, 0x00, 0x00, 0x00, 0x00, 0x00, 0x00, 0x00,
  0x00, 0x00, 0x00, 0x00, 0x00, 0x00, 0x00, 0x00, 0x00, 0x00, 0x00, 0x00,
  0x00, 0x00, 0x00, 0x00, 0x00, 0x00, 0x00, 0x00, 0x00, 0x00, 0x00, 0x00,
  0x00, 0x00, 0x00, 0x00, 0x00, 0x00, 0x00, 0x00, 0x00, 0x00, 0x00, 0x00,
  0x00, 0x00, 0x00, 0x00, 0x00, 0x00, 0x00, 0x00, 0x00, 0x00, 0x00, 0x00,
  0x00, 0x00, 0x00, 0x00, 0x00, 0x00, 0x00, 0x00, 0x00, 0x00, 0x00, 0x00,
  0x00, 0x00, 0x00, 0x00, 0x00, 0x00, 0x33, 0x02, 0x66, 0x04, 0x99, 0x05,
  0xcc, 0x03, 0xff, 0x01, 0x00, 0x00, 0x00, 0x00, 0x00, 0x00, 0x00, 0x00,
  0x00, 0x00, 0x00, 0x00, 0x00, 0x00, 0x00, 0x00, 0x00, 0x00, 0x00, 0x00,
  0x00, 0x00, 0x00, 0x00, 0x00, 0x00, 0x00, 0x00, 0x00, 0x00, 0x00, 0x00,
  0x00, 0x00, 0x00, 0x00, 0x00, 0x00, 0x00, 0x00, 0x00, 0x00, 0x00, 0x00,
  0x00, 0x00, 0x00, 0x00, 0x00, 0x00, 0x00, 0x00, 0x00, 0x00, 0x00, 0x00,
  0x00, 0x00, 0x00, 0x00, 0x00, 0x00, 0x00, 0x00, 0x00, 0x00, 0x00, 0x00,
  0x00, 0x00, 0x00, 0x00, 0x00, 0x00, 0x00, 0x00, 0x00, 0x00, 0x00, 0x00,
  0x00, 0x00, 0x00, 0x00, 0x00, 0x00, 0x00, 0x00, 0x00, 0x00, 0x00, 0x00,
  0x00, 0x00, 0x00, 0x00, 0x00, 0x00, 0x00, 0x00, 0x00, 0x00, 0x00, 0x00,
  0x00, 0x00, 0x00, 0x00, 0x00, 0x00, 0x00, 0x00, 0x00, 0x00, 0x00, 0x00,
  0x00, 0x00, 0x00, 0x00, 0x00, 0x00, 0x00, 0x00, 0x00, 0x00, 0x00, 0x00,
  0x00, 0x00, 0x00, 0x00, 0x00, 0x00, 0x00, 0x00, 0x00, 0x00, 0x00, 0x00,
  0x00, 0x00, 0x00, 0x00, 0x00, 0x00, 0x00, 0x00, 0x00, 0x00, 0x00, 0x00,
  0x00, 0x00, 0x00, 0x00, 0x00, 0x00, 0x00, 0x00, 0x00, 0x00, 0x00, 0x00,
  0x00, 0x00, 0x00, 0x00, 0x00, 0x00, 0x00, 0x00, 0x00, 0x00, 0x00, 0x00,
  0x00, 0x00, 0x00, 0x00, 0x00, 0x00, 0x00, 0x00, 0x00, 0x00, 0x00, 0x00,
  0x00, 0x00, 0x00, 0x00, 0x00, 0x00, 0x00, 0x00, 0x00, 0x00, 0x00, 0x00,
  0x00, 0x00, 0x00, 0x00, 0x00, 0x00, 0x00, 0x00, 0x00, 0x00, 0x00, 0x00,
  0x00, 0x00, 0x00, 0x00, 0x00, 0x00, 0x00, 0x00, 0x00, 0x00, 0x00, 0x00,
  0x00, 0x00, 0x00, 0x00, 0x00, 0x00, 0x00, 0x00, 0x00, 0x00, 0x00, 0x00,
  0x00, 0x00, 0x00, 0x00, 0x00, 0x00, 0x00, 0x00, 0x00, 0x00, 0x00, 0x00,
  0x00, 0x00, 0x00, 0x00, 0x00, 0x00, 0x00, 0x00, 0x00, 0x00, 0x00, 0x00,
  0x00, 0x00, 0x00, 0x00, 0x00, 0x00, 0x00, 0x00, 0x00, 0x00, 0x00, 0x00,
  0x00, 0x00, 0x00, 0x00, 0x00, 0x00, 0x00, 0x00, 0x00, 0x00, 0x00, 0x00,
  0x00, 0x00, 0x00, 0x00, 0x00, 0x00, 0x00, 0x00, 0x00, 0x00, 0x00, 0x00,
  0x00, 0x00, 0x00, 0x00, 0x00, 0x00, 0x00, 0x00, 0x00, 0x00, 0x00, 0x00,
  0x00, 0x00, 0x00, 0x00, 0x00, 0x00, 0x00, 0x00, 0x00, 0x00, 0x00, 0x00,
  0x00, 0x00, 0x00, 0x00, 0x00, 0x00, 0x00, 0x00, 0x00, 0x00, 0x00, 0x00,
  0x00, 0x00, 0x00, 0x00, 0x00, 0x00, 0x00, 0x00, 0x00, 0x00, 0x00, 0x00,
  0x00, 0x00, 0x00, 0x00, 0x00, 0x00, 0x00, 0x00, 0x00, 0x00, 0x00, 0x00,
  0x00, 0x00, 0x00, 0x00, 0x00, 0x00, 0x00, 0x00, 0x00, 0x00, 0x00, 0x00,
  0x00, 0x00, 0x00, 0x00, 0x00, 0x00, 0x00, 0x00, 0x00, 0x00, 0x00, 0x00,
  0x00, 0x00, 0x00, 0x00, 0x00, 0x00, 0x00, 0x00, 0x00, 0x00, 0x00, 0x00,
  0x00, 0x00, 0x00, 0x00, 0x00, 0x00, 0x00, 0x00, 0x00, 0x00, 0x00, 0x00,
  0x00, 0x00, 0x00, 0x00, 0x00, 0x00, 0x00, 0x00, 0x00, 0x00, 0x00, 0x00,
  0x00, 0x00, 0x00, 0x00, 0x00, 0x00, 0x00, 0x00, 0x00, 0x00, 0x00, 0x00,
  0x00, 0x00, 0x00, 0x00, 0x00, 0x00, 0x00, 0x00, 0x00, 0x00, 0x00, 0x00,
  0x00, 0x00, 0x00, 0x00, 0x00, 0x00, 0x00, 0x00, 0x00, 0x00, 0x00, 0x00,
  0x00, 0x00, 0x00, 0x00, 0x00, 0x00, 0x00, 0x00, 0x00, 0x00, 0x00, 0x00,
  0x00, 0x00, 0x00, 0x00, 0x00, 0x00, 0x00, 0x00, 0x00, 0x00, 0x00, 0x00,
  0x00, 0x00, 0x00, 0x00, 0x00, 0x00, 0x00, 0x00, 0x00, 0x00, 0x00, 0x00,
  0x00, 0x00, 0x00, 0x00, 0x00, 0x00, 0x00, 0x00, 0x00, 0x00, 0x00, 0x00,
  0x00, 0x00, 0x24, 0x01, 0x49, 0x02, 0x6d, 0x03, 0x92, 0x04, 0xb6, 0x05,
  0xdb, 0x06, 0xff, 0x07, 0x00, 0x00, 0x00, 0x00, 0x00, 0x00, 0x00, 0x00,
  0x00, 0x00, 0x00, 0x00, 0x00, 0x00, 0x00, 0x00, 0x00, 0x00, 0x00, 0x00,
  0x00, 0x00, 0x00, 0x00, 0x00, 0x00, 0x00, 0x00, 0x00, 0x00, 0x00, 0x00,
  0x00, 0x00, 0x00, 0x00, 0x00, 0x00, 0x00, 0x00, 0x00, 0x00, 0x00, 0x00,
  0x00, 0x00, 0x00, 0x00, 0x00, 0x00, 0x00, 0x00, 0x00, 0x00, 0x00, 0x00,
  0x00, 0x00, 0x00, 0x00, 0x00, 0x00, 0x00, 0x00, 0x00, 0x00, 0x00, 0x00,
  0x00, 0x00, 0x00, 0x00, 0x00, 0x00, 0x00, 0x00, 0x00, 0x00, 0x00, 0x00,
  0x00, 0x00, 0x00, 0x00, 0x00, 0x00, 0x00, 0x00, 0x00, 0x00, 0x00, 0x00,
  0x00, 0x00, 0x00, 0x00, 0x00, 0x00, 0x00, 0x00, 0x00, 0x00, 0x00, 0x00,
  0x00, 0x00, 0x00, 0x00, 0x00, 0x00, 0x00, 0x00, 0x00, 0x00, 0x00, 0x00,
  0x00, 0x00, 0x00, 0x00, 0x00, 0x00, 0x00, 0x00, 0x00, 0x00, 0x00, 0x00,
  0x00, 0x00, 0x00, 0x00, 0x00, 0x00, 0x00, 0x00, 0x00, 0x00, 0x00, 0x00,
  0x00, 0x00, 0x00, 0x00, 0x00, 0x00, 0x00, 0x00, 0x00, 0x00, 0x00, 0x00,
  0x00, 0x00, 0x00, 0x00, 0x00, 0x00, 0x00, 0x00, 0x00, 0x00, 0x00, 0x00,
  0x00, 0x00, 0x00, 0x00, 0x00, 0x00, 0x00, 0x00, 0x00, 0x00, 0x00, 0x00,
  0x00, 0x00, 0x00, 0x00, 0x00, 0x00, 0x00, 0x00, 0x00, 0x00, 0x00, 0x00,
  0x00, 0x00, 0x00, 0x00, 0x00, 0x00, 0x00, 0x00, 0x00, 0x00, 0x00, 0x00,
  0x00, 0x00, 0x00, 0x00, 0x00, 0x00, 0x00, 0x00, 0x00, 0x00, 0x00, 0x00,
  0x00, 0x00, 0x00, 0x00, 0x00, 0x00, 0x00, 0x00, 0x00, 0x00, 0x00, 0x00,
  0x00, 0x00, 0x00, 0x00, 0x00, 0x00, 0x00, 0x00, 0x00, 0x00, 0x00, 0x00,
  0x00, 0x00, 0x00, 0x00, 0x00, 0x00, 0x00, 0x00, 0x00, 0x00, 0x00, 0x00,
  0x00, 0x00, 0x00, 0x00, 0x00, 0x00, 0x00, 0x00, 0x00, 0x00, 0x00, 0x00,
  0x00, 0x00, 0x00, 0x00, 0x00, 0x00, 0x00, 0x00, 0x00, 0x00, 0x00, 0x00,
  0x00, 0x00, 0x00, 0x00, 0x00, 0x00, 0x00, 0x00, 0x00, 0x00, 0x00, 0x00,
  0x00, 0x00, 0x00, 0x00, 0x00, 0x00, 0x00, 0x00, 0x00, 0x00, 0x00, 0x00,
  0x00, 0x00, 0x00, 0x00, 0x00, 0x00, 0x00, 0x00, 0x00, 0x00, 0x00, 0x00,
  0x00, 0x00, 0x00, 0x00, 0x00, 0x00, 0x00, 0x00, 0x00, 0x00, 0x00, 0x00,
  0x00, 0x00, 0x00, 0x00, 0x00, 0x00, 0x00, 0x00, 0x00, 0x00, 0x00, 0x00,
  0x00, 0x00, 0x00, 0x00, 0x00, 0x00, 0x00, 0x00, 0x00, 0x00, 0x00, 0x00,
  0x00, 0x00, 0x00, 0x00, 0x00, 0x00, 0x00, 0x00, 0x00, 0x00, 0x00, 0x00,
  0x00, 0x00, 0x00, 0x00, 0x00, 0x00, 0x00, 0x00, 0x00, 0x00, 0x00, 0x00,
  0x00, 0x00, 0x00, 0x00, 0x00, 0x00, 0x00, 0x00, 0x00, 0x00, 0x00, 0x00,
  0x00, 0x00, 0x00, 0x00, 0x00, 0x00, 0x00, 0x00, 0x00, 0x00, 0x00, 0x00,
  0x00, 0x00, 0x00, 0x00, 0x00, 0x00, 0x00, 0x00, 0x00, 0x00, 0x00, 0x00,
  0x00, 0x00, 0x00, 0x00, 0x00, 0x00, 0x00, 0x00, 0x00, 0x00, 0x00, 0x00,
  0x00, 0x00, 0x00, 0x00, 0x00, 0x00, 0x00, 0x00, 0x00, 0x00, 0x00, 0x00,
  0x00, 0x00, 0x00, 0x00, 0x00, 0x00, 0x00, 0x00, 0x00, 0x00, 0x00, 0x00,
  0x00, 0x00, 0x00, 0x00, 0x00, 0x00, 0x00, 0x00, 0x00, 0x00, 0x00, 0x00,
  0x00, 0x00, 0x00, 0x00, 0x00, 0x00, 0x00, 0x00, 0x00, 0x00, 0x00, 0x00,
  0x00, 0x00, 0x00, 0x00, 0x00, 0x00, 0x00, 0x00, 0x00, 0x00, 0x00, 0x00,
  0x00, 0x00, 0x00, 0x00, 0x00, 0x00, 0x00, 0x00, 0x00, 0x00, 0x00, 0x00,
  0x00, 0x00, 0x00, 0x00, 0x00, 0x00, 0x00, 0x00, 0x00, 0x00, 0x1c, 0x02,
  0x38, 0x04, 0x54, 0x06, 0x71, 0x08, 0x8e, 0x09, 0xab, 0x07, 0xc7, 0x05,
  0xe3, 0x03, 0xff, 0x01, 0x00, 0x00, 0x00, 0x00, 0x00, 0x00, 0x00, 0x00,
  0x00, 0x00, 0x00, 0x00, 0x00, 0x00, 0x00, 0x00, 0x00, 0x00, 0x00, 0x00,
  0x00, 0x00, 0x00, 0x00, 0x00, 0x00, 0x00, 0x00, 0x00, 0x00, 0x00, 0x00,
  0x00, 0x00, 0x00, 0x00, 0x00, 0x00, 0x00, 0x00, 0x00, 0x00, 0x00, 0x00,
  0x00, 0x00, 0x00, 0x00, 0x00, 0x00, 0x00, 0x00, 0x00, 0x00, 0x00, 0x00,
  0x00, 0x00, 0x00, 0x00, 0x00, 0x00, 0x00, 0x00, 0x00, 0x00, 0x00, 0x00,
  0x00, 0x00, 0x00, 0x00, 0x00, 0x00, 0x00, 0x00, 0x00, 0x00, 0x00, 0x00,
  0x00, 0x00, 0x00, 0x00, 0x00, 0x00, 0x00, 0x00, 0x00, 0x00, 0x00, 0x00,
  0x00, 0x00, 0x00, 0x00, 0x00, 0x00, 0x00, 0x00, 0x00, 0x00, 0x00, 0x00,
  0x00, 0x00, 0x00, 0x00, 0x00, 0x00, 0x00, 0x00, 0x00, 0x00, 0x00, 0x00,
  0x00, 0x00, 0x00, 0x00, 0x00, 0x00, 0x00, 0x00, 0x00, 0x00, 0x00, 0x00,
  0x00, 0x00, 0x00, 0x00, 0x00, 0x00, 0x00, 0x00, 0x00, 0x00, 0x00, 0x00,
  0x00, 0x00, 0x00, 0x00, 0x00, 0x00, 0x00, 0x00, 0x00, 0x00, 0x00, 0x00,
  0x00, 0x00, 0x00, 0x00, 0x00, 0x00, 0x00, 0x00, 0x00, 0x00, 0x00, 0x00,
  0x00, 0x00, 0x00, 0x00, 0x00, 0x00, 0x00, 0x00, 0x00, 0x00, 0x00, 0x00,
  0x00, 0x00, 0x00, 0x00, 0x00, 0x00, 0x00, 0x00, 0x00, 0x00, 0x00, 0x00,
  0x00, 0x00, 0x00, 0x00, 0x00, 0x00, 0x00, 0x00, 0x00, 0x00, 0x00, 0x00,
  0x00, 0x00, 0x00, 0x00, 0x00, 0x00, 0x00, 0x00, 0x00, 0x00, 0x00, 0x00,
  0x00, 0x00, 0x00, 0x00, 0x00, 0x00, 0x00, 0x00, 0x00, 0x00, 0x00, 0x00,
  0x00, 0x00, 0x00, 0x00, 0x00, 0x00, 0x00, 0x00, 0x00, 0x00, 0x00, 0x00,
  0x00, 0x00, 0x00, 0x00, 0x00, 0x00, 0x00, 0x00, 0x00, 0x00, 0x00, 0x00,
  0x00, 0x00, 0x00, 0x00, 0x00, 0x00, 0x00, 0x00, 0x00, 0x00, 0x00, 0x00,
  0x00, 0x00, 0x00, 0x00, 0x00, 0x00, 0x00, 0x00, 0x00, 0x00, 0x00, 0x00,
  0x00, 0x00, 0x00, 0x00, 0x00, 0x00, 0x00, 0x00, 0x00, 0x00, 0x00, 0x00,
  0x00, 0x00, 0x00, 0x00, 0x00, 0x00, 0x00, 0x00, 0x00, 0x00, 0x00, 0x00,
  0x00, 0x00, 0x00, 0x00, 0x00, 0x00, 0x00, 0x00, 0x00, 0x00, 0x00, 0x00,
  0x00, 0x00, 0x00, 0x00, 0x00, 0x00, 0x00, 0x00, 0x00, 0x00, 0x00, 0x00,
  0x00, 0x00, 0x00, 0x00, 0x00, 0x00, 0x00, 0x00, 0x00, 0x00, 0x00, 0x00,
  0x00, 0x00, 0x00, 0x00, 0x00, 0x00, 0x00, 0x00, 0x00, 0x00, 0x00, 0x00,
  0x00, 0x00, 0x00, 0x00, 0x00, 0x00, 0x00, 0x00, 0x00, 0x00, 0x00, 0x00,
  0x00, 0x00, 0x00, 0x00, 0x00, 0x00, 0x00, 0x00, 0x00, 0x00, 0x00, 0x00,
  0x00, 0x00, 0x00, 0x00, 0x00, 0x00, 0x00, 0x00, 0x00, 0x00, 0x00, 0x00,
  0x00, 0x00, 0x00, 0x00, 0x00, 0x00, 0x00, 0x00, 0x00, 0x00, 0x00, 0x00,
  0x00, 0x00, 0x00, 0x00, 0x00, 0x00, 0x00, 0x00, 0x00, 0x00, 0x00, 0x00,
  0x00, 0x00, 0x00, 0x00, 0x00, 0x00, 0x00, 0x00, 0x00, 0x00, 0x00, 0x00,
  0x00, 0x00, 0x00, 0x00, 0x00, 0x00, 0x00, 0x00, 0x00, 0x00, 0x00, 0x00,
  0x00, 0x00, 0x00, 0x00, 0x00, 0x00, 0x00, 0x00, 0x00, 0x00, 0x00, 0x00,
  0x00, 0x00, 0x00, 0x00, 0x00, 0x00, 0x00, 0x00, 0x00, 0x00, 0x00, 0x00,
  0x00, 0x00, 0x00, 0x00, 0x00, 0x00, 0x00, 0x00, 0x00, 0x00, 0x00, 0x00,
  0x00, 0x00, 0x00, 0x00, 0x00, 0x00, 0x00, 0x00, 0x00, 0x00, 0x00, 0x00,
  0x00, 0x00, 0x00, 0x00, 0x00, 0x00, 0x00, 0x00, 0x00, 0x00, 0x00, 0x00,
  0x00, 0x00, 0x00, 0x00, 0x00, 0x00, 0x17, 0x04, 0x2e, 0x08, 0x45, 0x02,
  0x5c, 0x06, 0x74, 0x0a, 0x8b, 0x0b, 0xa3, 0x07, 0xba, 0x03, 0xd1, 0x09,
  0xe8, 0x05, 0xff, 0x01, 0x00, 0x00, 0x00, 0x00, 0x00, 0x00, 0x00, 0x00,
  0x00, 0x00, 0x00, 0x00, 0x00, 0x00, 0x00, 0x00, 0x00, 0x00, 0x00, 0x00,
  0x00, 0x00, 0x00, 0x00, 0x00, 0x00, 0x00, 0x00, 0x00, 0x00, 0x00, 0x00,
  0x00, 0x00, 0x00, 0x00, 0x00, 0x00, 0x00, 0x00, 0x00, 0x00, 0x00, 0x00,
  0x00, 0x00, 0x00, 0x00, 0x00, 0x00, 0x00, 0x00, 0x00, 0x00, 0x00, 0x00,
  0x00, 0x00, 0x00, 0x00, 0x00, 0x00, 0x00, 0x00, 0x00, 0x00, 0x00, 0x00,
  0x00, 0x00, 0x00, 0x00, 0x00, 0x00, 0x00, 0x00, 0x00, 0x00, 0x00, 0x00,
  0x00, 0x00, 0x00, 0x00, 0x00, 0x00, 0x00, 0x00, 0x00, 0x00, 0x00, 0x00,
  0x00, 0x00, 0x00, 0x00, 0x00, 0x00, 0x00, 0x00, 0x00, 0x00, 0x00, 0x00,
  0x00, 0x00, 0x00, 0x00, 0x00, 0x00, 0x00, 0x00, 0x00, 0x00, 0x00, 0x00,
  0x00, 0x00, 0x00, 0x00, 0x00, 0x00, 0x00, 0x00, 0x00, 0x00, 0x00, 0x00,
  0x00, 0x00, 0x00, 0x00, 0x00, 0x00, 0x00, 0x00, 0x00, 0x00, 0x00, 0x00,
  0x00, 0x00, 0x00, 0x00, 0x00, 0x00, 0x00, 0x00, 0x00, 0x00, 0x00, 0x00,
  0x00, 0x00, 0x00, 0x00, 0x00, 0x00, 0x00, 0x00, 0x00, 0x00, 0x00, 0x00,
  0x00, 0x00, 0x00, 0x00, 0x00, 0x00, 0x00, 0x00, 0x00, 0x00, 0x00, 0x00,
  0x00, 0x00, 0x00, 0x00, 0x00, 0x00, 0x00, 0x00, 0x00, 0x00, 0x00, 0x00,
  0x00, 0x00, 0x00, 0x00, 0x00, 0x00, 0x00, 0x00, 0x00, 0x00, 0x00, 0x00,
  0x00, 0x00, 0x00, 0x00, 0x00, 0x00, 0x00, 0x00, 0x00, 0x00, 0x00, 0x00,
  0x00, 0x00, 0x00, 0x00, 0x00, 0x00, 0x00, 0x00, 0x00, 0x00, 0x00, 0x00,
  0x00, 0x00, 0x00, 0x00, 0x00, 0x00, 0x00, 0x00, 0x00, 0x00, 0x00, 0x00,
  0x00, 0x00, 0x00, 0x00, 0x00, 0x00, 0x00, 0x00, 0x00, 0x00, 0x00, 0x00,
  0x00, 0x00, 0x00, 0x00, 0x00, 0x00, 0x00, 0x00, 0x00, 0x00, 0x00, 0x00,
  0x00, 0x00, 0x00, 0x00, 0x00, 0x00, 0x00, 0x00, 0x00, 0x00, 0x00, 0x00,
  0x00, 0x00, 0x00, 0x00, 0x00, 0x00, 0x00, 0x00, 0x00, 0x00, 0x00, 0x00,
  0x00, 0x00, 0x00, 0x00, 0x00, 0x00, 0x00, 0x00, 0x00, 0x00, 0x00, 0x00,
  0x00, 0x00, 0x00, 0x00, 0x00, 0x00, 0x00, 0x00, 0x00, 0x00, 0x00, 0x00,
  0x00, 0x00, 0x00, 0x00, 0x00, 0x00, 0x00, 0x00, 0x00, 0x00, 0x00, 0x00,
  0x00, 0x00, 0x00, 0x00, 0x00, 0x00, 0x00, 0x00, 0x00, 0x00, 0x00, 0x00,
  0x00, 0x00, 0x00, 0x00, 0x00, 0x00, 0x00, 0x00, 0x00, 0x00, 0x00, 0x00,
  0x00, 0x00, 0x00, 0x00, 0x00, 0x00, 0x00, 0x00, 0x00, 0x00, 0x00, 0x00,
  0x00, 0x00, 0x00, 0x00, 0x00, 0x00, 0x00, 0x00, 0x00, 0x00, 0x00, 0x00,
  0x00, 0x00, 0x00, 0x00, 0x00, 0x00, 0x00, 0x00, 0x00, 0x00, 0x00, 0x00,
  0x00, 0x00, 0x00, 0x00, 0x00, 0x00, 0x00, 0x00, 0x00, 0x00, 0x00, 0x00,
  0x00, 0x00, 0x00, 0x00, 0x00, 0x00, 0x00, 0x00, 0x00, 0x00, 0x00, 0x00,
  0x00, 0x00, 0x00, 0x00, 0x00, 0x00, 0x00, 0x00, 0x00, 0x00, 0x00, 0x00,
  0x00, 0x00, 0x00, 0x00, 0x00, 0x00, 0x00, 0x00, 0x00, 0x00, 0x00, 0x00,
  0x00, 0x00, 0x00, 0x00, 0x00, 0x00, 0x00, 0x00, 0x00, 0x00, 0x00, 0x00,
  0x00, 0x00, 0x00, 0x00, 0x00, 0x00, 0x00, 0x00, 0x00, 0x00, 0x00, 0x00,
  0x00, 0x00, 0x00, 0x00, 0x00, 0x00, 0x00, 0x00, 0x00, 0x00, 0x00, 0x00,
  0x00, 0x00, 0x00, 0x00, 0x00, 0x00, 0x00, 0x00, 0x00, 0x00, 0x00, 0x00,
  0x00, 0x00, 0x00, 0x00, 0x00, 0x00, 0x00, 0x00, 0x00, 0x00, 0x00, 0x00,
  0x00, 0x00, 0x11, 0x01, 0x22, 0x02, 0x33, 0x03, 0x44, 0x04, 0x55, 0x05,
  0x66, 0x06, 0x77, 0x07, 0x88, 0x08, 0x99, 0x09, 0xaa, 0x0a, 0xbb, 0x0b,
  0xcc, 0x0c, 0xdd, 0x0d, 0xee, 0x0e, 0xff, 0x0f, 0x00, 0x00, 0x00, 0x00,
  0x00, 0x00, 0x00, 0x00, 0x00, 0x00, 0x00, 0x00, 0x00, 0x00, 0x00, 0x00,
  0x00, 0x00, 0x00, 0x00, 0x00, 0x00, 0x00, 0x00, 0x00, 0x00, 0x00, 0x00,
  0x00, 0x00, 0x00, 0x00, 0x00, 0x00, 0x00, 0x00, 0x00, 0x00, 0x00, 0x00,
  0x00, 0x00, 0x00, 0x00, 0x00, 0x00, 0x00, 0x00, 0x00, 0x00, 0x00, 0x00,
  0x00, 0x00, 0x00, 0x00, 0x00, 0x00, 0x00, 0x00, 0x00, 0x00, 0x00, 0x00,
  0x00, 0x00, 0x00, 0x00, 0x00, 0x00, 0x00, 0x00, 0x00, 0x00, 0x00, 0x00,
  0x00, 0x00, 0x00, 0x00, 0x00, 0x00, 0x00, 0x00, 0x00, 0x00, 0x00, 0x00,
  0x00, 0x00, 0x00, 0x00, 0x00, 0x00, 0x00, 0x00, 0x00, 0x00, 0x00, 0x00,
  0x00, 0x00, 0x00, 0x00, 0x00, 0x00, 0x00, 0x00, 0x00, 0x00, 0x00, 0x00,
  0x00, 0x00, 0x00, 0x00, 0x00, 0x00, 0x00, 0x00, 0x00, 0x00, 0x00, 0x00,
  0x00, 0x00, 0x00, 0x00, 0x00, 0x00, 0x00, 0x00, 0x00, 0x00, 0x00, 0x00,
  0x00, 0x00, 0x00, 0x00, 0x00, 0x00, 0x00, 0x00, 0x00, 0x00, 0x00, 0x00,
  0x00, 0x00, 0x00, 0x00, 0x00, 0x00, 0x00, 0x00, 0x00, 0x00, 0x00, 0x00,
  0x00, 0x00, 0x00, 0x00, 0x00, 0x00, 0x00, 0x00, 0x00, 0x00, 0x00, 0x00,
  0x00, 0x00, 0x00, 0x00, 0x00, 0x00, 0x00, 0x00, 0x00, 0x00, 0x00, 0x00,
  0x00, 0x00, 0x00, 0x00, 0x00, 0x00, 0x00, 0x00, 0x00, 0x00, 0x00, 0x00,
  0x00, 0x00, 0x00, 0x00, 0x00, 0x00, 0x00, 0x00, 0x00, 0x00, 0x00, 0x00,
  0x00, 0x00, 0x00, 0x00, 0x00, 0x00, 0x00, 0x00, 0x00, 0x00, 0x00, 0x00,
  0x00, 0x00, 0x00, 0x00, 0x00, 0x00, 0x00, 0x00, 0x00, 0x00, 0x00, 0x00,
  0x00, 0x00, 0x00, 0x00, 0x00, 0x00, 0x00, 0x00, 0x00, 0x00, 0x00, 0x00,
  0x00, 0x00, 0x00, 0x00, 0x00, 0x00, 0x00, 0x00, 0x00, 0x00, 0x00, 0x00,
  0x00, 0x00, 0x00, 0x00, 0x00, 0x00, 0x00, 0x00, 0x00, 0x00, 0x00, 0x00,
  0x00, 0x00, 0x00, 0x00, 0x00, 0x00, 0x00, 0x00, 0x00, 0x00, 0x00, 0x00,
  0x00, 0x00, 0x00, 0x00, 0x00, 0x00, 0x00, 0x00, 0x00, 0x00, 0x00, 0x00,
  0x00, 0x00, 0x00, 0x00, 0x00, 0x00, 0x00, 0x00, 0x00, 0x00, 0x00, 0x00,
  0x00, 0x00, 0x00, 0x00, 0x00, 0x00, 0x00, 0x00, 0x00, 0x00, 0x00, 0x00,
  0x00, 0x00, 0x00, 0x00, 0x00, 0x00, 0x00, 0x00, 0x00, 0x00, 0x00, 0x00,
  0x00, 0x00, 0x00, 0x00, 0x00, 0x00, 0x00, 0x00, 0x00, 0x00, 0x00, 0x00,
  0x00, 0x00, 0x00, 0x00, 0x00, 0x00, 0x00, 0x00, 0x00, 0x00, 0x00, 0x00,
  0x00, 0x00, 0x00, 0x00, 0x00, 0x00, 0x00, 0x00, 0x00, 0x00, 0x00, 0x00,
  0x00, 0x00, 0x00, 0x00, 0x00, 0x00, 0x00, 0x00, 0x00, 0x00, 0x00, 0x00,
  0x00, 0x00, 0x00, 0x00, 0x00, 0x00, 0x00, 0x00, 0x00, 0x00, 0x00, 0x00,
  0x00, 0x00, 0x00, 0x00, 0x00, 0x00, 0x00, 0x00, 0x00, 0x00, 0x00, 0x00,
  0x00, 0x00, 0x00, 0x00, 0x00, 0x00, 0x00, 0x00, 0x00, 0x00, 0x00, 0x00,
  0x00, 0x00, 0x00, 0x00, 0x00, 0x00, 0x00, 0x00, 0x00, 0x00, 0x00, 0x00,
  0x00, 0x00, 0x00, 0x00, 0x00, 0x00, 0x00, 0x00, 0x00, 0x00, 0x00, 0x00,
  0x00, 0x00, 0x00, 0x00, 0x00, 0x00, 0x00, 0x00, 0x00, 0x00, 0x00, 0x00,
  0x00, 0x00, 0x00, 0x00, 0x00, 0x00, 0x00, 0x00, 0x00, 0x00, 0x00, 0x00,
  0x00, 0x00, 0x00, 0x00, 0x00, 0x00, 0x00, 0x00, 0x00, 0x00, 0x00, 0x00,
  0x00, 0x00, 0x00, 0x00, 0x00, 0x00, 0x00, 0x00, 0x00, 0x00, 0x0d, 0x04,
  0x1b, 0x08, 0x28, 0x0c, 0x36, 0x10, 0x43, 0x02, 0x50, 0x06, 0x5e, 0x0a,
  0x6b, 0x0e, 0x79, 0x12, 0x86, 0x13, 0x94, 0x0f, 0xa1, 0x0b, 0xaf, 0x07,
  0xbc, 0x03, 0xc9, 0x11, 0xd7, 0x0d, 0xe4, 0x09, 0xf2, 0x05, 0xff, 0x01,
  0x00, 0x00, 0x00, 0x00, 0x00, 0x00, 0x00, 0x00, 0x00, 0x00, 0x00, 0x00,
  0x00, 0x00, 0x00, 0x00, 0x00, 0x00, 0x00, 0x00, 0x00, 0x00, 0x00, 0x00,
  0x00, 0x00, 0x00, 0x00, 0x00, 0x00, 0x00, 0x00, 0x00, 0x00, 0x00, 0x00,
  0x00, 0x00, 0x00, 0x00, 0x00, 0x00, 0x00, 0x00, 0x00, 0x00, 0x00, 0x00,
  0x00, 0x00, 0x00, 0x00, 0x00, 0x00, 0x00, 0x00, 0x00, 0x00, 0x00, 0x00,
  0x00, 0x00, 0x00, 0x00, 0x00, 0x00, 0x00, 0x00, 0x00, 0x00, 0x00, 0x00,
  0x00, 0x00, 0x00, 0x00, 0x00, 0x00, 0x00, 0x00, 0x00, 0x00, 0x00, 0x00,
  0x00, 0x00, 0x00, 0x00, 0x00, 0x00, 0x00, 0x00, 0x00, 0x00, 0x00, 0x00,
  0x00, 0x00, 0x00, 0x00, 0x00, 0x00, 0x00, 0x00, 0x00, 0x00, 0x00, 0x00,
  0x00, 0x00, 0x00, 0x00, 0x00, 0x00, 0x00, 0x00, 0x00, 0x00, 0x00, 0x00,
  0x00, 0x00, 0x00, 0x00, 0x00, 0x00, 0x00, 0x00, 0x00, 0x00, 0x00, 0x00,
  0x00, 0x00, 0x00, 0x00, 0x00, 0x00, 0x00, 0x00, 0x00, 0x00, 0x00, 0x00,
  0x00, 0x00, 0x00, 0x00, 0x00, 0x00, 0x00, 0x00, 0x00, 0x00, 0x00, 0x00,
  0x00, 0x00, 0x00, 0x00, 0x00, 0x00, 0x00, 0x00, 0x00, 0x00, 0x00, 0x00,
  0x00, 0x00, 0x00, 0x00, 0x00, 0x00, 0x00, 0x00, 0x00, 0x00, 0x00, 0x00,
  0x00, 0x00, 0x00, 0x00, 0x00, 0x00, 0x00, 0x00, 0x00, 0x00, 0x00, 0x00,
  0x00, 0x00, 0x00, 0x00, 0x00, 0x00, 0x00, 0x00, 0x00, 0x00, 0x00, 0x00,
  0x00, 0x00, 0x00, 0x00, 0x00, 0x00, 0x00, 0x00, 0x00, 0x00, 0x00, 0x00,
  0x00, 0x00, 0x00, 0x00, 0x00, 0x00, 0x00, 0x00, 0x00, 0x00, 0x00, 0x00,
  0x00, 0x00, 0x00, 0x00, 0x00, 0x00, 0x00, 0x00, 0x00, 0x00, 0x00, 0x00,
  0x00, 0x00, 0x00, 0x00, 0x00, 0x00, 0x00, 0x00, 0x00, 0x00, 0x00, 0x00,
  0x00, 0x00, 0x00, 0x00, 0x00, 0x00, 0x00, 0x00, 0x00, 0x00, 0x00, 0x00,
  0x00, 0x00, 0x00, 0x00, 0x00, 0x00, 0x00, 0x00, 0x00, 0x00, 0x00, 0x00,
  0x00, 0x00, 0x00, 0x00, 0x00, 0x00, 0x00, 0x00, 0x00, 0x00, 0x00, 0x00,
  0x00, 0x00, 0x00, 0x00, 0x00, 0x00, 0x00, 0x00, 0x00, 0x00, 0x00, 0x00,
  0x00, 0x00, 0x00, 0x00, 0x00, 0x00, 0x00, 0x00, 0x00, 0x00, 0x00, 0x00,
  0x00, 0x00, 0x00, 0x00, 0x00, 0x00, 0x00, 0x00, 0x00, 0x00, 0x00, 0x00,
  0x00, 0x00, 0x00, 0x00, 0x00, 0x00, 0x00, 0x00, 0x00, 0x00, 0x00, 0x00,
  0x00, 0x00, 0x00, 0x00, 0x00, 0x00, 0x00, 0x00, 0x00, 0x00, 0x00, 0x00,
  0x00, 0x00, 0x00, 0x00, 0x00, 0x00, 0x00, 0x00, 0x00, 0x00, 0x00, 0x00,
  0x00, 0x00, 0x00, 0x00, 0x00, 0x00, 0x00, 0x00, 0x00, 0x00, 0x00, 0x00,
  0x00, 0x00, 0x00, 0x00, 0x00, 0x00, 0x00, 0x00, 0x00, 0x00, 0x00, 0x00,
  0x00, 0x00, 0x00, 0x00, 0x00, 0x00, 0x00, 0x00, 0x00, 0x00, 0x00, 0x00,
  0x00, 0x00, 0x00, 0x00, 0x00, 0x00, 0x00, 0x00, 0x00, 0x00, 0x00, 0x00,
  0x00, 0x00, 0x00, 0x00, 0x00, 0x00, 0x00, 0x00, 0x00, 0x00, 0x00, 0x00,
  0x00, 0x00, 0x00, 0x00, 0x00, 0x00, 0x00, 0x00, 0x00, 0x00, 0x00, 0x00,
  0x00, 0x00, 0x00, 0x00, 0x00, 0x00, 0x00, 0x00, 0x00, 0x00, 0x00, 0x00,
  0x00, 0x00, 0x00, 0x00, 0x00, 0x00, 0x00, 0x00, 0x00, 0x00, 0x00, 0x00,
  0x00, 0x00, 0x00, 0x00, 0x00, 0x00, 0x00, 0x00, 0x00, 0x00, 0x00, 0x00,
  0x00, 0x00, 0x00, 0x00, 0x00, 0x00, 0x0b, 0x08, 0x16, 0x10, 0x21, 0x02,
  0x2c, 0x0a, 0x37, 0x12, 0x42, 0x04, 0x4d, 0x0c, 0x58, 0x14, 0x63, 0x06,
  0x6e, 0x0e, 0x79, 0x16, 0x86, 0x17, 0x91, 0x0f, 0x9c, 0x07, 0xa7, 0x15,
  0xb2, 0x0d, 0xbd, 0x05, 0xc8, 0x13, 0xd3, 0x0b, 0xde, 0x03, 0xe9, 0x11,
  0xf4, 0x09, 0xff, 0x01, 0x00, 0x00, 0x00, 0x00, 0x00, 0x00, 0x00, 0x00,
  0x00, 0x00, 0x00, 0x00, 0x00, 0x00, 0x00, 0x00, 0x00, 0x00, 0x00, 0x00,
  0x00, 0x00, 0x00, 0x00, 0x00, 0x00, 0x00, 0x00, 0x00, 0x00, 0x00, 0x00,
  0x00, 0x00, 0x00, 0x00, 0x00, 0x00, 0x00, 0x00, 0x00, 0x00, 0x00, 0x00,
  0x00, 0x00, 0x00, 0x00, 0x00, 0x00, 0x00, 0x00, 0x00, 0x00, 0x00, 0x00,
  0x00, 0x00, 0x00, 0x00, 0x00, 0x00, 0x00, 0x00, 0x00, 0x00, 0x00, 0x00,
  0x00, 0x00, 0x00, 0x00, 0x00, 0x00, 0x00, 0x00, 0x00, 0x00, 0x00, 0x00,
  0x00, 0x00, 0x00, 0x00, 0x00, 0x00, 0x00, 0x00, 0x00, 0x00, 0x00, 0x00,
  0x00, 0x00, 0x00, 0x00, 0x00, 0x00, 0x00, 0x00, 0x00, 0x00, 0x00, 0x00,
  0x00, 0x00, 0x00, 0x00, 0x00, 0x00, 0x00, 0x00, 0x00, 0x00, 0x00, 0x00,
  0x00, 0x00, 0x00, 0x00, 0x00, 0x00, 0x00, 0x00, 0x00, 0x00, 0x00, 0x00,
  0x00, 0x00, 0x00, 0x00, 0x00, 0x00, 0x00, 0x00, 0x00, 0x00, 0x00, 0x00,
  0x00, 0x00, 0x00, 0x00, 0x00, 0x00, 0x00, 0x00, 0x00, 0x00, 0x00, 0x00,
  0x00, 0x00, 0x00, 0x00, 0x00, 0x00, 0x00, 0x00, 0x00, 0x00, 0x00, 0x00,
  0x00, 0x00, 0x00, 0x00, 0x00, 0x00, 0x00, 0x00, 0x00, 0x00, 0x00, 0x00,
  0x00, 0x00, 0x00, 0x00, 0x00, 0x00, 0x00, 0x00, 0x00, 0x00, 0x00, 0x00,
  0x00, 0x00, 0x00, 0x00, 0x00, 0x00, 0x00, 0x00, 0x00, 0x00, 0x00, 0x00,
  0x00, 0x00, 0x00, 0x00, 0x00, 0x00, 0x00, 0x00, 0x00, 0x00, 0x00, 0x00,
  0x00, 0x00, 0x00, 0x00, 0x00, 0x00, 0x00, 0x00, 0x00, 0x00, 0x00, 0x00,
  0x00, 0x00, 0x00, 0x00, 0x00, 0x00, 0x00, 0x00, 0x00, 0x00, 0x00, 0x00,
  0x00, 0x00, 0x00, 0x00, 0x00, 0x00, 0x00, 0x00, 0x00, 0x00, 0x00, 0x00,
  0x00, 0x00, 0x00, 0x00, 0x00, 0x00, 0x00, 0x00, 0x00, 0x00, 0x00, 0x00,
  0x00, 0x00, 0x00, 0x00, 0x00, 0x00, 0x00, 0x00, 0x00, 0x00, 0x00, 0x00,
  0x00, 0x00, 0x00, 0x00, 0x00, 0x00, 0x00, 0x00, 0x00, 0x00, 0x00, 0x00,
  0x00, 0x00, 0x00, 0x00, 0x00, 0x00, 0x00, 0x00, 0x00, 0x00, 0x00, 0x00,
  0x00, 0x00, 0x00, 0x00, 0x00, 0x00, 0x00, 0x00, 0x00, 0x00, 0x00, 0x00,
  0x00, 0x00, 0x00, 0x00, 0x00, 0x00, 0x00, 0x00, 0x00, 0x00, 0x00, 0x00,
  0x00, 0x00, 0x00, 0x00, 0x00, 0x00, 0x00, 0x00, 0x00, 0x00, 0x00, 0x00,
  0x00, 0x00, 0x00, 0x00, 0x00, 0x00, 0x00, 0x00, 0x00, 0x00, 0x00, 0x00,
  0x00, 0x00, 0x00, 0x00, 0x00, 0x00, 0x00, 0x00, 0x00, 0x00, 0x00, 0x00,
  0x00, 0x00, 0x00, 0x00, 0x00, 0x00, 0x00, 0x00, 0x00, 0x00, 0x00, 0x00,
  0x00, 0x00, 0x00, 0x00, 0x00, 0x00, 0x00, 0x00, 0x00, 0x00, 0x00, 0x00,
  0x00, 0x00, 0x00, 0x00, 0x00, 0x00, 0x00, 0x00, 0x00, 0x00, 0x00, 0x00,
  0x00, 0x00, 0x00, 0x00, 0x00, 0x00, 0x00, 0x00, 0x00, 0x00, 0x00, 0x00,
  0x00, 0x00, 0x00, 0x00, 0x00, 0x00, 0x00, 0x00, 0x00, 0x00, 0x00, 0x00,
  0x00, 0x00, 0x00, 0x00, 0x00, 0x00, 0x00, 0x00, 0x00, 0x00, 0x00, 0x00,
  0x00, 0x00, 0x00, 0x00, 0x00, 0x00, 0x00, 0x00, 0x00, 0x00, 0x00, 0x00,
  0x00, 0x00, 0x00, 0x00, 0x00, 0x00, 0x00, 0x00, 0x00, 0x00, 0x00, 0x00,
  0x00, 0x00, 0x00, 0x00, 0x00, 0x00, 0x00, 0x00, 0x00, 0x00, 0x00, 0x00,
  0x00, 0x00, 0x08, 0x01, 0x10, 0x02, 0x18, 0x03, 0x21, 0x04, 0x29, 0x05,
  0x31, 0x06, 0x39, 0x07, 0x42, 0x08, 0x4a, 0x09, 0x52, 0x0a, 0x5a, 0x0b,
  0x63, 0x0c, 0x6b, 0x0d, 0x73, 0x0e, 0x7b, 0x0f, 0x84, 0x10, 0x8c, 0x11,
  0x94, 0x12, 0x9c, 0x13, 0xa5, 0x14, 0xad, 0x15, 0xb5, 0x16, 0xbd, 0x17,
  0xc6, 0x18, 0xce, 0x19, 0xd6, 0x1a, 0xde, 0x1b, 0xe7, 0x1c, 0xef, 0x1d,
  0xf7, 0x1e, 0xff, 0x1f, 0x00, 0x00, 0x00, 0x00, 0x00, 0x00, 0x00, 0x00,
  0x00, 0x00, 0x00, 0x00, 0x00, 0x00, 0x00, 0x00, 0x00, 0x00, 0x00, 0x00,
  0x00, 0x00, 0x00, 0x00, 0x00, 0x00, 0x00, 0x00, 0x00, 0x00, 0x00, 0x00,
  0x00, 0x00, 0x00, 0x00, 0x00, 0x00, 0x00, 0x00, 0x00, 0x00, 0x00, 0x00,
  0x00, 0x00, 0x00, 0x00, 0x00, 0x00, 0x00, 0x00, 0x00, 0x00, 0x00, 0x00,
  0x00, 0x00, 0x00, 0x00, 0x00, 0x00, 0x00, 0x00, 0x00, 0x00, 0x00, 0x00,
  0x00, 0x00, 0x00, 0x00, 0x00, 0x00, 0x00, 0x00, 0x00, 0x00, 0x00, 0x00,
  0x00, 0x00, 0x00, 0x00, 0x00, 0x00, 0x00, 0x00, 0x00, 0x00, 0x00, 0x00,
  0x00, 0x00, 0x00, 0x00, 0x00, 0x00, 0x00, 0x00, 0x00, 0x00, 0x00, 0x00,
  0x00, 0x00, 0x00, 0x00, 0x00, 0x00, 0x00, 0x00, 0x00, 0x00, 0x00, 0x00,
  0x00, 0x00, 0x00, 0x00, 0x00, 0x00, 0x00, 0x00, 0x00, 0x00, 0x00, 0x00,
  0x00, 0x00, 0x00, 0x00, 0x00, 0x00, 0x00, 0x00, 0x00, 0x00, 0x00, 0x00,
  0x00, 0x00, 0x00, 0x00, 0x00, 0x00, 0x00, 0x00, 0x00, 0x00, 0x00, 0x00,
  0x00, 0x00, 0x00, 0x00, 0x00, 0x00, 0x00, 0x00, 0x00, 0x00, 0x00, 0x00,
  0x00, 0x00, 0x00, 0x00, 0x00, 0x00, 0x00, 0x00, 0x00, 0x00, 0x00, 0x00,
  0x00, 0x00, 0x00, 0x00, 0x00, 0x00, 0x00, 0x00, 0x00, 0x00, 0x00, 0x00,
  0x00, 0x00, 0x00, 0x00, 0x00, 0x00, 0x00, 0x00, 0x00, 0x00, 0x00, 0x00,
  0x00, 0x00, 0x00, 0x00, 0x00, 0x00, 0x00, 0x00, 0x00, 0x00, 0x00, 0x00,
  0x00, 0x00, 0x00, 0x00, 0x00, 0x00, 0x00, 0x00, 0x00, 0x00, 0x00, 0x00,
  0x00, 0x00, 0x00, 0x00, 0x00, 0x00, 0x00, 0x00, 0x00, 0x00, 0x00, 0x00,
  0x00, 0x00, 0x00, 0x00, 0x00, 0x00, 0x00, 0x00, 0x00, 0x00, 0x00, 0x00,
  0x00, 0x00, 0x00, 0x00, 0x00, 0x00, 0x00, 0x00, 0x00, 0x00, 0x00, 0x00,
  0x00, 0x00, 0x00, 0x00, 0x00, 0x00, 0x00, 0x00, 0x00, 0x00, 0x00, 0x00,
  0x00, 0x00, 0x00, 0x00, 0x00, 0x00, 0x00, 0x00, 0x00, 0x00, 0x00, 0x00,
  0x00, 0x00, 0x00, 0x00, 0x00, 0x00, 0x00, 0x00, 0x00, 0x00, 0x00, 0x00,
  0x00, 0x00, 0x00, 0x00, 0x00, 0x00, 0x00, 0x00, 0x00, 0x00, 0x00, 0x00,
  0x00, 0x00, 0x00, 0x00, 0x00, 0x00, 0x00, 0x00, 0x00, 0x00, 0x00, 0x00,
  0x00, 0x00, 0x00, 0x00, 0x00, 0x00, 0x00, 0x00, 0x00, 0x00, 0x00, 0x00,
  0x00, 0x00, 0x00, 0x00, 0x00, 0x00, 0x00, 0x00, 0x00, 0x00, 0x00, 0x00,
  0x00, 0x00, 0x00, 0x00, 0x00, 0x00, 0x00, 0x00, 0x00, 0x00, 0x00, 0x00,
  0x00, 0x00, 0x00, 0x00, 0x00, 0x00, 0x00, 0x00, 0x00, 0x00, 0x00, 0x00,
  0x00, 0x00, 0x00, 0x00, 0x00, 0x00, 0x00, 0x00, 0x00, 0x00, 0x00, 0x00,
  0x00, 0x00, 0x00, 0x00, 0x00, 0x00, 0x00, 0x00, 0x00, 0x00, 0x00, 0x00,
  0x00, 0x00, 0x00, 0x00, 0x00, 0x00, 0x00, 0x00, 0x00, 0x00, 0x00, 0x00,
  0x00, 0x00, 0x00, 0x00, 0x00, 0x00, 0x00, 0x00, 0x00, 0x00, 0x00, 0x00,
  0x00, 0x00, 0x00, 0x00, 0x00, 0x00, 0x00, 0x00, 0x00, 0x00, 0x00, 0x00,
  0x00, 0x00, 0x00, 0x00, 0x00, 0x00, 0x00, 0x00, 0x00, 0x00, 0x00, 0x00,
  0x00, 0x00, 0x00, 0x00, 0x00, 0x00, 0x00, 0x00, 0x00, 0x00, 0x06, 0x08,
  0x0d, 0x10, 0x13, 0x18, 0x1a, 0x20, 0x20, 0x02, 0x27, 0x0a, 0x2d, 0x12,
  0x34, 0x1a, 0x3a, 0x22, 0x41, 0x04, 0x47, 0x0c, 0x4e, 0x14, 0x54, 0x1c,
  0x5b, 0x24, 0x61, 0x06, 0x68, 0x0e, 0x6e, 0x16, 0x75, 0x1e, 0x7b, 0x26,
  0x84, 0x27, 0x8a, 0x1f, 0x91, 0x17, 0x97, 0x0f, 0x9e, 0x07, 0xa4, 0x25,
  0xab, 0x1d, 0xb1, 0x15, 0xb8, 0x0d, 0xbe, 0x05, 0xc5, 0x23, 0xcb, 0x1b,
  0xd2, 0x13, 0xd8, 0x0b, 0xdf, 0x03, 0xe5, 0x21, 0xec, 0x19, 0xf2, 0x11,
  0xf9, 0x09, 0xff, 0x01, 0x00, 0x00, 0x00, 0x00, 0x00, 0x00, 0x00, 0x00,
  0x00, 0x00, 0x00, 0x00, 0x00, 0x00, 0x00, 0x00, 0x00, 0x00, 0x00, 0x00,
  0x00, 0x00, 0x00, 0x00, 0x00, 0x00, 0x00, 0x00, 0x00, 0x00, 0x00, 0x00,
  0x00, 0x00, 0x00, 0x00, 0x00, 0x00, 0x00, 0x00, 0x00, 0x00, 0x00, 0x00,
  0x00, 0x00, 0x00, 0x00, 0x00, 0x00, 0x00, 0x00, 0x00, 0x00, 0x00, 0x00,
  0x00, 0x00, 0x00, 0x00, 0x00, 0x00, 0x00, 0x00, 0x00, 0x00, 0x00, 0x00,
  0x00, 0x00, 0x00, 0x00, 0x00, 0x00, 0x00, 0x00, 0x00, 0x00, 0x00, 0x00,
  0x00, 0x00, 0x00, 0x00, 0x00, 0x00, 0x00, 0x00, 0x00, 0x00, 0x00, 0x00,
  0x00, 0x00, 0x00, 0x00, 0x00, 0x00, 0x00, 0x00, 0x00, 0x00, 0x00, 0x00,
  0x00, 0x00, 0x00, 0x00, 0x00, 0x00, 0x00, 0x00, 0x00, 0x00, 0x00, 0x00,
  0x00, 0x00, 0x00, 0x00, 0x00, 0x00, 0x00, 0x00, 0x00, 0x00, 0x00, 0x00,
  0x00, 0x00, 0x00, 0x00, 0x00, 0x00, 0x00, 0x00, 0x00, 0x00, 0x00, 0x00,
  0x00, 0x00, 0x00, 0x00, 0x00, 0x00, 0x00, 0x00, 0x00, 0x00, 0x00, 0x00,
  0x00, 0x00, 0x00, 0x00, 0x00, 0x00, 0x00, 0x00, 0x00, 0x00, 0x00, 0x00,
  0x00, 0x00, 0x00, 0x00, 0x00, 0x00, 0x00, 0x00, 0x00, 0x00, 0x00, 0x00,
  0x00, 0x00, 0x00, 0x00, 0x00, 0x00, 0x00, 0x00, 0x00, 0x00, 0x00, 0x00,
  0x00, 0x00, 0x00, 0x00, 0x00, 0x00, 0x00, 0x00, 0x00, 0x00, 0x00, 0x00,
  0x00, 0x00, 0x00, 0x00, 0x00, 0x00, 0x00, 0x00, 0x00, 0x00, 0x00, 0x00,
  0x00, 0x00, 0x00, 0x00, 0x00, 0x00, 0x00, 0x00, 0x00, 0x00, 0x00, 0x00,
  0x00, 0x00, 0x00, 0x00, 0x00, 0x00, 0x00, 0x00, 0x00, 0x00, 0x00, 0x00,
  0x00, 0x00, 0x00, 0x00, 0x00, 0x00, 0x00, 0x00, 0x00, 0x00, 0x00, 0x00,
  0x00, 0x00, 0x00, 0x00, 0x00, 0x00, 0x00, 0x00, 0x00, 0x00, 0x00, 0x00,
  0x00, 0x00, 0x00, 0x00, 0x00, 0x00, 0x00, 0x00, 0x00, 0x00, 0x00, 0x00,
  0x00, 0x00, 0x00, 0x00, 0x00, 0x00, 0x00, 0x00, 0x00, 0x00, 0x00, 0x00,
  0x00, 0x00, 0x00, 0x00, 0x00, 0x00, 0x00, 0x00, 0x00, 0x00, 0x00, 0x00,
  0x00, 0x00, 0x00, 0x00, 0x00, 0x00, 0x00, 0x00, 0x00, 0x00, 0x00, 0x00,
  0x00, 0x00, 0x00, 0x00, 0x00, 0x00, 0x00, 0x00, 0x00, 0x00, 0x00, 0x00,
  0x00, 0x00, 0x00, 0x00, 0x00, 0x00, 0x00, 0x00, 0x00, 0x00, 0x00, 0x00,
  0x00, 0x00, 0x00, 0x00, 0x00, 0x00, 0x00, 0x00, 0x00, 0x00, 0x00, 0x00,
  0x00, 0x00, 0x00, 0x00, 0x00, 0x00, 0x00, 0x00, 0x00, 0x00, 0x00, 0x00,
  0x00, 0x00, 0x00, 0x00, 0x00, 0x00, 0x00, 0x00, 0x00, 0x00, 0x00, 0x00,
  0x00, 0x00, 0x00, 0x00, 0x00, 0x00, 0x00, 0x00, 0x00, 0x00, 0x00, 0x00,
  0x00, 0x00, 0x00, 0x00, 0x00, 0x00, 0x00, 0x00, 0x00, 0x00, 0x00, 0x00,
  0x00, 0x00, 0x00, 0x00, 0x00, 0x00, 0x00, 0x00, 0x00, 0x00, 0x00, 0x00,
  0x00, 0x00, 0x00, 0x00, 0x00, 0x00, 0x00, 0x00, 0x00, 0x00, 0x00, 0x00,
  0x00, 0x00, 0x00, 0x00, 0x00, 0x00, 0x00, 0x00, 0x00, 0x00, 0x00, 0x00,
  0x00, 0x00, 0x00, 0x00, 0x00, 0x00, 0x05, 0x10, 0x0b, 0x20, 0x10, 0x02,
  0x15, 0x12, 0x1b, 0x22, 0x20, 0x04, 0x26, 0x14, 0x2b, 0x24, 0x30, 0x06,
  0x36, 0x16, 0x3b, 0x26, 0x41, 0x08, 0x46, 0x18, 0x4c, 0x28, 0x51, 0x0a,
  0x56, 0x1a, 0x5c, 0x2a, 0x61, 0x0c, 0x67, 0x1c, 0x6c, 0x2c, 0x71, 0x0e,
  0x77, 0x1e, 0x7c, 0x2e, 0x83, 0x2f, 0x88, 0x1f, 0x8e, 0x0f, 0x93, 0x2d,
  0x98, 0x1d, 0x9e, 0x0d, 0xa3, 0x2b, 0xa9, 0x1b, 0xae, 0x0b, 0xb3, 0x29,
  0xb9, 0x19, 0xbe, 0x09, 0xc4, 0x27, 0xc9, 0x17, 0xcf, 0x07, 0xd4, 0x25,
  0xd9, 0x15, 0xdf, 0x05, 0xe4, 0x23, 0xea, 0x13, 0xef, 0x03, 0xf4, 0x21,
  0xfa, 0x11, 0xff, 0x01, 0x00, 0x00, 0x00, 0x00, 0x00, 0x00, 0x00, 0x00,
  0x00, 0x00, 0x00, 0x00, 0x00, 0x00, 0x00, 0x00, 0x00, 0x00, 0x00, 0x00,
  0x00, 0x00, 0x00, 0x00, 0x00, 0x00, 0x00, 0x00, 0x00, 0x00, 0x00, 0x00,
  0x00, 0x00, 0x00, 0x00, 0x00, 0x00, 0x00, 0x00, 0x00, 0x00, 0x00, 0x00,
  0x00, 0x00, 0x00, 0x00, 0x00, 0x00, 0x00, 0x00, 0x00, 0x00, 0x00, 0x00,
  0x00, 0x00, 0x00, 0x00, 0x00, 0x00, 0x00, 0x00, 0x00, 0x00, 0x00, 0x00,
  0x00, 0x00, 0x00, 0x00, 0x00, 0x00, 0x00, 0x00, 0x00, 0x00, 0x00, 0x00,
  0x00, 0x00, 0x00, 0x00, 0x00, 0x00, 0x00, 0x00, 0x00, 0x00, 0x00, 0x00,
  0x00, 0x00, 0x00, 0x00, 0x00, 0x00, 0x00, 0x00, 0x00, 0x00, 0x00, 0x00,
  0x00, 0x00, 0x00, 0x00, 0x00, 0x00, 0x00, 0x00, 0x00, 0x00, 0x00, 0x00,
  0x00, 0x00, 0x00, 0x00, 0x00, 0x00, 0x00, 0x00, 0x00, 0x00, 0x00, 0x00,
  0x00, 0x00, 0x00, 0x00, 0x00, 0x00, 0x00, 0x00, 0x00, 0x00, 0x00, 0x00,
  0x00, 0x00, 0x00, 0x00, 0x00, 0x00, 0x00, 0x00, 0x00, 0x00, 0x00, 0x00,
  0x00, 0x00, 0x00, 0x00, 0x00, 0x00, 0x00, 0x00, 0x00, 0x00, 0x00, 0x00,
  0x00, 0x00, 0x00, 0x00, 0x00, 0x00, 0x00, 0x00, 0x00, 0x00, 0x00, 0x00,
  0x00, 0x00, 0x00, 0x00, 0x00, 0x00, 0x00, 0x00, 0x00, 0x00, 0x00, 0x00,
  0x00, 0x00, 0x00, 0x00, 0x00, 0x00, 0x00, 0x00, 0x00, 0x00, 0x00, 0x00,
  0x00, 0x00, 0x00, 0x00, 0x00, 0x00, 0x00, 0x00, 0x00, 0x00, 0x00, 0x00,
  0x00, 0x00, 0x00, 0x00, 0x00, 0x00, 0x00, 0x00, 0x00, 0x00, 0x00, 0x00,
  0x00, 0x00, 0x00, 0x00, 0x00, 0x00, 0x00, 0x00, 0x00, 0x00, 0x00, 0x00,
  0x00, 0x00, 0x00, 0x00, 0x00, 0x00, 0x00, 0x00, 0x00, 0x00, 0x00, 0x00,
  0x00, 0x00, 0x00, 0x00, 0x00, 0x00, 0x00, 0x00, 0x00, 0x00, 0x00, 0x00,
  0x00, 0x00, 0x00, 0x00, 0x00, 0x00, 0x00, 0x00, 0x00, 0x00, 0x00, 0x00,
  0x00, 0x00, 0x00, 0x00, 0x00, 0x00, 0x00, 0x00, 0x00, 0x00, 0x00, 0x00,
  0x00, 0x00, 0x00, 0x00, 0x00, 0x00, 0x00, 0x00, 0x00, 0x00, 0x00, 0x00,
  0x00, 0x00, 0x00, 0x00, 0x00, 0x00, 0x00, 0x00, 0x00, 0x00, 0x00, 0x00,
  0x00, 0x00, 0x00, 0x00, 0x00, 0x00, 0x00, 0x00, 0x00, 0x00, 0x00, 0x00,
  0x00, 0x00, 0x00, 0x00, 0x00, 0x00, 0x00, 0x00, 0x00, 0x00, 0x00, 0x00,
  0x00, 0x00, 0x00, 0x00, 0x00, 0x00, 0x00, 0x00, 0x00, 0x00, 0x00, 0x00,
  0x00, 0x00, 0x00, 0x00, 0x00, 0x00, 0x00, 0x00, 0x00, 0x00, 0x00, 0x00,
  0x00, 0x00, 0x00, 0x00, 0x00, 0x00, 0x00, 0x00, 0x00, 0x00, 0x00, 0x00,
  0x00, 0x00, 0x00, 0x00, 0x00, 0x00, 0x00, 0x00, 0x00, 0x00, 0x00, 0x00,
  0x00, 0x00, 0x00, 0x00, 0x00, 0x00, 0x00, 0x00, 0x00, 0x00, 0x00, 0x00,
  0x00, 0x00, 0x00, 0x00, 0x00, 0x00, 0x00, 0x00, 0x00, 0x00, 0x00, 0x00,
  0x00, 0x00, 0x00, 0x00, 0x00, 0x00, 0x00, 0x00, 0x00, 0x00, 0x00, 0x00,
  0x00, 0x00, 0x04, 0x01, 0x08, 0x02, 0x0c, 0x03, 0x10, 0x04, 0x14, 0x05,
  0x18, 0x06, 0x1c, 0x07, 0x20, 0x08, 0x24, 0x09, 0x28, 0x0a, 0x2c, 0x0b,
  0x30, 0x0c, 0x34, 0x0d, 0x38, 0x0e, 0x3c, 0x0f, 0x41, 0x10, 0x45, 0x11,
  0x49, 0x12, 0x4d, 0x13, 0x51, 0x14, 0x55, 0x15, 0x59, 0x16, 0x5d, 0x17,
  0x61, 0x18, 0x65, 0x19, 0x69, 0x1a, 0x6d, 0x1b, 0x71, 0x1c, 0x75, 0x1d,
  0x79, 0x1e, 0x7d, 0x1f, 0x82, 0x20, 0x86, 0x21, 0x8a, 0x22, 0x8e, 0x23,
  0x92, 0x24, 0x96, 0x25, 0x9a, 0x26, 0x9e, 0x27, 0xa2, 0x28, 0xa6, 0x29,
  0xaa, 0x2a, 0xae, 0x2b, 0xb2, 0x2c, 0xb6, 0x2d, 0xba, 0x2e, 0xbe, 0x2f,
  0xc3, 0x30, 0xc7, 0x31, 0xcb, 0x32, 0xcf, 0x33, 0xd3, 0x34, 0xd7, 0x35,
  0xdb, 0x36, 0xdf, 0x37, 0xe3, 0x38, 0xe7, 0x39, 0xeb, 0x3a, 0xef, 0x3b,
  0xf3, 0x3c, 0xf7, 0x3d, 0xfb, 0x3e, 0xff, 0x3f, 0x00, 0x00, 0x00, 0x00,
  0x00, 0x00, 0x00, 0x00, 0x00, 0x00, 0x00, 0x00, 0x00, 0x00, 0x00, 0x00,
  0x00, 0x00, 0x00, 0x00, 0x00, 0x00, 0x00, 0x00, 0x00, 0x00, 0x00, 0x00,
  0x00, 0x00, 0x00, 0x00, 0x00, 0x00, 0x00, 0x00, 0x00, 0x00, 0x00, 0x00,
  0x00, 0x00, 0x00, 0x00, 0x00, 0x00, 0x00, 0x00, 0x00, 0x00, 0x00, 0x00,
  0x00, 0x00, 0x00, 0x00, 0x00, 0x00, 0x00, 0x00, 0x00, 0x00, 0x00, 0x00,
  0x00, 0x00, 0x00, 0x00, 0x00, 0x00, 0x00, 0x00, 0x00, 0x00, 0x00, 0x00,
  0x00, 0x00, 0x00, 0x00, 0x00, 0x00, 0x00, 0x00, 0x00, 0x00, 0x00, 0x00,
  0x00, 0x00, 0x00, 0x00, 0x00, 0x00, 0x00, 0x00, 0x00, 0x00, 0x00, 0x00,
  0x00, 0x00, 0x00, 0x00, 0x00, 0x00, 0x00, 0x00, 0x00, 0x00, 0x00, 0x00,
  0x00, 0x00, 0x00, 0x00, 0x00, 0x00, 0x00, 0x00, 0x00, 0x00, 0x00, 0x00,
  0x00, 0x00, 0x00, 0x00, 0x00, 0x00, 0x00, 0x00, 0x00, 0x00, 0x00, 0x00,
  0x00, 0x00, 0x00, 0x00, 0x00, 0x00, 0x00, 0x00, 0x00, 0x00, 0x00, 0x00,
  0x00, 0x00, 0x00, 0x00, 0x00, 0x00, 0x00, 0x00, 0x00, 0x00, 0x00, 0x00,
  0x00, 0x00, 0x00, 0x00, 0x00, 0x00, 0x00, 0x00, 0x00, 0x00, 0x00, 0x00,
  0x00, 0x00, 0x00, 0x00, 0x00, 0x00, 0x00, 0x00, 0x00, 0x00, 0x00, 0x00,
  0x00, 0x00, 0x00, 0x00, 0x00, 0x00, 0x00, 0x00, 0x00, 0x00, 0x00, 0x00,
  0x00, 0x00, 0x00, 0x00, 0x00, 0x00, 0x00, 0x00, 0x00, 0x00, 0x00, 0x00,
  0x00, 0x00, 0x00, 0x00, 0x00, 0x00, 0x00, 0x00, 0x00, 0x00, 0x00, 0x00,
  0x00, 0x00, 0x00, 0x00, 0x00, 0x00, 0x00, 0x00, 0x00, 0x00, 0x00, 0x00,
  0x00, 0x00, 0x00, 0x00, 0x00, 0x00, 0x00, 0x00, 0x00, 0x00, 0x00, 0x00,
  0x00, 0x00, 0x00, 0x00, 0x00, 0x00, 0x00, 0x00, 0x00, 0x00, 0x00, 0x00,
  0x00, 0x00, 0x00, 0x00, 0x00, 0x00, 0x00, 0x00, 0x00, 0x00, 0x00, 0x00,
  0x00, 0x00, 0x00, 0x00, 0x00, 0x00, 0x00, 0x00, 0x00, 0x00, 0x00, 0x00,
  0x00, 0x00, 0x00, 0x00, 0x00, 0x00, 0x00, 0x00, 0x00, 0x00, 0x00, 0x00,
  0x00, 0x00, 0x00, 0x00, 0x00, 0x00, 0x00, 0x00, 0x00, 0x00, 0x00, 0x00,
  0x00, 0x00, 0x00, 0x00, 0x00, 0x00, 0x00, 0x00, 0x00, 0x00, 0x00, 0x00,
  0x00, 0x00, 0x00, 0x00, 0x00, 0x00, 0x00, 0x00, 0x00, 0x00, 0x00, 0x00,
  0x00, 0x00, 0x00, 0x00, 0x00, 0x00, 0x00, 0x00, 0x00, 0x00, 0x00, 0x00,
  0x00, 0x00, 0x00, 0x00, 0x00, 0x00, 0x00, 0x00, 0x00, 0x00, 0x00, 0x00,
  0x00, 0x00, 0x00, 0x00, 0x00, 0x00, 0x00, 0x00, 0x00, 0x00, 0x00, 0x00,
  0x00, 0x00, 0x00, 0x00, 0x00, 0x00, 0x00, 0x00, 0x00, 0x00, 0x00, 0x00,
  0x00, 0x00, 0x00, 0x00, 0x00, 0x00, 0x00, 0x00, 0x00, 0x00, 0x03, 0x10,
  0x06, 0x20, 0x09, 0x30, 0x0d, 0x40, 0x10, 0x02, 0x13, 0x12, 0x16, 0x22,
  0x19, 0x32, 0x1d, 0x42, 0x20, 0x04, 0x23, 0x14, 0x26, 0x24, 0x2a, 0x34,
  0x2d, 0x44, 0x30, 0x06, 0x33, 0x16, 0x36, 0x26, 0x3a, 0x36, 0x3d, 0x46,
  0x40, 0x08, 0x43, 0x18, 0x47, 0x28, 0x4a, 0x38, 0x4d, 0x48, 0x50, 0x0a,
  0x53, 0x1a, 0x57, 0x2a, 0x5a, 0x3a, 0x5d, 0x4a, 0x60, 0x0c, 0x64, 0x1c,
  0x67, 0x2c, 0x6a, 0x3c, 0x6d, 0x4c, 0x70, 0x0e, 0x74, 0x1e, 0x77, 0x2e,
  0x7a, 0x3e, 0x7d, 0x4e, 0x82, 0x4f, 0x85, 0x3f, 0x88, 0x2f, 0x8b, 0x1f,
  0x8f, 0x0f, 0x92, 0x4d, 0x95, 0x3d, 0x98, 0x2d, 0x9b, 0x1d, 0x9f, 0x0d,
  0xa2, 0x4b, 0xa5, 0x3b, 0xa8, 0x2b, 0xac, 0x1b, 0xaf, 0x0b, 0xb2, 0x49,
  0xb5, 0x39, 0xb8, 0x29, 0xbc, 0x19, 0xbf, 0x09, 0xc2, 0x47, 0xc5, 0x37,
  0xc9, 0x27, 0xcc, 0x17, 0xcf, 0x07, 0xd2, 0x45, 0xd5, 0x35, 0xd9, 0x25,
  0xdc, 0x15, 0xdf, 0x05, 0xe2, 0x43, 0xe6, 0x33, 0xe9, 0x23, 0xec, 0x13,
  0xef, 0x03, 0xf2, 0x41, 0xf6, 0x31, 0xf9, 0x21, 0xfc, 0x11, 0xff, 0x01,
  0x00, 0x00, 0x00, 0x00, 0x00, 0x00, 0x00, 0x00, 0x00, 0x00, 0x00, 0x00,
  0x00, 0x00, 0x00, 0x00, 0x00, 0x00, 0x00, 0x00, 0x00, 0x00, 0x00, 0x00,
  0x00, 0x00, 0x00, 0x00, 0x00, 0x00, 0x00, 0x00, 0x00, 0x00, 0x00, 0x00,
  0x00, 0x00, 0x00, 0x00, 0x00, 0x00, 0x00, 0x00, 0x00, 0x00, 0x00, 0x00,
  0x00, 0x00, 0x00, 0x00, 0x00, 0x00, 0x00, 0x00, 0x00, 0x00, 0x00, 0x00,
  0x00, 0x00, 0x00, 0x00, 0x00, 0x00, 0x00, 0x00, 0x00, 0x00, 0x00, 0x00,
  0x00, 0x00, 0x00, 0x00, 0x00, 0x00, 0x00, 0x00, 0x00, 0x00, 0x00, 0x00,
  0x00, 0x00, 0x00, 0x00, 0x00, 0x00, 0x00, 0x00, 0x00, 0x00, 0x00, 0x00,
  0x00, 0x00, 0x00, 0x00, 0x00, 0x00, 0x00, 0x00, 0x00, 0x00, 0x00, 0x00,
  0x00, 0x00, 0x00, 0x00, 0x00, 0x00, 0x00, 0x00, 0x00, 0x00, 0x00, 0x00,
  0x00, 0x00, 0x00, 0x00, 0x00, 0x00, 0x00, 0x00, 0x00, 0x00, 0x00, 0x00,
  0x00, 0x00, 0x00, 0x00, 0x00, 0x00, 0x00, 0x00, 0x00, 0x00, 0x00, 0x00,
  0x00, 0x00, 0x00, 0x00, 0x00, 0x00, 0x00, 0x00, 0x00, 0x00, 0x00, 0x00,
  0x00, 0x00, 0x00, 0x00, 0x00, 0x00, 0x00, 0x00, 0x00, 0x00, 0x00, 0x00,
  0x00, 0x00, 0x00, 0x00, 0x00, 0x00, 0x00, 0x00, 0x00, 0x00, 0x00, 0x00,
  0x00, 0x00, 0x00, 0x00, 0x00, 0x00, 0x00, 0x00, 0x00, 0x00, 0x00, 0x00,
  0x00, 0x00, 0x00, 0x00, 0x00, 0x00, 0x00, 0x00, 0x00, 0x00, 0x00, 0x00,
  0x00, 0x00, 0x00, 0x00, 0x00, 0x00, 0x00, 0x00, 0x00, 0x00, 0x00, 0x00,
  0x00, 0x00, 0x00, 0x00, 0x00, 0x00, 0x00, 0x00, 0x00, 0x00, 0x00, 0x00,
  0x00, 0x00, 0x00, 0x00, 0x00, 0x00, 0x00, 0x00, 0x00, 0x00, 0x00, 0x00,
  0x00, 0x00, 0x00, 0x00, 0x00, 0x00, 0x00, 0x00, 0x00, 0x00, 0x00, 0x00,
  0x00, 0x00, 0x00, 0x00, 0x00, 0x00, 0x00, 0x00, 0x00, 0x00, 0x00, 0x00,
  0x00, 0x00, 0x00, 0x00, 0x00, 0x00, 0x00, 0x00, 0x00, 0x00, 0x00, 0x00,
  0x00, 0x00, 0x00, 0x00, 0x00, 0x00, 0x00, 0x00, 0x00, 0x00, 0x00, 0x00,
  0x00, 0x00, 0x00, 0x00, 0x00, 0x00, 0x00, 0x00, 0x00, 0x00, 0x00, 0x00,
  0x00, 0x00, 0x00, 0x00, 0x00, 0x00, 0x00, 0x00, 0x00, 0x00, 0x00, 0x00,
  0x00, 0x00, 0x00, 0x00, 0x00, 0x00, 0x00, 0x00, 0x00, 0x00, 0x00, 0x00,
  0x00, 0x00, 0x00, 0x00, 0x00, 0x00, 0x00, 0x00, 0x00, 0x00, 0x00, 0x00,
  0x00, 0x00, 0x00, 0x00, 0x00, 0x00, 0x00, 0x00, 0x00, 0x00, 0x00, 0x00,
  0x00, 0x00, 0x00, 0x00, 0x00, 0x00, 0x02, 0x20, 0x05, 0x40, 0x08, 0x02,
  0x0a, 0x22, 0x0d, 0x42, 0x10, 0x04, 0x12, 0x24, 0x15, 0x44, 0x18, 0x06,
  0x1a, 0x26, 0x1d, 0x46, 0x20, 0x08, 0x23, 0x28, 0x25, 0x48, 0x28, 0x0a,
  0x2b, 0x2a, 0x2d, 0x4a, 0x30, 0x0c, 0x33, 0x2c, 0x35, 0x4c, 0x38, 0x0e,
  0x3b, 0x2e, 0x3d, 0x4e, 0x40, 0x10, 0x43, 0x30, 0x46, 0x50, 0x48, 0x12,
  0x4b, 0x32, 0x4e, 0x52, 0x50, 0x14, 0x53, 0x34, 0x56, 0x54, 0x58, 0x16,
  0x5b, 0x36, 0x5e, 0x56, 0x60, 0x18, 0x63, 0x38, 0x66, 0x58, 0x68, 0x1a,
  0x6b, 0x3a, 0x6e, 0x5a, 0x70, 0x1c, 0x73, 0x3c, 0x76, 0x5c, 0x78, 0x1e,
  0x7b, 0x3e, 0x7e, 0x5e, 0x81, 0x5f, 0x84, 0x3f, 0x87, 0x1f, 0x89, 0x5d,
  0x8c, 0x3d, 0x8f, 0x1d, 0x91, 0x5b, 0x94, 0x3b, 0x97, 0x1b, 0x99, 0x59,
  0x9c, 0x39, 0x9f, 0x19, 0xa1, 0x57, 0xa4, 0x37, 0xa7, 0x17, 0xa9, 0x55,
  0xac, 0x35, 0xaf, 0x15, 0xb1, 0x53, 0xb4, 0x33, 0xb7, 0x13, 0xb9, 0x51,
  0xbc, 0x31, 0xbf, 0x11, 0xc2, 0x4f, 0xc4, 0x2f, 0xc7, 0x0f, 0xca, 0x4d,
  0xcc, 0x2d, 0xcf, 0x0d, 0xd2, 0x4b, 0xd4, 0x2b, 0xd7, 0x0b, 0xda, 0x49,
  0xdc, 0x29, 0xdf, 0x09, 0xe2, 0x47, 0xe5, 0x27, 0xe7, 0x07, 0xea, 0x45,
  0xed, 0x25, 0xef, 0x05, 0xf2, 0x43, 0xf5, 0x23, 0xf7, 0x03, 0xfa, 0x41,
  0xfd, 0x21, 0xff, 0x01, 0x00, 0x00, 0x00, 0x00, 0x00, 0x00, 0x00, 0x00,
  0x00, 0x00, 0x00, 0x00, 0x00, 0x00, 0x00, 0x00, 0x00, 0x00, 0x00, 0x00,
  0x00, 0x00, 0x00, 0x00, 0x00, 0x00, 0x00, 0x00, 0x00, 0x00, 0x00, 0x00,
  0x00, 0x00, 0x00, 0x00, 0x00, 0x00, 0x00, 0x00, 0x00, 0x00, 0x00, 0x00,
  0x00, 0x00, 0x00, 0x00, 0x00, 0x00, 0x00, 0x00, 0x00, 0x00, 0x00, 0x00,
  0x00, 0x00, 0x00, 0x00, 0x00, 0x00, 0x00, 0x00, 0x00, 0x00, 0x00, 0x00,
  0x00, 0x00, 0x00, 0x00, 0x00, 0x00, 0x00, 0x00, 0x00, 0x00, 0x00, 0x00,
  0x00, 0x00, 0x00, 0x00, 0x00, 0x00, 0x00, 0x00, 0x00, 0x00, 0x00, 0x00,
  0x00, 0x00, 0x00, 0x00, 0x00, 0x00, 0x00, 0x00, 0x00, 0x00, 0x00, 0x00,
  0x00, 0x00, 0x00, 0x00, 0x00, 0x00, 0x00, 0x00, 0x00, 0x00, 0x00, 0x00,
  0x00, 0x00, 0x00, 0x00, 0x00, 0x00, 0x00, 0x00, 0x00, 0x00, 0x00, 0x00,
  0x00, 0x00, 0x00, 0x00, 0x00, 0x00, 0x00, 0x00, 0x00, 0x00, 0x00, 0x00,
  0x00, 0x00, 0x00, 0x00, 0x00, 0x00, 0x00, 0x00, 0x00, 0x00, 0x00, 0x00,
  0x00, 0x00, 0x00, 0x00, 0x00, 0x00, 0x00, 0x00, 0x00, 0x00, 0x00, 0x00,
  0x00, 0x00, 0x00, 0x00, 0x00, 0x00, 0x00, 0x00, 0x00, 0x00, 0x00, 0x00,
  0x00, 0x00, 0x00, 0x00, 0x00, 0x00, 0x00, 0x00, 0x00, 0x00, 0x00, 0x00,
  0x00, 0x00, 0x00, 0x00, 0x00, 0x00, 0x00, 0x00, 0x00, 0x00, 0x00, 0x00,
  0x00, 0x00, 0x00, 0x00, 0x00, 0x00, 0x00, 0x00, 0x00, 0x00, 0x00, 0x00,
  0x00, 0x00, 0x00, 0x00, 0x00, 0x00, 0x00, 0x00, 0x00, 0x00, 0x00, 0x00,
  0x00, 0x00, 0x00, 0x00, 0x00, 0x00, 0x00, 0x00, 0x00, 0x00, 0x00, 0x00,
  0x00, 0x00, 0x00, 0x00, 0x00, 0x00, 0x00, 0x00, 0x00, 0x00, 0x00, 0x00,
  0x00, 0x00, 0x00, 0x00, 0x00, 0x00, 0x00, 0x00, 0x00, 0x00, 0x00, 0x00,
  0x00, 0x00, 0x00, 0x00, 0x00, 0x00, 0x00, 0x00, 0x00, 0x00, 0x00, 0x00,
  0x00, 0x00, 0x00, 0x00, 0x00, 0x00, 0x00, 0x00, 0x00, 0x00, 0x00, 0x00,
  0x00, 0x00, 0x00, 0x00, 0x00, 0x00, 0x00, 0x00, 0x00, 0x00, 0x00, 0x00,
  0x00, 0x00, 0x00, 0x00, 0x00, 0x00, 0x00, 0x00, 0x00, 0x00, 0x00, 0x00,
  0x00, 0x00, 0x00, 0x00, 0x00, 0x00, 0x00, 0x00, 0x00, 0x00, 0x00, 0x00,
  0x00, 0x00, 0x02, 0x01, 0x04, 0x02, 0x06, 0x03, 0x08, 0x04, 0x0a, 0x05,
  0x0c, 0x06, 0x0e, 0x07, 0x10, 0x08, 0x12, 0x09, 0x14, 0x0a, 0x16, 0x0b,
  0x18, 0x0c, 0x1a, 0x0d, 0x1c, 0x0e, 0x1e, 0x0f, 0x20, 0x10, 0x22, 0x11,
  0x24, 0x12, 0x26, 0x13, 0x28, 0x14, 0x2a, 0x15, 0x2c, 0x16, 0x2e, 0x17,
  0x30, 0x18, 0x32, 0x19, 0x34, 0x1a, 0x36, 0x1b, 0x38, 0x1c, 0x3a, 0x1d,
  0x3c, 0x1e, 0x3e, 0x1f, 0x40, 0x20, 0x42, 0x21, 0x44, 0x22, 0x46, 0x23,
  0x48, 0x24, 0x4a, 0x25, 0x4c, 0x26, 0x4e, 0x27, 0x50, 0x28, 0x52, 0x29,
  0x54, 0x2a, 0x56, 0x2b, 0x58, 0x2c, 0x5a, 0x2d, 0x5c, 0x2e, 0x5e, 0x2f,
  0x60, 0x30, 0x62, 0x31, 0x64, 0x32, 0x66, 0x33, 0x68, 0x34, 0x6a, 0x35,
  0x6c, 0x36, 0x6e, 0x37, 0x70, 0x38, 0x72, 0x39, 0x74, 0x3a, 0x76, 0x3b,
  0x78, 0x3c, 0x7a, 0x3d, 0x7c, 0x3e, 0x7e, 0x3f, 0x81, 0x40, 0x83, 0x41,
  0x85, 0x42, 0x87, 0x43, 0x89, 0x44, 0x8b, 0x45, 0x8d, 0x46, 0x8f, 0x47,
  0x91, 0x48, 0x93, 0x49, 0x95, 0x4a, 0x97, 0x4b, 0x99, 0x4c, 0x9b, 0x4d,
  0x9d, 0x4e, 0x9f, 0x4f, 0xa1, 0x50, 0xa3, 0x51, 0xa5, 0x52, 0xa7, 0x53,
  0xa9, 0x54, 0xab, 0x55, 0xad, 0x56, 0xaf, 0x57, 0xb1, 0x58, 0xb3, 0x59,
  0xb5, 0x5a, 0xb7, 0x5b, 0xb9, 0x5c, 0xbb, 0x5d, 0xbd, 0x5e, 0xbf, 0x5f,
  0xc1, 0x60, 0xc3, 0x61, 0xc5, 0x62, 0xc7, 0x63, 0xc9, 0x64, 0xcb, 0x65,
  0xcd, 0x66, 0xcf, 0x67, 0xd1, 0x68, 0xd3, 0x69, 0xd5, 0x6a, 0xd7, 0x6b,
  0xd9, 0x6c, 0xdb, 0x6d, 0xdd, 0x6e, 0xdf, 0x6f, 0xe1, 0x70, 0xe3, 0x71,
  0xe5, 0x72, 0xe7, 0x73, 0xe9, 0x74, 0xeb, 0x75, 0xed, 0x76, 0xef, 0x77,
  0xf1, 0x78, 0xf3, 0x79, 0xf5, 0x7a, 0xf7, 0x7b, 0xf9, 0x7c, 0xfb, 0x7d,
  0xfd, 0x7e, 0xff, 0x7f, 0x00, 0x00, 0x00, 0x00, 0x00, 0x00, 0x00, 0x00,
  0x00, 0x00, 0x00, 0x00, 0x00, 0x00, 0x00, 0x00, 0x00, 0x00, 0x00, 0x00,
  0x00, 0x00, 0x00, 0x00, 0x00, 0x00, 0x00, 0x00, 0x00, 0x00, 0x00, 0x00,
  0x00, 0x00, 0x00, 0x00, 0x00, 0x00, 0x00, 0x00, 0x00, 0x00, 0x00, 0x00,
  0x00, 0x00, 0x00, 0x00, 0x00, 0x00, 0x00, 0x00, 0x00, 0x00, 0x00, 0x00,
  0x00, 0x00, 0x00, 0x00, 0x00, 0x00, 0x00, 0x00, 0x00, 0x00, 0x00, 0x00,
  0x00, 0x00, 0x00, 0x00, 0x00, 0x00, 0x00, 0x00, 0x00, 0x00, 0x00, 0x00,
  0x00, 0x00, 0x00, 0x00, 0x00, 0x00, 0x00, 0x00, 0x00, 0x00, 0x00, 0x00,
  0x00, 0x00, 0x00, 0x00, 0x00, 0x00, 0x00, 0x00, 0x00, 0x00, 0x00, 0x00,
  0x00, 0x00, 0x00, 0x00, 0x00, 0x00, 0x00, 0x00, 0x00, 0x00, 0x00, 0x00,
  0x00, 0x00, 0x00, 0x00, 0x00, 0x00, 0x00, 0x00, 0x00, 0x00, 0x00, 0x00,
  0x00, 0x00, 0x00, 0x00, 0x00, 0x00, 0x00, 0x00, 0x00, 0x00, 0x00, 0x00,
  0x00, 0x00, 0x00, 0x00, 0x00, 0x00, 0x00, 0x00, 0x00, 0x00, 0x00, 0x00,
  0x00, 0x00, 0x00, 0x00, 0x00, 0x00, 0x00, 0x00, 0x00, 0x00, 0x00, 0x00,
  0x00, 0x00, 0x00, 0x00, 0x00, 0x00, 0x00, 0x00, 0x00, 0x00, 0x00, 0x00,
  0x00, 0x00, 0x00, 0x00, 0x00, 0x00, 0x00, 0x00, 0x00, 0x00, 0x00, 0x00,
  0x00, 0x00, 0x00, 0x00, 0x00, 0x00, 0x00, 0x00, 0x00, 0x00, 0x00, 0x00,
  0x00, 0x00, 0x00, 0x00, 0x00, 0x00, 0x00, 0x00, 0x00, 0x00, 0x00, 0x00,
  0x00, 0x00, 0x00, 0x00, 0x00, 0x00, 0x00, 0x00, 0x00, 0x00, 0x00, 0x00,
  0x00, 0x00, 0x00, 0x00, 0x00, 0x00, 0x00, 0x00, 0x00, 0x00, 0x00, 0x00,
  0x00, 0x00, 0x00, 0x00, 0x00, 0x00, 0x00, 0x00, 0x00, 0x00, 0x00, 0x00,
  0x00, 0x00, 0x00, 0x00, 0x00, 0x00, 0x00, 0x00, 0x00, 0x00, 0x01, 0x20,
  0x03, 0x40, 0x04, 0x60, 0x06, 0x80, 0x08, 0x02, 0x09, 0x22, 0x0b, 0x42,
  0x0c, 0x62, 0x0e, 0x82, 0x10, 0x04, 0x11, 0x24, 0x13, 0x44, 0x14, 0x64,
  0x16, 0x84, 0x18, 0x06, 0x19, 0x26, 0x1b, 0x46, 0x1c, 0x66, 0x1e, 0x86,
  0x20, 0x08, 0x21, 0x28, 0x23, 0x48, 0x24, 0x68, 0x26, 0x88, 0x28, 0x0a,
  0x29, 0x2a, 0x2b, 0x4a, 0x2c, 0x6a, 0x2e, 0x8a, 0x30, 0x0c, 0x31, 0x2c,
  0x33, 0x4c, 0x34, 0x6c, 0x36, 0x8c, 0x38, 0x0e, 0x39, 0x2e, 0x3b, 0x4e,
  0x3c, 0x6e, 0x3e, 0x8e, 0x40, 0x10, 0x41, 0x30, 0x43, 0x50, 0x44, 0x70,
  0x46, 0x90, 0x48, 0x12, 0x49, 0x32, 0x4b, 0x52, 0x4c, 0x72, 0x4e, 0x92,
  0x50, 0x14, 0x51, 0x34, 0x53, 0x54, 0x54, 0x74, 0x56, 0x94, 0x58, 0x16,
  0x59, 0x36, 0x5b, 0x56, 0x5c, 0x76, 0x5e, 0x96, 0x60, 0x18, 0x61, 0x38,
  0x63, 0x58, 0x64, 0x78, 0x66, 0x98, 0x68, 0x1a, 0x69, 0x3a, 0x6b, 0x5a,
  0x6c, 0x7a, 0x6e, 0x9a, 0x70, 0x1c, 0x71, 0x3c, 0x73, 0x5c, 0x74, 0x7c,
  0x76, 0x9c, 0x78, 0x1e, 0x79, 0x3e, 0x7b, 0x5e, 0x7c, 0x7e, 0x7e, 0x9e,
  0x81, 0x9f, 0x83, 0x7f, 0x84, 0x5f, 0x86, 0x3f, 0x87, 0x1f, 0x89, 0x9d,
  0x8b, 0x7d, 0x8c, 0x5d, 0x8e, 0x3d, 0x8f, 0x1d, 0x91, 0x9b, 0x93, 0x7b,
  0x94, 0x5b, 0x96, 0x3b, 0x97, 0x1b, 0x99, 0x99, 0x9b, 0x79, 0x9c, 0x59,
  0x9e, 0x39, 0x9f, 0x19, 0xa1, 0x97, 0xa3, 0x77, 0xa4, 0x57, 0xa6, 0x37,
  0xa7, 0x17, 0xa9, 0x95, 0xab, 0x75, 0xac, 0x55, 0xae, 0x35, 0xaf, 0x15,
  0xb1, 0x93, 0xb3, 0x73, 0xb4, 0x53, 0xb6, 0x33, 0xb7, 0x13, 0xb9, 0x91,
  0xbb, 0x71, 0xbc, 0x51, 0xbe, 0x31, 0xbf, 0x11, 0xc1, 0x8f, 0xc3, 0x6f,
  0xc4, 0x4f, 0xc6, 0x2f, 0xc7, 0x0f, 0xc9, 0x8d, 0xcb, 0x6d, 0xcc, 0x4d,
  0xce, 0x2d, 0xcf, 0x0d, 0xd1, 0x8b, 0xd3, 0x6b, 0xd4, 0x4b, 0xd6, 0x2b,
  0xd7, 0x0b, 0xd9, 0x89, 0xdb, 0x69, 0xdc, 0x49, 0xde, 0x29, 0xdf, 0x09,
  0xe1, 0x87, 0xe3, 0x67, 0xe4, 0x47, 0xe6, 0x27, 0xe7, 0x07, 0xe9, 0x85,
  0xeb, 0x65, 0xec, 0x45, 0xee, 0x25, 0xef, 0x05, 0xf1, 0x83, 0xf3, 0x63,
  0xf4, 0x43, 0xf6, 0x23, 0xf7, 0x03, 0xf9, 0x81, 0xfb, 0x61, 0xfc, 0x41,
  0xfe, 0x21, 0xff, 0x01, 0x00, 0x00, 0x00, 0x00, 0x00, 0x00, 0x00, 0x00,
  0x00, 0x00, 0x00, 0x00, 0x00, 0x00, 0x00, 0x00, 0x00, 0x00, 0x00, 0x00,
  0x00, 0x00, 0x00, 0x00, 0x00, 0x00, 0x00, 0x00, 0x00, 0x00, 0x00, 0x00,
  0x00, 0x00, 0x00, 0x00, 0x00, 0x00, 0x00, 0x00, 0x00, 0x00, 0x00, 0x00,
  0x00, 0x00, 0x00, 0x00, 0x00, 0x00, 0x00, 0x00, 0x00, 0x00, 0x00, 0x00,
  0x00, 0x00, 0x00, 0x00, 0x00, 0x00, 0x00, 0x00, 0x00, 0x00, 0x00, 0x00,
  0x00, 0x00, 0x00, 0x00, 0x00, 0x00, 0x00, 0x00, 0x00, 0x00, 0x00, 0x00,
  0x00, 0x00, 0x00, 0x00, 0x00, 0x00, 0x00, 0x00, 0x00, 0x00, 0x00, 0x00,
  0x00, 0x00, 0x00, 0x00, 0x00, 0x00, 0x00, 0x00, 0x00, 0x00, 0x00, 0x00,
  0x00, 0x00, 0x00, 0x00, 0x00, 0x00, 0x00, 0x00, 0x00, 0x00, 0x00, 0x00,
  0x00, 0x00, 0x00, 0x00, 0x00, 0x00, 0x00, 0x00, 0x00, 0x00, 0x00, 0x00,
  0x00, 0x00, 0x00, 0x00, 0x00, 0x00, 0x00, 0x00, 0x00, 0x00, 0x00, 0x00,
  0x00, 0x00, 0x00, 0x00, 0x00, 0x00, 0x00, 0x00, 0x00, 0x00, 0x00, 0x00,
  0x00, 0x00, 0x00, 0x00, 0x00, 0x00, 0x00, 0x00, 0x00, 0x00, 0x00, 0x00,
  0x00, 0x00, 0x00, 0x00, 0x00, 0x00, 0x00, 0x00, 0x00, 0x00, 0x00, 0x00,
  0x00, 0x00, 0x00, 0x00, 0x00, 0x00, 0x00, 0x00, 0x00, 0x00, 0x00, 0x00,
  0x00, 0x00, 0x00, 0x00, 0x00, 0x00, 0x01, 0x40, 0x02, 0x80, 0x04, 0x02,
  0x05, 0x42, 0x06, 0x82, 0x08, 0x04, 0x09, 0x44, 0x0a, 0x84, 0x0c, 0x06,
  0x0d, 0x46, 0x0e, 0x86, 0x10, 0x08, 0x11, 0x48, 0x12, 0x88, 0x14, 0x0a,
  0x15, 0x4a, 0x16, 0x8a, 0x18, 0x0c, 0x19, 0x4c, 0x1a, 0x8c, 0x1c, 0x0e,
  0x1d, 0x4e, 0x1e, 0x8e, 0x20, 0x10, 0x21, 0x50, 0x22, 0x90, 0x24, 0x12,
  0x25, 0x52, 0x26, 0x92, 0x28, 0x14, 0x29, 0x54, 0x2a, 0x94, 0x2c, 0x16,
  0x2d, 0x56, 0x2e, 0x96, 0x30, 0x18, 0x31, 0x58, 0x32, 0x98, 0x34, 0x1a,
  0x35, 0x5a, 0x36, 0x9a, 0x38, 0x1c, 0x39, 0x5c, 0x3a, 0x9c, 0x3c, 0x1e,
  0x3d, 0x5e, 0x3e, 0x9e, 0x40, 0x20, 0x41, 0x60, 0x42, 0xa0, 0x44, 0x22,
  0x45, 0x62, 0x46, 0xa2, 0x48, 0x24, 0x49, 0x64, 0x4a, 0xa4, 0x4c, 0x26,
  0x4d, 0x66, 0x4e, 0xa6, 0x50, 0x28, 0x51, 0x68, 0x52, 0xa8, 0x54, 0x2a,
  0x55, 0x6a, 0x56, 0xaa, 0x58, 0x2c, 0x59, 0x6c, 0x5a, 0xac, 0x5c, 0x2e,
  0x5d, 0x6e, 0x5e, 0xae, 0x60, 0x30, 0x61, 0x70, 0x62, 0xb0, 0x64, 0x32,
  0x65, 0x72, 0x66, 0xb2, 0x68, 0x34, 0x69, 0x74, 0x6a, 0xb4, 0x6c, 0x36,
  0x6d, 0x76, 0x6e, 0xb6, 0x70, 0x38, 0x71, 0x78, 0x72, 0xb8, 0x74, 0x3a,
  0x75, 0x7a, 0x76, 0xba, 0x78, 0x3c, 0x79, 0x7c, 0x7a, 0xbc, 0x7c, 0x3e,
  0x7d, 0x7e, 0x7e, 0xbe, 0x81, 0xbf, 0x82, 0x7f, 0x83, 0x3f, 0x85, 0xbd,
  0x86, 0x7d, 0x87, 0x3d, 0x89, 0xbb, 0x8a, 0x7b, 0x8b, 0x3b, 0x8d, 0xb9,
  0x8e, 0x79, 0x8f, 0x39, 0x91, 0xb7, 0x92, 0x77, 0x93, 0x37, 0x95, 0xb5,
  0x96, 0x75, 0x97, 0x35, 0x99, 0xb3, 0x9a, 0x73, 0x9b, 0x33, 0x9d, 0xb1,
  0x9e, 0x71, 0x9f, 0x31, 0xa1, 0xaf, 0xa2, 0x6f, 0xa3, 0x2f, 0xa5, 0xad,
  0xa6, 0x6d, 0xa7, 0x2d, 0xa9, 0xab, 0xaa, 0x6b, 0xab, 0x2b, 0xad, 0xa9,
  0xae, 0x69, 0xaf, 0x29, 0xb1, 0xa7, 0xb2, 0x67, 0xb3, 0x27, 0xb5, 0xa5,
  0xb6, 0x65, 0xb7, 0x25, 0xb9, 0xa3, 0xba, 0x63, 0xbb, 0x23, 0xbd, 0xa1,
  0xbe, 0x61, 0xbf, 0x21, 0xc1, 0x9f, 0xc2, 0x5f, 0xc3, 0x1f, 0xc5, 0x9d,
  0xc6, 0x5d, 0xc7, 0x1d, 0xc9, 0x9b, 0xca, 0x5b, 0xcb, 0x1b, 0xcd, 0x99,
  0xce, 0x59, 0xcf, 0x19, 0xd1, 0x97, 0xd2, 0x57, 0xd3, 0x17, 0xd5, 0x95,
  0xd6, 0x55, 0xd7, 0x15, 0xd9, 0x93, 0xda, 0x53, 0xdb, 0x13, 0xdd, 0x91,
  0xde, 0x51, 0xdf, 0x11, 0xe1, 0x8f, 0xe2, 0x4f, 0xe3, 0x0f, 0xe5, 0x8d,
  0xe6, 0x4d, 0xe7, 0x0d, 0xe9, 0x8b, 0xea, 0x4b, 0xeb, 0x0b, 0xed, 0x89,
  0xee, 0x49, 0xef, 0x09, 0xf1, 0x87, 0xf2, 0x47, 0xf3, 0x07, 0xf5, 0x85,
  0xf6, 0x45, 0xf7, 0x05, 0xf9, 0x83, 0xfa, 0x43, 0xfb, 0x03, 0xfd, 0x81,
  0xfe, 0x41, 0xff, 0x01, 0x00, 0x00, 0x00, 0x00, 0x00, 0x00, 0x00, 0x00,
  0x00, 0x00, 0x00, 0x00, 0x00, 0x00, 0x00, 0x00, 0x00, 0x00, 0x00, 0x00,
  0x00, 0x00, 0x00, 0x00, 0x00, 0x00, 0x00, 0x00, 0x00, 0x00, 0x00, 0x00,
  0x00, 0x00, 0x00, 0x00, 0x00, 0x00, 0x00, 0x00, 0x00, 0x00, 0x00, 0x00,
  0x00, 0x00, 0x00, 0x00, 0x00, 0x00, 0x00, 0x00, 0x00, 0x00, 0x00, 0x00,
  0x00, 0x00, 0x00, 0x00, 0x00, 0x00, 0x00, 0x00, 0x00, 0x00, 0x00, 0x00,
  0x00, 0x00, 0x00, 0x00, 0x00, 0x00, 0x00, 0x00, 0x00, 0x00, 0x00, 0x00,
  0x00, 0x00, 0x00, 0x00, 0x00, 0x00, 0x00, 0x00, 0x00, 0x00, 0x00, 0x00,
  0x00, 0x00, 0x00, 0x00, 0x00, 0x00, 0x00, 0x00, 0x00, 0x00, 0x00, 0x00,
  0x00, 0x00, 0x00, 0x00, 0x00, 0x00, 0x00, 0x00, 0x00, 0x00, 0x00, 0x00,
  0x00, 0x00, 0x00, 0x00, 0x00, 0x00, 0x00, 0x00, 0x00, 0x00, 0x00, 0x00,
  0x00, 0x00, 0x01, 0x01, 0x02, 0x02, 0x03, 0x03, 0x04, 0x04, 0x05, 0x05,
  0x06, 0x06, 0x07, 0x07, 0x08, 0x08, 0x09, 0x09, 0x0a, 0x0a, 0x0b, 0x0b,
  0x0c, 0x0c, 0x0d, 0x0d, 0x0e, 0x0e, 0x0f, 0x0f, 0x10, 0x10, 0x11, 0x11,
  0x12, 0x12, 0x13, 0x13, 0x14, 0x14, 0x15, 0x15, 0x16, 0x16, 0x17, 0x17,
  0x18, 0x18, 0x19, 0x19, 0x1a, 0x1a, 0x1b, 0x1b, 0x1c, 0x1c, 0x1d, 0x1d,
  0x1e, 0x1e, 0x1f, 0x1f, 0x20, 0x20, 0x21, 0x21, 0x22, 0x22, 0x23, 0x23,
  0x24, 0x24, 0x25, 0x25, 0x26, 0x26, 0x27, 0x27, 0x28, 0x28, 0x29, 0x29,
  0x2a, 0x2a, 0x2b, 0x2b, 0x2c, 0x2c, 0x2d, 0x2d, 0x2e, 0x2e, 0x2f, 0x2f,
  0x30, 0x30, 0x31, 0x31, 0x32, 0x32, 0x33, 0x33, 0x34, 0x34, 0x35, 0x35,
  0x36, 0x36, 0x37, 0x37, 0x38, 0x38, 0x39, 0x39, 0x3a, 0x3a, 0x3b, 0x3b,
  0x3c, 0x3c, 0x3d, 0x3d, 0x3e, 0x3e, 0x3f, 0x3f, 0x40, 0x40, 0x41, 0x41,
  0x42, 0x42, 0x43, 0x43, 0x44, 0x44, 0x45, 0x45, 0x46, 0x46, 0x47, 0x47,
  0x48, 0x48, 0x49, 0x49, 0x4a, 0x4a, 0x4b, 0x4b, 0x4c, 0x4c, 0x4d, 0x4d,
  0x4e, 0x4e, 0x4f, 0x4f, 0x50, 0x50, 0x51, 0x51, 0x52, 0x52, 0x53, 0x53,
  0x54, 0x54, 0x55, 0x55, 0x56, 0x56, 0x57, 0x57, 0x58, 0x58, 0x59, 0x59,
  0x5a, 0x5a, 0x5b, 0x5b, 0x5c, 0x5c, 0x5d, 0x5d, 0x5e, 0x5e, 0x5f, 0x5f,
  0x60, 0x60, 0x61, 0x61, 0x62, 0x62, 0x63, 0x63, 0x64, 0x64, 0x65, 0x65,
  0x66, 0x66, 0x67, 0x67, 0x68, 0x68, 0x69, 0x69, 0x6a, 0x6a, 0x6b, 0x6b,
  0x6c, 0x6c, 0x6d, 0x6d, 0x6e, 0x6e, 0x6f, 0x6f, 0x70, 0x70, 0x71, 0x71,
  0x72, 0x72, 0x73, 0x73, 0x74, 0x74, 0x75, 0x75, 0x76, 0x76, 0x77, 0x77,
  0x78, 0x78, 0x79, 0x79, 0x7a, 0x7a, 0x7b, 0x7b, 0x7c, 0x7c, 0x7d, 0x7d,
  0x7e, 0x7e, 0x7f, 0x7f, 0x80, 0x80, 0x81, 0x81, 0x82, 0x82, 0x83, 0x83,
  0x84, 0x84, 0x85, 0x85, 0x86, 0x86, 0x87, 0x87, 0x88, 0x88, 0x89, 0x89,
  0x8a, 0x8a, 0x8b, 0x8b, 0x8c, 0x8c, 0x8d, 0x8d, 0x8e, 0x8e, 0x8f, 0x8f,
  0x90, 0x90, 0x91, 0x91, 0x92, 0x92, 0x93, 0x93, 0x94, 0x94, 0x95, 0x95,
  0x96, 0x96, 0x97, 0x97, 0x98, 0x98, 0x99, 0x99, 0x9a, 0x9a, 0x9b, 0x9b,
  0x9c, 0x9c, 0x9d, 0x9d, 0x9e, 0x9e, 0x9f, 0x9f, 0xa0, 0xa0, 0xa1, 0xa1,
  0xa2, 0xa2, 0xa3, 0xa3, 0xa4, 0xa4, 0xa5, 0xa5, 0xa6, 0xa6, 0xa7, 0xa7,
  0xa8, 0xa8, 0xa9, 0xa9, 0xaa, 0xaa, 0xab, 0xab, 0xac, 0xac, 0xad, 0xad,
  0xae, 0xae, 0xaf, 0xaf, 0xb0, 0xb0, 0xb1, 0xb1, 0xb2, 0xb2, 0xb3, 0xb3,
  0xb4, 0xb4, 0xb5, 0xb5, 0xb6, 0xb6, 0xb7, 0xb7, 0xb8, 0xb8, 0xb9, 0xb9,
  0xba, 0xba, 0xbb, 0xbb, 0xbc, 0xbc, 0xbd, 0xbd, 0xbe, 0xbe, 0xbf, 0xbf,
  0xc0, 0xc0, 0xc1, 0xc1, 0xc2, 0xc2, 0xc3, 0xc3, 0xc4, 0xc4, 0xc5, 0xc5,
  0xc6, 0xc6, 0xc7, 0xc7, 0xc8, 0xc8, 0xc9, 0xc9, 0xca, 0xca, 0xcb, 0xcb,
  0xcc, 0xcc, 0xcd, 0xcd, 0xce, 0xce, 0xcf, 0xcf, 0xd0, 0xd0, 0xd1, 0xd1,
  0xd2, 0xd2, 0xd3, 0xd3, 0xd4, 0xd4, 0xd5, 0xd5, 0xd6, 0xd6, 0xd7, 0xd7,
  0xd8, 0xd8, 0xd9, 0xd9, 0xda, 0xda, 0xdb, 0xdb, 0xdc, 0xdc, 0xdd, 0xdd,
  0xde, 0xde, 0xdf, 0xdf, 0xe0, 0xe0, 0xe1, 0xe1, 0xe2, 0xe2, 0xe3, 0xe3,
  0xe4, 0xe4, 0xe5, 0xe5, 0xe6, 0xe6, 0xe7, 0xe7, 0xe8, 0xe8, 0xe9, 0xe9,
  0xea, 0xea, 0xeb, 0xeb, 0xec, 0xec, 0xed, 0xed, 0xee, 0xee, 0xef, 0xef,
  0xf0, 0xf0, 0xf1, 0xf1, 0xf2, 0xf2, 0xf3, 0xf3, 0xf4, 0xf4, 0xf5, 0xf5,
  0xf6, 0xf6, 0xf7, 0xf7, 0xf8, 0xf8, 0xf9, 0xf9, 0xfa, 0xfa, 0xfb, 0xfb,
  0xfc, 0xfc, 0xfd, 0xfd, 0xfe, 0xfe, 0xff, 0xff, 0x00, 0x00, 0x00, 0x00,
  0x00, 0x00, 0x00, 0x00, 0x00, 0x00, 0x00, 0x00, 0x00, 0x00, 0x00, 0x00,
  0x00, 0x00, 0x00, 0x00, 0x00, 0x00, 0x00, 0x00, 0x00, 0x00, 0x00, 0x00,
  0x00, 0x00, 0x00, 0x00, 0x00, 0x00, 0x00, 0x00, 0x00, 0x00, 0x00, 0x00,
  0x00, 0x00, 0x00, 0x00, 0x00, 0x00, 0x00, 0x00, 0x00, 0x00, 0x00, 0x00,
  0x00, 0x00, 0x00, 0x00, 0x00, 0x00, 0x00, 0x00, 0x00, 0x00, 0x00, 0x00,
  0x00, 0x00, 0x00, 0x00, 0x00, 0x00, 0x00, 0x00, 0x00, 0x00, 0x00, 0x00,
  0x00, 0x00, 0x00, 0x00, 0x00, 0x00, 0x00, 0x00, 0x00, 0x00, 0x00, 0x00,
  0x00, 0x00, 0x00, 0x00, 0x00, 0x00, 0x00, 0x00, 0x00, 0x00, 0x00, 0x00,
  0x00, 0x00, 0x00, 0x00, 0x00, 0x00, 0x00, 0x00, 0x00, 0x00, 0x00, 0x00,
  0x00, 0x00, 0x00, 0x00, 0x00, 0x00, 0x00, 0x00, 0x00, 0x00, 0x00, 0x00,
  0x00, 0x00, 0x00, 0x00, 0x01, 0x01, 0x01, 0x01, 0x01, 0x01, 0x01, 0x01,
  0x01, 0x01, 0x01, 0x01, 0x01, 0x01, 0x01, 0x01, 0x01, 0x01, 0x01, 0x01,
  0x01, 0x01, 0x01, 0x01, 0x01, 0x01, 0x01, 0x01, 0x01, 0x01, 0x01, 0x01,
  0x01, 0x01, 0x01, 0x01, 0x01, 0x01, 0x01, 0x01, 0x01, 0x01, 0x01, 0x01,
  0x01, 0x01, 0x01, 0x01, 0x01, 0x01, 0x01, 0x01, 0x01, 0x01, 0x01, 0x01,
  0x01, 0x01, 0x01, 0x01, 0x01, 0x01, 0x01, 0x01, 0x01, 0x01, 0x01, 0x01,
  0x01, 0x01, 0x01, 0x01, 0x01, 0x01, 0x01, 0x01, 0x01, 0x01, 0x01, 0x01,
  0x01, 0x01, 0x01, 0x01, 0x01, 0x01, 0x01, 0x01, 0x01, 0x01, 0x01, 0x01,
  0x01, 0x01, 0x01, 0x01, 0x01, 0x01, 0x01, 0x01, 0x01, 0x01, 0x01, 0x01,
  0x01, 0x01, 0x01, 0x01, 0x01, 0x01, 0x01, 0x01, 0x01, 0x01, 0x01, 0x01,
  0x01, 0x01, 0x01, 0x01, 0x01, 0x01, 0x01, 0x01, 0x01, 0x01, 0x01, 0x01,
  0x00, 0x00, 0x00, 0x00, 0x00, 0x00, 0x00, 0x00, 0x00, 0x00, 0x00, 0x00,
  0x00, 0x00, 0x00, 0x00, 0x00, 0x00, 0x00, 0x00, 0x00, 0x00, 0x00, 0x00,
  0x00, 0x00, 0x00, 0x00, 0x00, 0x00, 0x00, 0x00, 0x00, 0x00, 0x00, 0x00,
  0x00, 0x00, 0x00, 0x00, 0x00, 0x00, 0x00, 0x00, 0x00, 0x00, 0x00, 0x00,
  0x00, 0x00, 0x00, 0x00, 0x00, 0x00, 0x00, 0x00, 0x00, 0x00, 0x00, 0x00,
  0x00, 0x00, 0x00, 0x00, 0x00, 0x00, 0x00, 0x00, 0x00, 0x00, 0x00, 0x00,
  0x00, 0x00, 0x00, 0x00, 0x00, 0x00, 0x00, 0x00, 0x00, 0x00, 0x00, 0x00,
  0x00, 0x00, 0x00, 0x00, 0x00, 0x00, 0x00, 0x00, 0x00, 0x00, 0x00, 0x00,
  0x00, 0x00, 0x00, 0x00, 0x00, 0x00, 0x00, 0x00, 0x00, 0x00, 0x00, 0x00,
  0x00, 0x00, 0x00, 0x00, 0x00, 0x00, 0x00, 0x00, 0x00, 0x00, 0x00, 0x00,
  0x00, 0x00, 0x00, 0x00, 0x00, 0x00, 0x00, 0x00, 0x00, 0x00, 0x00, 0x00,
  0x00, 0x00, 0x00, 0x00, 0x00, 0x00, 0x00, 0x00, 0x00, 0x00, 0x00, 0x00,
  0x00, 0x00, 0x00, 0x00, 0x00, 0x00, 0x00, 0x00, 0x00, 0x00, 0x00, 0x00,
  0x00, 0x00, 0x00, 0x00, 0x00, 0x00, 0x00, 0x00, 0x00, 0x00, 0x00, 0x00,
  0x00, 0x00, 0x00, 0x00, 0x00, 0x00, 0x00, 0x00, 0x00, 0x00, 0x00, 0x00,
  0x00, 0x00, 0x00, 0x00, 0x00, 0x00, 0x00, 0x00, 0x00, 0x00, 0x00, 0x00,
  0x00, 0x00, 0x00, 0x00, 0x00, 0x00, 0x00, 0x00, 0x00, 0x00, 0x00, 0x00,
  0x00, 0x00, 0x00, 0x00, 0x00, 0x00, 0x00, 0x00, 0x00, 0x00, 0x00, 0x00,
  0x00, 0x00, 0x00, 0x00, 0x00, 0x00, 0x00, 0x00, 0x00, 0x00, 0x00, 0x00,
  0x00, 0x00, 0x00, 0x00, 0x00, 0x00, 0x00, 0x00, 0x00, 0x00, 0x00, 0x00,
  0x00, 0x00, 0x00, 0x00, 0x00, 0x00, 0x00, 0x00, 0x00, 0x00, 0x00, 0x00,
  0x00, 0x00, 0x00, 0x00, 0x00, 0x00, 0x00, 0x00, 0x00, 0x00, 0x00, 0x00,
  0x00, 0x00, 0x00, 0x00, 0x00, 0x00, 0x00, 0x00, 0x00, 0x00, 0x00, 0x00,
  0x00, 0x00, 0x00, 0x00, 0x00, 0x00, 0x00, 0x00, 0x00, 0x00, 0x00, 0x00,
  0x00, 0x00, 0x00, 0x00, 0x00, 0x00, 0x00, 0x00, 0x00, 0x00, 0x00, 0x01,
  0x01, 0x01, 0x01, 0x01, 0x01, 0x01, 0x01, 0x01, 0x01, 0x01, 0x01, 0x01,
  0x01, 0x01, 0x01, 0x01, 0x01, 0x01, 0x01, 0x01, 0x01, 0x01, 0x01, 0x01,
  0x01, 0x01, 0x01, 0x01, 0x01, 0x01, 0x01, 0x01, 0x01, 0x01, 0x01, 0x01,
  0x01, 0x01, 0x01, 0x01, 0x01, 0x01, 0x01, 0x01, 0x01, 0x01, 0x01, 0x01,
  0x01, 0x01, 0x01, 0x01, 0x01, 0x01, 0x01, 0x01, 0x01, 0x01, 0x01, 0x01,
  0x01, 0x01, 0x01, 0x01, 0x01, 0x01, 0x01, 0x01, 0x01, 0x01, 0x01, 0x01,
  0x01, 0x01, 0x01, 0x01, 0x01, 0x01, 0x01, 0x01, 0x01, 0x01, 0x01, 0x01,
  0x02, 0x02, 0x02, 0x02, 0x02, 0x02, 0x02, 0x02, 0x02, 0x02, 0x02, 0x02,
  0x02, 0x02, 0x02, 0x02, 0x02, 0x02, 0x02, 0x02, 0x02, 0x02, 0x02, 0x02,
  0x02, 0x02, 0x02, 0x02, 0x02, 0x02, 0x02, 0x02, 0x02, 0x02, 0x02, 0x02,
  0x02, 0x02, 0x02, 0x02, 0x02, 0x02, 0x02, 0x02, 0x02, 0x02, 0x02, 0x02,
  0x02, 0x02, 0x02, 0x02, 0x02, 0x02, 0x02, 0x02, 0x02, 0x02, 0x02, 0x02,
  0x02, 0x02, 0x02, 0x02, 0x02, 0x02, 0x02, 0x02, 0x02, 0x02, 0x02, 0x02,
  0x02, 0x02, 0x02, 0x02, 0x02, 0x02, 0x02, 0x02, 0x02, 0x02, 0x02, 0x02,
  0x02, 0x03, 0x03, 0x03, 0x03, 0x03, 0x03, 0x03, 0x03, 0x03, 0x03, 0x03,
  0x03, 0x03, 0x03, 0x03, 0x03, 0x03, 0x03, 0x03, 0x03, 0x03, 0x03, 0x03,
  0x03, 0x03, 0x03, 0x03, 0x03, 0x03, 0x03, 0x03, 0x03, 0x03, 0x03, 0x03,
  0x03, 0x03, 0x03, 0x03, 0x03, 0x03, 0x03, 0x03, 0x00, 0x00, 0x00, 0x00,
  0x00, 0x00, 0x00, 0x00, 0x00, 0x00, 0x00, 0x00, 0x00, 0x00, 0x00, 0x00,
  0x00, 0x00, 0x00, 0x00, 0x00, 0x00, 0x00, 0x00, 0x00, 0x00, 0x00, 0x00,
  0x00, 0x00, 0x00, 0x00, 0x00, 0x00, 0x00, 0x00, 0x00, 0x00, 0x00, 0x00,
  0x00, 0x00, 0x00, 0x00, 0x00, 0x00, 0x00, 0x00, 0x00, 0x00, 0x00, 0x00,
  0x00, 0x00, 0x00, 0x00, 0x00, 0x00, 0x00, 0x00, 0x00, 0x00, 0x00, 0x00,
  0x00, 0x00, 0x00, 0x00, 0x00, 0x00, 0x00, 0x00, 0x00, 0x00, 0x00, 0x00,
  0x00, 0x00, 0x00, 0x00, 0x00, 0x00, 0x00, 0x00, 0x00, 0x00, 0x00, 0x00,
  0x00, 0x00, 0x00, 0x00, 0x00, 0x00, 0x00, 0x00, 0x00, 0x00, 0x00, 0x00,
  0x00, 0x00, 0x00, 0x00, 0x00, 0x00, 0x00, 0x00, 0x00, 0x00, 0x00, 0x00,
  0x00, 0x00, 0x00, 0x00, 0x00, 0x00, 0x00, 0x00, 0x00, 0x00, 0x00, 0x00,
  0x00, 0x00, 0x00, 0x00, 0x00, 0x00, 0x00, 0x00, 0x00, 0x00, 0x00, 0x00,
  0x00, 0x00, 0x00, 0x00, 0x00, 0x00, 0x00, 0x00, 0x00, 0x00, 0x00, 0x00,
  0x00, 0x00, 0x00, 0x00, 0x00, 0x00, 0x00, 0x00, 0x00, 0x00, 0x00, 0x00,
  0x00, 0x00, 0x00, 0x00, 0x00, 0x00, 0x00, 0x00, 0x00, 0x00, 0x00, 0x00,
  0x00, 0x00, 0x00, 0x00, 0x00, 0x00, 0x00, 0x00, 0x00, 0x00, 0x00, 0x00,
  0x00, 0x00, 0x00, 0x00, 0x00, 0x00, 0x00, 0x00, 0x00, 0x00, 0x00, 0x00,
  0x00, 0x00, 0x00, 0x00, 0x00, 0x00, 0x00, 0x00, 0x00, 0x00, 0x00, 0x00,
  0x00, 0x00, 0x00, 0x00, 0x00, 0x00, 0x00, 0x00, 0x00, 0x00, 0x00, 0x00,
  0x00, 0x00, 0x00, 0x00, 0x00, 0x00, 0x00, 0x00, 0x00, 0x00, 0x00, 0x00,
  0x00, 0x00, 0x00, 0x00, 0x00, 0x00, 0x00, 0x00, 0x00, 0x00, 0x00, 0x00,
  0x00, 0x00, 0x00, 0x00, 0x00, 0x00, 0x00, 0x00, 0x00, 0x00, 0x00, 0x00,
  0x00, 0x00, 0x00, 0x00, 0x00, 0x00, 0x00, 0x00, 0x00, 0x00, 0x00, 0x00,
  0x00, 0x00, 0x00, 0x00, 0x00, 0x00, 0x00, 0x00, 0x00, 0x00, 0x00, 0x00,
  0x00, 0x00, 0x01, 0x01, 0x01, 0x01, 0x01, 0x01, 0x01, 0x01, 0x01, 0x01,
  0x01, 0x01, 0x01, 0x01, 0x01, 0x01, 0x01, 0x01, 0x01, 0x01, 0x01, 0x01,
  0x01, 0x01, 0x01, 0x01, 0x01, 0x01, 0x01, 0x01, 0x01, 0x01, 0x01, 0x01,
  0x01, 0x01, 0x01, 0x01, 0x01, 0x01, 0x01, 0x01, 0x01, 0x01, 0x01, 0x01,
  0x01, 0x01, 0x01, 0x01, 0x01, 0x02, 0x02, 0x02, 0x02, 0x02, 0x02, 0x02,
  0x02, 0x02, 0x02, 0x02, 0x02, 0x02, 0x02, 0x02, 0x02, 0x02, 0x02, 0x02,
  0x02, 0x02, 0x02, 0x02, 0x02, 0x02, 0x02, 0x02, 0x02, 0x02, 0x02, 0x02,
  0x02, 0x02, 0x02, 0x02, 0x02, 0x02, 0x02, 0x02, 0x02, 0x02, 0x02, 0x02,
  0x02, 0x02, 0x02, 0x02, 0x02, 0x02, 0x02, 0x02, 0x03, 0x03, 0x03, 0x03,
  0x03, 0x03, 0x03, 0x03, 0x03, 0x03, 0x03, 0x03, 0x03, 0x03, 0x03, 0x03,
  0x03, 0x03, 0x03, 0x03, 0x03, 0x03, 0x03, 0x03, 0x03, 0x03, 0x03, 0x03,
  0x03, 0x03, 0x03, 0x03, 0x03, 0x03, 0x03, 0x03, 0x03, 0x03, 0x03, 0x03,
  0x03, 0x03, 0x03, 0x03, 0x03, 0x03, 0x03, 0x03, 0x03, 0x03, 0x03, 0x04,
  0x04, 0x04, 0x04, 0x04, 0x04, 0x04, 0x04, 0x04, 0x04, 0x04, 0x04, 0x04,
  0x04, 0x04, 0x04, 0x04, 0x04, 0x04, 0x04, 0x04, 0x04, 0x04, 0x04, 0x04,
  0x04, 0x04, 0x04, 0x04, 0x04, 0x04, 0x04, 0x04, 0x04, 0x04, 0x04, 0x04,
  0x04, 0x04, 0x04, 0x04, 0x04, 0x04, 0x04, 0x04, 0x04, 0x04, 0x04, 0x04,
  0x04, 0x04, 0x05, 0x05, 0x05, 0x05, 0x05, 0x05, 0x05, 0x05, 0x05, 0x05,
  0x05, 0x05, 0x05, 0x05, 0x05, 0x05, 0x05, 0x05, 0x05, 0x05, 0x05, 0x05,
  0x05, 0x05, 0x05, 0x05, 0x00, 0x00, 0x00, 0x00, 0x00, 0x00, 0x00, 0x00,
  0x00, 0x00, 0x00, 0x00, 0x00, 0x00, 0x00, 0x00, 0x00, 0x00, 0x00, 0x01,
  0x01, 0x01, 0x01, 0x01, 0x01, 0x01, 0x01, 0x01, 0x01, 0x01, 0x01, 0x01,
  0x01, 0x01, 0x01, 0x01, 0x01, 0x01, 0x01, 0x01, 0x01, 0x01, 0x01, 0x01,
  0x01, 0x01, 0x01, 0x01, 0x01, 0x01, 0x01, 0x01, 0x01, 0x01, 0x01, 0x02,
  0x02, 0x02, 0x02, 0x02, 0x02, 0x02, 0x02, 0x02, 0x02, 0x02, 0x02, 0x02,
  0x02, 0x02, 0x02, 0x02, 0x02, 0x02, 0x02, 0x02, 0x02, 0x02, 0x02, 0x02,
  0x02, 0x02, 0x02, 0x02, 0x02, 0x02, 0x02, 0x02, 0x02, 0x02, 0x02, 0x02,
  0x03, 0x03, 0x03, 0x03, 0x03, 0x03, 0x03, 0x03, 0x03, 0x03, 0x03, 0x03,
  0x03, 0x03, 0x03, 0x03, 0x03, 0x03, 0x03, 0x03, 0x03, 0x03, 0x03, 0x03,
  0x03, 0x03, 0x03, 0x03, 0x03, 0x03, 0x03, 0x03, 0x03, 0x03, 0x03, 0x03,
  0x04, 0x04, 0x04, 0x04, 0x04, 0x04, 0x04, 0x04, 0x04, 0x04, 0x04, 0x04,
  0x04, 0x04, 0x04, 0x04, 0x04, 0x04, 0x04, 0x04, 0x04, 0x04, 0x04, 0x04,
  0x04, 0x04, 0x04, 0x04, 0x04, 0x04, 0x04, 0x04, 0x04, 0x04, 0x04, 0x04,
  0x04, 0x05, 0x05, 0x05, 0x05, 0x05, 0x05, 0x05, 0x05, 0x05, 0x05, 0x05,
  0x05, 0x05, 0x05, 0x05, 0x05, 0x05, 0x05, 0x05, 0x05, 0x05, 0x05, 0x05,
  0x05, 0x05, 0x05, 0x05, 0x05, 0x05, 0x05, 0x05, 0x05, 0x05, 0x05, 0x05,
  0x05, 0x06, 0x06, 0x06, 0x06, 0x06, 0x06, 0x06, 0x06, 0x06, 0x06, 0x06,
  0x06, 0x06, 0x06, 0x06, 0x06, 0x06, 0x06, 0x06, 0x06, 0x06, 0x06, 0x06,
  0x06, 0x06, 0x06, 0x06, 0x06, 0x06, 0x06, 0x06, 0x06, 0x06, 0x06, 0x06,
  0x06, 0x06, 0x07, 0x07, 0x07, 0x07, 0x07, 0x07, 0x07, 0x07, 0x07, 0x07,
  0x07, 0x07, 0x07, 0x07, 0x07, 0x07, 0x07, 0x07, 0x00, 0x00, 0x00, 0x00,
  0x00, 0x00, 0x00, 0x00, 0x00, 0x00, 0x00, 0x00, 0x00, 0x00, 0x00, 0x01,
  0x01, 0x01, 0x01, 0x01, 0x01, 0x01, 0x01, 0x01, 0x01, 0x01, 0x01, 0x01,
  0x01, 0x01, 0x01, 0x01, 0x01, 0x01, 0x01, 0x01, 0x01, 0x01, 0x01, 0x01,
  0x01, 0x01, 0x01, 0x02, 0x02, 0x02, 0x02, 0x02, 0x02, 0x02, 0x02, 0x02,
  0x02, 0x02, 0x02, 0x02, 0x02, 0x02, 0x02, 0x02, 0x02, 0x02, 0x02, 0x02,
  0x02, 0x02, 0x02, 0x02, 0x02, 0x02, 0x02, 0x03, 0x03, 0x03, 0x03, 0x03,
  0x03, 0x03, 0x03, 0x03, 0x03, 0x03, 0x03, 0x03, 0x03, 0x03, 0x03, 0x03,
  0x03, 0x03, 0x03, 0x03, 0x03, 0x03, 0x03, 0x03, 0x03, 0x03, 0x03, 0x04,
  0x04, 0x04, 0x04, 0x04, 0x04, 0x04, 0x04, 0x04, 0x04, 0x04, 0x04, 0x04,
  0x04, 0x04, 0x04, 0x04, 0x04, 0x04, 0x04, 0x04, 0x04, 0x04, 0x04, 0x04,
  0x04, 0x04, 0x04, 0x04, 0x05, 0x05, 0x05, 0x05, 0x05, 0x05, 0x05, 0x05,
  0x05, 0x05, 0x05, 0x05, 0x05, 0x05, 0x05, 0x05, 0x05, 0x05, 0x05, 0x05,
  0x05, 0x05, 0x05, 0x05, 0x05, 0x05, 0x05, 0x05, 0x05, 0x06, 0x06, 0x06,
  0x06, 0x06, 0x06, 0x06, 0x06, 0x06, 0x06, 0x06, 0x06, 0x06, 0x06, 0x06,
  0x06, 0x06, 0x06, 0x06, 0x06, 0x06, 0x06, 0x06, 0x06, 0x06, 0x06, 0x06,
  0x06, 0x06, 0x07, 0x07, 0x07, 0x07, 0x07, 0x07, 0x07, 0x07, 0x07, 0x07,
  0x07, 0x07, 0x07, 0x07, 0x07, 0x07, 0x07, 0x07, 0x07, 0x07, 0x07, 0x07,
  0x07, 0x07, 0x07, 0x07, 0x07, 0x07, 0x08, 0x08, 0x08, 0x08, 0x08, 0x08,
  0x08, 0x08, 0x08, 0x08, 0x08, 0x08, 0x08, 0x08, 0x08, 0x08, 0x08, 0x08,
  0x08, 0x08, 0x08, 0x08, 0x08, 0x08, 0x08, 0x08, 0x08, 0x08, 0x09, 0x09,
  0x09, 0x09, 0x09, 0x09, 0x09, 0x09, 0x09, 0x09, 0x09, 0x09, 0x09, 0x09,
  0x00, 0x00, 0x00, 0x00, 0x00, 0x00, 0x00, 0x00, 0x00, 0x00, 0x00, 0x00,
  0x01, 0x01, 0x01, 0x01, 0x01, 0x01, 0x01, 0x01, 0x01, 0x01, 0x01, 0x01,
  0x01, 0x01, 0x01, 0x01, 0x01, 0x01, 0x01, 0x01, 0x01, 0x01, 0x01, 0x02,
  0x02, 0x02, 0x02, 0x02, 0x02, 0x02, 0x02, 0x02, 0x02, 0x02, 0x02, 0x02,
  0x02, 0x02, 0x02, 0x02, 0x02, 0x02, 0x02, 0x02, 0x02, 0x02, 0x03, 0x03,
  0x03, 0x03, 0x03, 0x03, 0x03, 0x03, 0x03, 0x03, 0x03, 0x03, 0x03, 0x03,
  0x03, 0x03, 0x03, 0x03, 0x03, 0x03, 0x03, 0x03, 0x03, 0x04, 0x04, 0x04,
  0x04, 0x04, 0x04, 0x04, 0x04, 0x04, 0x04, 0x04, 0x04, 0x04, 0x04, 0x04,
  0x04, 0x04, 0x04, 0x04, 0x04, 0x04, 0x04, 0x04, 0x04, 0x05, 0x05, 0x05,
  0x05, 0x05, 0x05, 0x05, 0x05, 0x05, 0x05, 0x05, 0x05, 0x05, 0x05, 0x05,
  0x05, 0x05, 0x05, 0x05, 0x05, 0x05, 0x05, 0x05, 0x06, 0x06, 0x06, 0x06,
  0x06, 0x06, 0x06, 0x06, 0x06, 0x06, 0x06, 0x06, 0x06, 0x06, 0x06, 0x06,
  0x06, 0x06, 0x06, 0x06, 0x06, 0x06, 0x06, 0x06, 0x07, 0x07, 0x07, 0x07,
  0x07, 0x07, 0x07, 0x07, 0x07, 0x07, 0x07, 0x07, 0x07, 0x07, 0x07, 0x07,
  0x07, 0x07, 0x07, 0x07, 0x07, 0x07, 0x07, 0x08, 0x08, 0x08, 0x08, 0x08,
  0x08, 0x08, 0x08, 0x08, 0x08, 0x08, 0x08, 0x08, 0x08, 0x08, 0x08, 0x08,
  0x08, 0x08, 0x08, 0x08, 0x08, 0x08, 0x09, 0x09, 0x09, 0x09, 0x09, 0x09,
  0x09, 0x09, 0x09, 0x09, 0x09, 0x09, 0x09, 0x09, 0x09, 0x09, 0x09, 0x09,
  0x09, 0x09, 0x09, 0x09, 0x09, 0x0a, 0x0a, 0x0a, 0x0a, 0x0a, 0x0a, 0x0a,
  0x0a, 0x0a, 0x0a, 0x0a, 0x0a, 0x0a, 0x0a, 0x0a, 0x0a, 0x0a, 0x0a, 0x0a,
  0x0a, 0x0a, 0x0a, 0x0a, 0x0b, 0x0b, 0x0b, 0x0b, 0x0b, 0x0b, 0x0b, 0x0b,
  0x0b, 0x0b, 0x0b, 0x0b, 0x00, 0x00, 0x00, 0x00, 0x00, 0x00, 0x00, 0x00,
  0x00, 0x01, 0x01, 0x01, 0x01, 0x01, 0x01, 0x01, 0x01, 0x01, 0x01, 0x01,
  0x01, 0x01, 0x01, 0x01, 0x01, 0x01, 0x02, 0x02, 0x02, 0x02, 0x02, 0x02,
  0x02, 0x02, 0x02, 0x02, 0x02, 0x02, 0x02, 0x02, 0x02, 0x02, 0x02, 0x03,
  0x03, 0x03, 0x03, 0x03, 0x03, 0x03, 0x03, 0x03, 0x03, 0x03, 0x03, 0x03,
  0x03, 0x03, 0x03, 0x03, 0x04, 0x04, 0x04, 0x04, 0x04, 0x04, 0x04, 0x04,
  0x04, 0x04, 0x04, 0x04, 0x04, 0x04, 0x04, 0x04, 0x04, 0x05, 0x05, 0x05,
  0x05, 0x05, 0x05, 0x05, 0x05, 0x05, 0x05, 0x05, 0x05, 0x05, 0x05, 0x05,
  0x05, 0x05, 0x06, 0x06, 0x06, 0x06, 0x06, 0x06, 0x06, 0x06, 0x06, 0x06,
  0x06, 0x06, 0x06, 0x06, 0x06, 0x06, 0x06, 0x07, 0x07, 0x07, 0x07, 0x07,
  0x07, 0x07, 0x07, 0x07, 0x07, 0x07, 0x07, 0x07, 0x07, 0x07, 0x07, 0x07,
  0x08, 0x08, 0x08, 0x08, 0x08, 0x08, 0x08, 0x08, 0x08, 0x08, 0x08, 0x08,
  0x08, 0x08, 0x08, 0x08, 0x08, 0x09, 0x09, 0x09, 0x09, 0x09, 0x09, 0x09,
  0x09, 0x09, 0x09, 0x09, 0x09, 0x09, 0x09, 0x09, 0x09, 0x09, 0x0a, 0x0a,
  0x0a, 0x0a, 0x0a, 0x0a, 0x0a, 0x0a, 0x0a, 0x0a, 0x0a, 0x0a, 0x0a, 0x0a,
  0x0a, 0x0a, 0x0a, 0x0b, 0x0b, 0x0b, 0x0b, 0x0b, 0x0b, 0x0b, 0x0b, 0x0b,
  0x0b, 0x0b, 0x0b, 0x0b, 0x0b, 0x0b, 0x0b, 0x0b, 0x0c, 0x0c, 0x0c, 0x0c,
  0x0c, 0x0c, 0x0c, 0x0c, 0x0c, 0x0c, 0x0c, 0x0c, 0x0c, 0x0c, 0x0c, 0x0c,
  0x0c, 0x0d, 0x0d, 0x0d, 0x0d, 0x0d, 0x0d, 0x0d, 0x0d, 0x0d, 0x0d, 0x0d,
  0x0d, 0x0d, 0x0d, 0x0d, 0x0d, 0x0d, 0x0e, 0x0e, 0x0e, 0x0e, 0x0e, 0x0e,
  0x0e, 0x0e, 0x0e, 0x0e, 0x0e, 0x0e, 0x0e, 0x0e, 0x0e, 0x0e, 0x0e, 0x0f,
  0x0f, 0x0f, 0x0f, 0x0f, 0x0f, 0x0f, 0x0f, 0x0f, 0x00, 0x00, 0x00, 0x00,
  0x00, 0x00, 0x00, 0x01, 0x01, 0x01, 0x01, 0x01, 0x01, 0x01, 0x01, 0x01,
  0x01, 0x01, 0x01, 0x01, 0x01, 0x02, 0x02, 0x02, 0x02, 0x02, 0x02, 0x02,
  0x02, 0x02, 0x02, 0x02, 0x02, 0x02, 0x03, 0x03, 0x03, 0x03, 0x03, 0x03,
  0x03, 0x03, 0x03, 0x03, 0x03, 0x03, 0x03, 0x03, 0x04, 0x04, 0x04, 0x04,
  0x04, 0x04, 0x04, 0x04, 0x04, 0x04, 0x04, 0x04, 0x04, 0x05, 0x05, 0x05,
  0x05, 0x05, 0x05, 0x05, 0x05, 0x05, 0x05, 0x05, 0x05, 0x05, 0x06, 0x06,
  0x06, 0x06, 0x06, 0x06, 0x06, 0x06, 0x06, 0x06, 0x06, 0x06, 0x06, 0x06,
  0x07, 0x07, 0x07, 0x07, 0x07, 0x07, 0x07, 0x07, 0x07, 0x07, 0x07, 0x07,
  0x07, 0x08, 0x08, 0x08, 0x08, 0x08, 0x08, 0x08, 0x08, 0x08, 0x08, 0x08,
  0x08, 0x08, 0x08, 0x09, 0x09, 0x09, 0x09, 0x09, 0x09, 0x09, 0x09, 0x09,
  0x09, 0x09, 0x09, 0x09, 0x0a, 0x0a, 0x0a, 0x0a, 0x0a, 0x0a, 0x0a, 0x0a,
  0x0a, 0x0a, 0x0a, 0x0a, 0x0a, 0x0a, 0x0b, 0x0b, 0x0b, 0x0b, 0x0b, 0x0b,
  0x0b, 0x0b, 0x0b, 0x0b, 0x0b, 0x0b, 0x0b, 0x0c, 0x0c, 0x0c, 0x0c, 0x0c,
  0x0c, 0x0c, 0x0c, 0x0c, 0x0c, 0x0c, 0x0c, 0x0c, 0x0c, 0x0d, 0x0d, 0x0d,
  0x0d, 0x0d, 0x0d, 0x0d, 0x0d, 0x0d, 0x0d, 0x0d, 0x0d, 0x0d, 0x0e, 0x0e,
  0x0e, 0x0e, 0x0e, 0x0e, 0x0e, 0x0e, 0x0e, 0x0e, 0x0e, 0x0e, 0x0e, 0x0f,
  0x0f, 0x0f, 0x0f, 0x0f, 0x0f, 0x0f, 0x0f, 0x0f, 0x0f, 0x0f, 0x0f, 0x0f,
  0x0f, 0x10, 0x10, 0x10, 0x10, 0x10, 0x10, 0x10, 0x10, 0x10, 0x10, 0x10,
  0x10, 0x10, 0x11, 0x11, 0x11, 0x11, 0x11, 0x11, 0x11, 0x11, 0x11, 0x11,
  0x11, 0x11, 0x11, 0x11, 0x12, 0x12, 0x12, 0x12, 0x12, 0x12, 0x12, 0x12,
  0x12, 0x12, 0x12, 0x12, 0x12, 0x13, 0x13, 0x13, 0x13, 0x13, 0x13, 0x13,
  0x00, 0x00, 0x00, 0x00, 0x00, 0x00, 0x01, 0x01, 0x01, 0x01, 0x01, 0x01,
  0x01, 0x01, 0x01, 0x01, 0x01, 0x02, 0x02, 0x02, 0x02, 0x02, 0x02, 0x02,
  0x02, 0x02, 0x02, 0x02, 0x03, 0x03, 0x03, 0x03, 0x03, 0x03, 0x03, 0x03,
  0x03, 0x03, 0x03, 0x04, 0x04, 0x04, 0x04, 0x04, 0x04, 0x04, 0x04, 0x04,
  0x04, 0x04, 0x05, 0x05, 0x05, 0x05, 0x05, 0x05, 0x05, 0x05, 0x05, 0x05,
  0x05, 0x06, 0x06, 0x06, 0x06, 0x06, 0x06, 0x06, 0x06, 0x06, 0x06, 0x06,
  0x07, 0x07, 0x07, 0x07, 0x07, 0x07, 0x07, 0x07, 0x07, 0x07, 0x07, 0x08,
  0x08, 0x08, 0x08, 0x08, 0x08, 0x08, 0x08, 0x08, 0x08, 0x08, 0x09, 0x09,
  0x09, 0x09, 0x09, 0x09, 0x09, 0x09, 0x09, 0x09, 0x09, 0x0a, 0x0a, 0x0a,
  0x0a, 0x0a, 0x0a, 0x0a, 0x0a, 0x0a, 0x0a, 0x0a, 0x0b, 0x0b, 0x0b, 0x0b,
  0x0b, 0x0b, 0x0b, 0x0b, 0x0b, 0x0b, 0x0b, 0x0b, 0x0c, 0x0c, 0x0c, 0x0c,
  0x0c, 0x0c, 0x0c, 0x0c, 0x0c, 0x0c, 0x0c, 0x0c, 0x0d, 0x0d, 0x0d, 0x0d,
  0x0d, 0x0d, 0x0d, 0x0d, 0x0d, 0x0d, 0x0d, 0x0e, 0x0e, 0x0e, 0x0e, 0x0e,
  0x0e, 0x0e, 0x0e, 0x0e, 0x0e, 0x0e, 0x0f, 0x0f, 0x0f, 0x0f, 0x0f, 0x0f,
  0x0f, 0x0f, 0x0f, 0x0f, 0x0f, 0x10, 0x10, 0x10, 0x10, 0x10, 0x10, 0x10,
  0x10, 0x10, 0x10, 0x10, 0x11, 0x11, 0x11, 0x11, 0x11, 0x11, 0x11, 0x11,
  0x11, 0x11, 0x11, 0x12, 0x12, 0x12, 0x12, 0x12, 0x12, 0x12, 0x12, 0x12,
  0x12, 0x12, 0x13, 0x13, 0x13, 0x13, 0x13, 0x13, 0x13, 0x13, 0x13, 0x13,
  0x13, 0x14, 0x14, 0x14, 0x14, 0x14, 0x14, 0x14, 0x14, 0x14, 0x14, 0x14,
  0x15, 0x15, 0x15, 0x15, 0x15, 0x15, 0x15, 0x15, 0x15, 0x15, 0x15, 0x16,
  0x16, 0x16, 0x16, 0x16, 0x16, 0x16, 0x16, 0x16, 0x16, 0x16, 0x17, 0x17,
  0x17, 0x17, 0x17, 0x17, 0x00, 0x00, 0x00, 0x00, 0x00, 0x01, 0x01, 0x01,
  0x01, 0x01, 0x01, 0x01, 0x01, 0x02, 0x02, 0x02, 0x02, 0x02, 0x02, 0x02,
  0x02, 0x03, 0x03, 0x03, 0x03, 0x03, 0x03, 0x03, 0x03, 0x04, 0x04, 0x04,
  0x04, 0x04, 0x04, 0x04, 0x04, 0x04, 0x05, 0x05, 0x05, 0x05, 0x05, 0x05,
  0x05, 0x05, 0x06, 0x06, 0x06, 0x06, 0x06, 0x06, 0x06, 0x06, 0x07, 0x07,
  0x07, 0x07, 0x07, 0x07, 0x07, 0x07, 0x08, 0x08, 0x08, 0x08, 0x08, 0x08,
  0x08, 0x08, 0x08, 0x09, 0x09, 0x09, 0x09, 0x09, 0x09, 0x09, 0x09, 0x0a,
  0x0a, 0x0a, 0x0a, 0x0a, 0x0a, 0x0a, 0x0a, 0x0b, 0x0b, 0x0b, 0x0b, 0x0b,
  0x0b, 0x0b, 0x0b, 0x0c, 0x0c, 0x0c, 0x0c, 0x0c, 0x0c, 0x0c, 0x0c, 0x0c,
  0x0d, 0x0d, 0x0d, 0x0d, 0x0d, 0x0d, 0x0d, 0x0d, 0x0e, 0x0e, 0x0e, 0x0e,
  0x0e, 0x0e, 0x0e, 0x0e, 0x0f, 0x0f, 0x0f, 0x0f, 0x0f, 0x0f, 0x0f, 0x0f,
  0x10, 0x10, 0x10, 0x10, 0x10, 0x10, 0x10, 0x10, 0x10, 0x11, 0x11, 0x11,
  0x11, 0x11, 0x11, 0x11, 0x11, 0x12, 0x12, 0x12, 0x12, 0x12, 0x12, 0x12,
  0x12, 0x13, 0x13, 0x13, 0x13, 0x13, 0x13, 0x13, 0x13, 0x14, 0x14, 0x14,
  0x14, 0x14, 0x14, 0x14, 0x14, 0x14, 0x15, 0x15, 0x15, 0x15, 0x15, 0x15,
  0x15, 0x15, 0x16, 0x16, 0x16, 0x16, 0x16, 0x16, 0x16, 0x16, 0x17, 0x17,
  0x17, 0x17, 0x17, 0x17, 0x17, 0x17, 0x18, 0x18, 0x18, 0x18, 0x18, 0x18,
  0x18, 0x18, 0x18, 0x19, 0x19, 0x19, 0x19, 0x19, 0x19, 0x19, 0x19, 0x1a,
  0x1a, 0x1a, 0x1a, 0x1a, 0x1a, 0x1a, 0x1a, 0x1b, 0x1b, 0x1b, 0x1b, 0x1b,
  0x1b, 0x1b, 0x1b, 0x1c, 0x1c, 0x1c, 0x1c, 0x1c, 0x1c, 0x1c, 0x1c, 0x1c,
  0x1d, 0x1d, 0x1d, 0x1d, 0x1d, 0x1d, 0x1d, 0x1d, 0x1e, 0x1e, 0x1e, 0x1e,
  0x1e, 0x1e, 0x1e, 0x1e, 0x1f, 0x1f, 0x1f, 0x1f, 0x00, 0x00, 0x00, 0x00,
  0x01, 0x01, 0x01, 0x01, 0x01, 0x01, 0x02, 0x02, 0x02, 0x02, 0x02, 0x02,
  0x02, 0x03, 0x03, 0x03, 0x03, 0x03, 0x03, 0x04, 0x04, 0x04, 0x04, 0x04,
  0x04, 0x04, 0x05, 0x05, 0x05, 0x05, 0x05, 0x05, 0x06, 0x06, 0x06, 0x06,
  0x06, 0x06, 0x06, 0x07, 0x07, 0x07, 0x07, 0x07, 0x07, 0x08, 0x08, 0x08,
  0x08, 0x08, 0x08, 0x08, 0x09, 0x09, 0x09, 0x09, 0x09, 0x09, 0x0a, 0x0a,
  0x0a, 0x0a, 0x0a, 0x0a, 0x0a, 0x0b, 0x0b, 0x0b, 0x0b, 0x0b, 0x0b, 0x0c,
  0x0c, 0x0c, 0x0c, 0x0c, 0x0c, 0x0c, 0x0d, 0x0d, 0x0d, 0x0d, 0x0d, 0x0d,
  0x0e, 0x0e, 0x0e, 0x0e, 0x0e, 0x0e, 0x0e, 0x0f, 0x0f, 0x0f, 0x0f, 0x0f,
  0x0f, 0x10, 0x10, 0x10, 0x10, 0x10, 0x10, 0x10, 0x11, 0x11, 0x11, 0x11,
  0x11, 0x11, 0x12, 0x12, 0x12, 0x12, 0x12, 0x12, 0x12, 0x13, 0x13, 0x13,
  0x13, 0x13, 0x13, 0x13, 0x14, 0x14, 0x14, 0x14, 0x14, 0x14, 0x14, 0x14,
  0x15, 0x15, 0x15, 0x15, 0x15, 0x15, 0x16, 0x16, 0x16, 0x16, 0x16, 0x16,
  0x16, 0x17, 0x17, 0x17, 0x17, 0x17, 0x17, 0x18, 0x18, 0x18, 0x18, 0x18,
  0x18, 0x18, 0x19, 0x19, 0x19, 0x19, 0x19, 0x19, 0x1a, 0x1a, 0x1a, 0x1a,
  0x1a, 0x1a, 0x1a, 0x1b, 0x1b, 0x1b, 0x1b, 0x1b, 0x1b, 0x1c, 0x1c, 0x1c,
  0x1c, 0x1c, 0x1c, 0x1c, 0x1d, 0x1d, 0x1d, 0x1d, 0x1d, 0x1d, 0x1e, 0x1e,
  0x1e, 0x1e, 0x1e, 0x1e, 0x1e, 0x1f, 0x1f, 0x1f, 0x1f, 0x1f, 0x1f, 0x20,
  0x20, 0x20, 0x20, 0x20, 0x20, 0x20, 0x21, 0x21, 0x21, 0x21, 0x21, 0x21,
  0x22, 0x22, 0x22, 0x22, 0x22, 0x22, 0x22, 0x23, 0x23, 0x23, 0x23, 0x23,
  0x23, 0x24, 0x24, 0x24, 0x24, 0x24, 0x24, 0x24, 0x25, 0x25, 0x25, 0x25,
  0x25, 0x25, 0x26, 0x26, 0x26, 0x26, 0x26, 0x26, 0x26, 0x27, 0x27, 0x27,
  0x00, 0x00, 0x00, 0x01, 0x01, 0x01, 0x01, 0x01, 0x01, 0x02, 0x02, 0x02,
  0x02, 0x02, 0x03, 0x03, 0x03, 0x03, 0x03, 0x04, 0x04, 0x04, 0x04, 0x04,
  0x04, 0x05, 0x05, 0x05, 0x05, 0x05, 0x06, 0x06, 0x06, 0x06, 0x06, 0x06,
  0x07, 0x07, 0x07, 0x07, 0x07, 0x08, 0x08, 0x08, 0x08, 0x08, 0x09, 0x09,
  0x09, 0x09, 0x09, 0x09, 0x0a, 0x0a, 0x0a, 0x0a, 0x0a, 0x0b, 0x0b, 0x0b,
  0x0b, 0x0b, 0x0b, 0x0c, 0x0c, 0x0c, 0x0c, 0x0c, 0x0d, 0x0d, 0x0d, 0x0d,
  0x0d, 0x0d, 0x0e, 0x0e, 0x0e, 0x0e, 0x0e, 0x0f, 0x0f, 0x0f, 0x0f, 0x0f,
  0x10, 0x10, 0x10, 0x10, 0x10, 0x10, 0x11, 0x11, 0x11, 0x11, 0x11, 0x12,
  0x12, 0x12, 0x12, 0x12, 0x12, 0x13, 0x13, 0x13, 0x13, 0x13, 0x14, 0x14,
  0x14, 0x14, 0x14, 0x15, 0x15, 0x15, 0x15, 0x15, 0x15, 0x16, 0x16, 0x16,
  0x16, 0x16, 0x17, 0x17, 0x17, 0x17, 0x17, 0x17, 0x18, 0x18, 0x18, 0x18,
  0x18, 0x18, 0x19, 0x19, 0x19, 0x19, 0x19, 0x19, 0x1a, 0x1a, 0x1a, 0x1a,
  0x1a, 0x1b, 0x1b, 0x1b, 0x1b, 0x1b, 0x1c, 0x1c, 0x1c, 0x1c, 0x1c, 0x1c,
  0x1d, 0x1d, 0x1d, 0x1d, 0x1d, 0x1e, 0x1e, 0x1e, 0x1e, 0x1e, 0x1e, 0x1f,
  0x1f, 0x1f, 0x1f, 0x1f, 0x20, 0x20, 0x20, 0x20, 0x20, 0x21, 0x21, 0x21,
  0x21, 0x21, 0x21, 0x22, 0x22, 0x22, 0x22, 0x22, 0x23, 0x23, 0x23, 0x23,
  0x23, 0x23, 0x24, 0x24, 0x24, 0x24, 0x24, 0x25, 0x25, 0x25, 0x25, 0x25,
  0x25, 0x26, 0x26, 0x26, 0x26, 0x26, 0x27, 0x27, 0x27, 0x27, 0x27, 0x28,
  0x28, 0x28, 0x28, 0x28, 0x28, 0x29, 0x29, 0x29, 0x29, 0x29, 0x2a, 0x2a,
  0x2a, 0x2a, 0x2a, 0x2a, 0x2b, 0x2b, 0x2b, 0x2b, 0x2b, 0x2c, 0x2c, 0x2c,
  0x2c, 0x2c, 0x2d, 0x2d, 0x2d, 0x2d, 0x2d, 0x2d, 0x2e, 0x2e, 0x2e, 0x2e,
  0x2e, 0x2f, 0x2f, 0x2f, 0x00, 0x00, 0x00, 0x01, 0x01, 0x01, 0x01, 0x02,
  0x02, 0x02, 0x02, 0x03, 0x03, 0x03, 0x03, 0x04, 0x04, 0x04, 0x04, 0x05,
  0x05, 0x05, 0x05, 0x06, 0x06, 0x06, 0x06, 0x07, 0x07, 0x07, 0x07, 0x08,
  0x08, 0x08, 0x08, 0x09, 0x09, 0x09, 0x09, 0x0a, 0x0a, 0x0a, 0x0a, 0x0b,
  0x0b, 0x0b, 0x0b, 0x0c, 0x0c, 0x0c, 0x0c, 0x0d, 0x0d, 0x0d, 0x0d, 0x0e,
  0x0e, 0x0e, 0x0e, 0x0f, 0x0f, 0x0f, 0x0f, 0x10, 0x10, 0x10, 0x10, 0x10,
  0x11, 0x11, 0x11, 0x11, 0x12, 0x12, 0x12, 0x12, 0x13, 0x13, 0x13, 0x13,
  0x14, 0x14, 0x14, 0x14, 0x15, 0x15, 0x15, 0x15, 0x16, 0x16, 0x16, 0x16,
  0x17, 0x17, 0x17, 0x17, 0x18, 0x18, 0x18, 0x18, 0x19, 0x19, 0x19, 0x19,
  0x1a, 0x1a, 0x1a, 0x1a, 0x1b, 0x1b, 0x1b, 0x1b, 0x1c, 0x1c, 0x1c, 0x1c,
  0x1d, 0x1d, 0x1d, 0x1d, 0x1e, 0x1e, 0x1e, 0x1e, 0x1f, 0x1f, 0x1f, 0x1f,
  0x20, 0x20, 0x20, 0x20, 0x20, 0x21, 0x21, 0x21, 0x21, 0x22, 0x22, 0x22,
  0x22, 0x23, 0x23, 0x23, 0x23, 0x24, 0x24, 0x24, 0x24, 0x25, 0x25, 0x25,
  0x25, 0x26, 0x26, 0x26, 0x26, 0x27, 0x27, 0x27, 0x27, 0x28, 0x28, 0x28,
  0x28, 0x29, 0x29, 0x29, 0x29, 0x2a, 0x2a, 0x2a, 0x2a, 0x2b, 0x2b, 0x2b,
  0x2b, 0x2c, 0x2c, 0x2c, 0x2c, 0x2d, 0x2d, 0x2d, 0x2d, 0x2e, 0x2e, 0x2e,
  0x2e, 0x2f, 0x2f, 0x2f, 0x2f, 0x30, 0x30, 0x30, 0x30, 0x30, 0x31, 0x31,
  0x31, 0x31, 0x32, 0x32, 0x32, 0x32, 0x33, 0x33, 0x33, 0x33, 0x34, 0x34,
  0x34, 0x34, 0x35, 0x35, 0x35, 0x35, 0x36, 0x36, 0x36, 0x36, 0x37, 0x37,
  0x37, 0x37, 0x38, 0x38, 0x38, 0x38, 0x39, 0x39, 0x39, 0x39, 0x3a, 0x3a,
  0x3a, 0x3a, 0x3b, 0x3b, 0x3b, 0x3b, 0x3c, 0x3c, 0x3c, 0x3c, 0x3d, 0x3d,
  0x3d, 0x3d, 0x3e, 0x3e, 0x3e, 0x3e, 0x3f, 0x3f, 0x00, 0x00, 0x01, 0x01,
  0x01, 0x02, 0x02, 0x02, 0x03, 0x03, 0x03, 0x03, 0x04, 0x04, 0x04, 0x05,
  0x05, 0x05, 0x06, 0x06, 0x06, 0x07, 0x07, 0x07, 0x08, 0x08, 0x08, 0x08,
  0x09, 0x09, 0x09, 0x0a, 0x0a, 0x0a, 0x0b, 0x0b, 0x0b, 0x0c, 0x0c, 0x0c,
  0x0c, 0x0d, 0x0d, 0x0d, 0x0e, 0x0e, 0x0e, 0x0f, 0x0f, 0x0f, 0x10, 0x10,
  0x10, 0x11, 0x11, 0x11, 0x11, 0x12, 0x12, 0x12, 0x13, 0x13, 0x13, 0x14,
  0x14, 0x14, 0x15, 0x15, 0x15, 0x15, 0x16, 0x16, 0x16, 0x17, 0x17, 0x17,
  0x18, 0x18, 0x18, 0x19, 0x19, 0x19, 0x1a, 0x1a, 0x1a, 0x1a, 0x1b, 0x1b,
  0x1b, 0x1c, 0x1c, 0x1c, 0x1d, 0x1d, 0x1d, 0x1e, 0x1e, 0x1e, 0x1e, 0x1f,
  0x1f, 0x1f, 0x20, 0x20, 0x20, 0x21, 0x21, 0x21, 0x22, 0x22, 0x22, 0x23,
  0x23, 0x23, 0x23, 0x24, 0x24, 0x24, 0x25, 0x25, 0x25, 0x26, 0x26, 0x26,
  0x27, 0x27, 0x27, 0x27, 0x28, 0x28, 0x28, 0x28, 0x29, 0x29, 0x29, 0x2a,
  0x2a, 0x2a, 0x2b, 0x2b, 0x2b, 0x2b, 0x2c, 0x2c, 0x2c, 0x2d, 0x2d, 0x2d,
  0x2e, 0x2e, 0x2e, 0x2f, 0x2f, 0x2f, 0x30, 0x30, 0x30, 0x30, 0x31, 0x31,
  0x31, 0x32, 0x32, 0x32, 0x33, 0x33, 0x33, 0x34, 0x34, 0x34, 0x34, 0x35,
  0x35, 0x35, 0x36, 0x36, 0x36, 0x37, 0x37, 0x37, 0x38, 0x38, 0x38, 0x39,
  0x39, 0x39, 0x39, 0x3a, 0x3a, 0x3a, 0x3b, 0x3b, 0x3b, 0x3c, 0x3c, 0x3c,
  0x3d, 0x3d, 0x3d, 0x3d, 0x3e, 0x3e, 0x3e, 0x3f, 0x3f, 0x3f, 0x40, 0x40,
  0x40, 0x41, 0x41, 0x41, 0x42, 0x42, 0x42, 0x42, 0x43, 0x43, 0x43, 0x44,
  0x44, 0x44, 0x45, 0x45, 0x45, 0x46, 0x46, 0x46, 0x46, 0x47, 0x47, 0x47,
  0x48, 0x48, 0x48, 0x49, 0x49, 0x49, 0x4a, 0x4a, 0x4a, 0x4b, 0x4b, 0x4b,
  0x4b, 0x4c, 0x4c, 0x4c, 0x4d, 0x4d, 0x4d, 0x4e, 0x4e, 0x4e, 0x4f, 0x4f,
  0x00, 0x00, 0x01, 0x01, 0x02, 0x02, 0x02, 0x03, 0x03, 0x03, 0x04, 0x04,
  0x05, 0x05, 0x05, 0x06, 0x06, 0x06, 0x07, 0x07, 0x08, 0x08, 0x08, 0x09,
  0x09, 0x09, 0x0a, 0x0a, 0x0b, 0x0b, 0x0b, 0x0c, 0x0c, 0x0c, 0x0d, 0x0d,
  0x0d, 0x0e, 0x0e, 0x0f, 0x0f, 0x0f, 0x10, 0x10, 0x10, 0x11, 0x11, 0x12,
  0x12, 0x12, 0x13, 0x13, 0x13, 0x14, 0x14, 0x15, 0x15, 0x15, 0x16, 0x16,
  0x16, 0x17, 0x17, 0x18, 0x18, 0x18, 0x19, 0x19, 0x19, 0x1a, 0x1a, 0x1a,
  0x1b, 0x1b, 0x1c, 0x1c, 0x1c, 0x1d, 0x1d, 0x1d, 0x1e, 0x1e, 0x1f, 0x1f,
  0x1f, 0x20, 0x20, 0x20, 0x21, 0x21, 0x22, 0x22, 0x22, 0x23, 0x23, 0x23,
  0x24, 0x24, 0x25, 0x25, 0x25, 0x26, 0x26, 0x26, 0x27, 0x27, 0x28, 0x28,
  0x28, 0x29, 0x29, 0x29, 0x2a, 0x2a, 0x2b, 0x2b, 0x2b, 0x2c, 0x2c, 0x2c,
  0x2d, 0x2d, 0x2e, 0x2e, 0x2e, 0x2f, 0x2f, 0x2f, 0x30, 0x30, 0x30, 0x31,
  0x31, 0x31, 0x32, 0x32, 0x32, 0x33, 0x33, 0x34, 0x34, 0x34, 0x35, 0x35,
  0x35, 0x36, 0x36, 0x37, 0x37, 0x37, 0x38, 0x38, 0x38, 0x39, 0x39, 0x3a,
  0x3a, 0x3a, 0x3b, 0x3b, 0x3b, 0x3c, 0x3c, 0x3d, 0x3d, 0x3d, 0x3e, 0x3e,
  0x3e, 0x3f, 0x3f, 0x40, 0x40, 0x40, 0x41, 0x41, 0x41, 0x42, 0x42, 0x43,
  0x43, 0x43, 0x44, 0x44, 0x44, 0x45, 0x45, 0x46, 0x46, 0x46, 0x47, 0x47,
  0x47, 0x48, 0x48, 0x48, 0x49, 0x49, 0x4a, 0x4a, 0x4a, 0x4b, 0x4b, 0x4b,
  0x4c, 0x4c, 0x4d, 0x4d, 0x4d, 0x4e, 0x4e, 0x4e, 0x4f, 0x4f, 0x50, 0x50,
  0x50, 0x51, 0x51, 0x51, 0x52, 0x52, 0x53, 0x53, 0x53, 0x54, 0x54, 0x54,
  0x55, 0x55, 0x55, 0x56, 0x56, 0x57, 0x57, 0x57, 0x58, 0x58, 0x58, 0x59,
  0x59, 0x5a, 0x5a, 0x5a, 0x5b, 0x5b, 0x5b, 0x5c, 0x5c, 0x5d, 0x5d, 0x5d,
  0x5e, 0x5e, 0x5e, 0x5f, 0x00, 0x00, 0x01, 0x01, 0x02, 0x02, 0x03, 0x03,
  0x04, 0x04, 0x05, 0x05, 0x06, 0x06, 0x07, 0x07, 0x08, 0x08, 0x09, 0x09,
  0x0a, 0x0a, 0x0b, 0x0b, 0x0c, 0x0c, 0x0d, 0x0d, 0x0e, 0x0e, 0x0f, 0x0f,
  0x10, 0x10, 0x11, 0x11, 0x12, 0x12, 0x13, 0x13, 0x14, 0x14, 0x15, 0x15,
  0x16, 0x16, 0x17, 0x17, 0x18, 0x18, 0x19, 0x19, 0x1a, 0x1a, 0x1b, 0x1b,
  0x1c, 0x1c, 0x1d, 0x1d, 0x1e, 0x1e, 0x1f, 0x1f, 0x20, 0x20, 0x21, 0x21,
  0x22, 0x22, 0x23, 0x23, 0x24, 0x24, 0x25, 0x25, 0x26, 0x26, 0x27, 0x27,
  0x28, 0x28, 0x29, 0x29, 0x2a, 0x2a, 0x2b, 0x2b, 0x2c, 0x2c, 0x2d, 0x2d,
  0x2e, 0x2e, 0x2f, 0x2f, 0x30, 0x30, 0x31, 0x31, 0x32, 0x32, 0x33, 0x33,
  0x34, 0x34, 0x35, 0x35, 0x36, 0x36, 0x37, 0x37, 0x38, 0x38, 0x39, 0x39,
  0x3a, 0x3a, 0x3b, 0x3b, 0x3c, 0x3c, 0x3d, 0x3d, 0x3e, 0x3e, 0x3f, 0x3f,
  0x40, 0x40, 0x40, 0x41, 0x41, 0x42, 0x42, 0x43, 0x43, 0x44, 0x44, 0x45,
  0x45, 0x46, 0x46, 0x47, 0x47, 0x48, 0x48, 0x49, 0x49, 0x4a, 0x4a, 0x4b,
  0x4b, 0x4c, 0x4c, 0x4d, 0x4d, 0x4e, 0x4e, 0x4f, 0x4f, 0x50, 0x50, 0x51,
  0x51, 0x52, 0x52, 0x53, 0x53, 0x54, 0x54, 0x55, 0x55, 0x56, 0x56, 0x57,
  0x57, 0x58, 0x58, 0x59, 0x59, 0x5a, 0x5a, 0x5b, 0x5b, 0x5c, 0x5c, 0x5d,
  0x5d, 0x5e, 0x5e, 0x5f, 0x5f, 0x60, 0x60, 0x61, 0x61, 0x62, 0x62, 0x63,
  0x63, 0x64, 0x64, 0x65, 0x65, 0x66, 0x66, 0x67, 0x67, 0x68, 0x68, 0x69,
  0x69, 0x6a, 0x6a, 0x6b, 0x6b, 0x6c, 0x6c, 0x6d, 0x6d, 0x6e, 0x6e, 0x6f,
  0x6f, 0x70, 0x70, 0x71, 0x71, 0x72, 0x72, 0x73, 0x73, 0x74, 0x74, 0x75,
  0x75, 0x76, 0x76, 0x77, 0x77, 0x78, 0x78, 0x79, 0x79, 0x7a, 0x7a, 0x7b,
  0x7b, 0x7c, 0x7c, 0x7d, 0x7d, 0x7e, 0x7e, 0x7f, 0x00, 0x01, 0x01, 0x02,
  0x03, 0x03, 0x04, 0x04, 0x05, 0x06, 0x06, 0x07, 0x08, 0x08, 0x09, 0x09,
  0x0a, 0x0b, 0x0b, 0x0c, 0x0d, 0x0d, 0x0e, 0x0e, 0x0f, 0x10, 0x10, 0x11,
  0x12, 0x12, 0x13, 0x13, 0x14, 0x15, 0x15, 0x16, 0x17, 0x17, 0x18, 0x18,
  0x19, 0x1a, 0x1a, 0x1b, 0x1c, 0x1c, 0x1d, 0x1d, 0x1e, 0x1f, 0x1f, 0x20,
  0x21, 0x21, 0x22, 0x22, 0x23, 0x24, 0x24, 0x25, 0x26, 0x26, 0x27, 0x27,
  0x28, 0x29, 0x29, 0x2a, 0x2b, 0x2b, 0x2c, 0x2c, 0x2d, 0x2e, 0x2e, 0x2f,
  0x30, 0x30, 0x31, 0x31, 0x32, 0x33, 0x33, 0x34, 0x35, 0x35, 0x36, 0x36,
  0x37, 0x38, 0x38, 0x39, 0x3a, 0x3a, 0x3b, 0x3b, 0x3c, 0x3d, 0x3d, 0x3e,
  0x3f, 0x3f, 0x40, 0x40, 0x41, 0x42, 0x42, 0x43, 0x44, 0x44, 0x45, 0x45,
  0x46, 0x47, 0x47, 0x48, 0x49, 0x49, 0x4a, 0x4a, 0x4b, 0x4c, 0x4c, 0x4d,
  0x4e, 0x4e, 0x4f, 0x4f, 0x50, 0x50, 0x50, 0x51, 0x52, 0x52, 0x53, 0x54,
  0x54, 0x55, 0x55, 0x56, 0x57, 0x57, 0x58, 0x59, 0x59, 0x5a, 0x5a, 0x5b,
  0x5c, 0x5c, 0x5d, 0x5e, 0x5e, 0x5f, 0x5f, 0x60, 0x61, 0x61, 0x62, 0x63,
  0x63, 0x64, 0x64, 0x65, 0x66, 0x66, 0x67, 0x68, 0x68, 0x69, 0x69, 0x6a,
  0x6b, 0x6b, 0x6c, 0x6d, 0x6d, 0x6e, 0x6e, 0x6f, 0x70, 0x70, 0x71, 0x72,
  0x72, 0x73, 0x73, 0x74, 0x75, 0x75, 0x76, 0x77, 0x77, 0x78, 0x78, 0x79,
  0x7a, 0x7a, 0x7b, 0x7c, 0x7c, 0x7d, 0x7d, 0x7e, 0x7f, 0x7f, 0x80, 0x81,
  0x81, 0x82, 0x82, 0x83, 0x84, 0x84, 0x85, 0x86, 0x86, 0x87, 0x87, 0x88,
  0x89, 0x89, 0x8a, 0x8b, 0x8b, 0x8c, 0x8c, 0x8d, 0x8e, 0x8e, 0x8f, 0x90,
  0x90, 0x91, 0x91, 0x92, 0x93, 0x93, 0x94, 0x95, 0x95, 0x96, 0x96, 0x97,
  0x98, 0x98, 0x99, 0x9a, 0x9a, 0x9b, 0x9b, 0x9c, 0x9d, 0x9d, 0x9e, 0x9f,
  0x00, 0x01, 0x02, 0x02, 0x03, 0x04, 0x05, 0x05, 0x06, 0x07, 0x08, 0x08,
  0x09, 0x0a, 0x0b, 0x0b, 0x0c, 0x0d, 0x0e, 0x0e, 0x0f, 0x10, 0x11, 0x11,
  0x12, 0x13, 0x14, 0x14, 0x15, 0x16, 0x17, 0x17, 0x18, 0x19, 0x1a, 0x1a,
  0x1b, 0x1c, 0x1d, 0x1d, 0x1e, 0x1f, 0x20, 0x20, 0x21, 0x22, 0x23, 0x23,
  0x24, 0x25, 0x26, 0x26, 0x27, 0x28, 0x29, 0x29, 0x2a, 0x2b, 0x2c, 0x2c,
  0x2d, 0x2e, 0x2f, 0x2f, 0x30, 0x31, 0x32, 0x32, 0x33, 0x34, 0x35, 0x35,
  0x36, 0x37, 0x38, 0x38, 0x39, 0x3a, 0x3b, 0x3b, 0x3c, 0x3d, 0x3e, 0x3e,
  0x3f, 0x40, 0x41, 0x41, 0x42, 0x43, 0x44, 0x44, 0x45, 0x46, 0x47, 0x47,
  0x48, 0x49, 0x4a, 0x4a, 0x4b, 0x4c, 0x4d, 0x4d, 0x4e, 0x4f, 0x50, 0x50,
  0x51, 0x52, 0x53, 0x53, 0x54, 0x55, 0x56, 0x56, 0x57, 0x58, 0x59, 0x59,
  0x5a, 0x5b, 0x5c, 0x5c, 0x5d, 0x5e, 0x5f, 0x5f, 0x60, 0x60, 0x61, 0x62,
  0x62, 0x63, 0x64, 0x65, 0x65, 0x66, 0x67, 0x68, 0x68, 0x69, 0x6a, 0x6b,
  0x6b, 0x6c, 0x6d, 0x6e, 0x6e, 0x6f, 0x70, 0x71, 0x71, 0x72, 0x73, 0x74,
  0x74, 0x75, 0x76, 0x77, 0x77, 0x78, 0x79, 0x7a, 0x7a, 0x7b, 0x7c, 0x7d,
  0x7d, 0x7e, 0x7f, 0x80, 0x80, 0x81, 0x82, 0x83, 0x83, 0x84, 0x85, 0x86,
  0x86, 0x87, 0x88, 0x89, 0x89, 0x8a, 0x8b, 0x8c, 0x8c, 0x8d, 0x8e, 0x8f,
  0x8f, 0x90, 0x91, 0x92, 0x92, 0x93, 0x94, 0x95, 0x95, 0x96, 0x97, 0x98,
  0x98, 0x99, 0x9a, 0x9b, 0x9b, 0x9c, 0x9d, 0x9e, 0x9e, 0x9f, 0xa0, 0xa1,
  0xa1, 0xa2, 0xa3, 0xa4, 0xa4, 0xa5, 0xa6, 0xa7, 0xa7, 0xa8, 0xa9, 0xaa,
  0xaa, 0xab, 0xac, 0xad, 0xad, 0xae, 0xaf, 0xb0, 0xb0, 0xb1, 0xb2, 0xb3,
  0xb3, 0xb4, 0xb5, 0xb6, 0xb6, 0xb7, 0xb8, 0xb9, 0xb9, 0xba, 0xbb, 0xbc,
  0xbc, 0xbd, 0xbe, 0xbf, 0x00, 0x01, 0x02, 0x03, 0x04, 0x05, 0x06, 0x07,
  0x08, 0x09, 0x0a, 0x0b, 0x0c, 0x0d, 0x0e, 0x0f, 0x10, 0x11, 0x12, 0x13,
  0x14, 0x15, 0x16, 0x17, 0x18, 0x19, 0x1a, 0x1b, 0x1c, 0x1d, 0x1e, 0x1f,
  0x20, 0x21, 0x22, 0x23, 0x24, 0x25, 0x26, 0x27, 0x28, 0x29, 0x2a, 0x2b,
  0x2c, 0x2d, 0x2e, 0x2f, 0x30, 0x31, 0x32, 0x33, 0x34, 0x35, 0x36, 0x37,
  0x38, 0x39, 0x3a, 0x3b, 0x3c, 0x3d, 0x3e, 0x3f, 0x40, 0x41, 0x42, 0x43,
  0x44, 0x45, 0x46, 0x47, 0x48, 0x49, 0x4a, 0x4b, 0x4c, 0x4d, 0x4e, 0x4f,
  0x50, 0x51, 0x52, 0x53, 0x54, 0x55, 0x56, 0x57, 0x58, 0x59, 0x5a, 0x5b,
  0x5c, 0x5d, 0x5e, 0x5f, 0x60, 0x61, 0x62, 0x63, 0x64, 0x65, 0x66, 0x67,
  0x68, 0x69, 0x6a, 0x6b, 0x6c, 0x6d, 0x6e, 0x6f, 0x70, 0x71, 0x72, 0x73,
  0x74, 0x75, 0x76, 0x77, 0x78, 0x79, 0x7a, 0x7b, 0x7c, 0x7d, 0x7e, 0x7f,
  0x80, 0x81, 0x82, 0x83, 0x84, 0x85, 0x86, 0x87, 0x88, 0x89, 0x8a, 0x8b,
  0x8c, 0x8d, 0x8e, 0x8f, 0x90, 0x91, 0x92, 0x93, 0x94, 0x95, 0x96, 0x97,
  0x98, 0x99, 0x9a, 0x9b, 0x9c, 0x9d, 0x9e, 0x9f, 0xa0, 0xa1, 0xa2, 0xa3,
  0xa4, 0xa5, 0xa6, 0xa7, 0xa8, 0xa9, 0xaa, 0xab, 0xac, 0xad, 0xae, 0xaf,
  0xb0, 0xb1, 0xb2, 0xb3, 0xb4, 0xb5, 0xb6, 0xb7, 0xb8, 0xb9, 0xba, 0xbb,
  0xbc, 0xbd, 0xbe, 0xbf, 0xc0, 0xc1, 0xc2, 0xc3, 0xc4, 0xc5, 0xc6, 0xc7,
  0xc8, 0xc9, 0xca, 0xcb, 0xcc, 0xcd, 0xce, 0xcf, 0xd0, 0xd1, 0xd2, 0xd3,
  0xd4, 0xd5, 0xd6, 0xd7, 0xd8, 0xd9, 0xda, 0xdb, 0xdc, 0xdd, 0xde, 0xdf,
  0xe0, 0xe1, 0xe2, 0xe3, 0xe4, 0xe5, 0xe6, 0xe7, 0xe8, 0xe9, 0xea, 0xeb,
  0xec, 0xed, 0xee, 0xef, 0xf0, 0xf1, 0xf2, 0xf3, 0xf4, 0xf5, 0xf6, 0xf7,
  0xf8, 0xf9, 0xfa, 0xfb, 0xfc, 0xfd, 0xfe, 0xff, 0x00, 0x00, 0x00, 0x00,
  0x04, 0x00, 0x00, 0x00, 0x00, 0x00, 0x00, 0x01, 0x01, 0x00, 0x00, 0x00,
  0x00, 0x00, 0x00, 0x02, 0x00, 0x00, 0x00, 0x00, 0x00, 0x00, 0x00, 0x03,
  0x00, 0x00, 0x00, 0x01, 0x00, 0x00, 0x01, 0x01, 0x00, 0x00, 0x00, 0x02,
  0x00, 0x00, 0x00, 0x04, 0x00, 0x00, 0x00, 0x03, 0x00, 0x00, 0x00, 0x05,
  0x00, 0x00, 0x01, 0x01, 0x00, 0x00, 0x00, 0x06, 0x00, 0x00, 0x00, 0x04,
  0x00, 0x00, 0x00, 0x07, 0x00, 0x00, 0x00, 0x05, 0x00, 0x00, 0x00, 0x08,
  0x00, 0x00, 0x00, 0x06, 0x00, 0x00, 0x00, 0x09, 0x00, 0x00, 0x00, 0x07,
  0x00, 0x00, 0x00, 0x0a, 0x00, 0x00, 0x00, 0x08, 0x00, 0x00, 0x00, 0x0b,
  0x00, 0x00, 0x00, 0x09, 0x00, 0x00, 0x01, 0x09, 0x00, 0x00, 0x00, 0x0a,
  0x00, 0x00, 0x00, 0x0c, 0x00, 0x00, 0x00, 0x0b, 0x00, 0x00, 0x00, 0x0d,
  0x00, 0x00, 0x01, 0x09, 0x00, 0x00, 0x00, 0x0e, 0x00, 0x00, 0x00, 0x0c,
  0x00, 0x00, 0x00, 0x0f, 0x00, 0x00, 0x00, 0x0d, 0x00, 0x00, 0x00, 0x10,
  0x00, 0x00, 0x00, 0x0e, 0x00, 0x00, 0x00, 0x11, 0x00, 0x00, 0x00, 0x0f,
  0x00, 0x00, 0x00, 0x12, 0x00, 0x00, 0x00, 0x10, 0x00, 0x00, 0x00, 0x13,
  0x00, 0x00, 0x00, 0x11, 0x00, 0x00, 0x01, 0x11, 0x00, 0x00, 0x00, 0x12,
  0x00, 0x00, 0x00, 0x14, 0x00, 0x00, 0x00, 0x13, 0x00, 0x00, 0x00, 0x15,
  0x00, 0x00, 0x01, 0x11, 0x00, 0x00, 0x00, 0x16, 0x00, 0x00, 0x00, 0x14,
  0x00, 0x00, 0x00, 0x17, 0x00, 0x00, 0x00, 0x15, 0x00, 0x00, 0x00, 0x18,
  0x00, 0x00, 0x00, 0x16, 0x00, 0x00, 0x00, 0x19, 0x00, 0x00, 0x00, 0x17,
  0x00, 0x00, 0x00, 0x1a, 0x00, 0x00, 0x00, 0x18, 0x00, 0x00, 0x00, 0x1b,
  0x00, 0x00, 0x00, 0x19, 0x00, 0x00, 0x01, 0x19, 0x00, 0x00, 0x00, 0x1a,
  0x00, 0x00, 0x00, 0x1c, 0x00, 0x00, 0x00, 0x1b, 0x00, 0x00, 0x00, 0x1d,
  0x00, 0x00, 0x01, 0x19, 0x00, 0x00, 0x00, 0x1e, 0x00, 0x00, 0x00, 0x1c,
  0x00, 0x00, 0x00, 0x1f, 0x00, 0x00, 0x00, 0x1d, 0x00, 0x00, 0x00, 0x20,
  0x00, 0x00, 0x00, 0x1e, 0x00, 0x00, 0x00, 0x21, 0x00, 0x00, 0x00, 0x1f,
  0x00, 0x00, 0x01, 0x1f, 0x00, 0x00, 0x00, 0x20, 0x00, 0x00, 0x00, 0x22,
  0x00, 0x00, 0x00, 0x21, 0x00, 0x00, 0x00, 0x23, 0x00, 0x00, 0x01, 0x1f,
  0x00, 0x00, 0x00, 0x24, 0x00, 0x00, 0x00, 0x22, 0x00, 0x00, 0x00, 0x25,
  0x00, 0x00, 0x00, 0x23, 0x00, 0x00, 0x00, 0x26, 0x00, 0x00, 0x00, 0x24,
  0x00, 0x00, 0x00, 0x27, 0x00, 0x00, 0x00, 0x25, 0x00, 0x00, 0x00, 0x28,
  0x00, 0x00, 0x00, 0x26, 0x00, 0x00, 0x00, 0x29, 0x00, 0x00, 0x00, 0x27,
  0x00, 0x00, 0x01, 0x27, 0x00, 0x00, 0x00, 0x28, 0x00, 0x00, 0x00, 0x2a,
  0x00, 0x00, 0x00, 0x29, 0x00, 0x00, 0x00, 0x2b, 0x00, 0x00, 0x01, 0x27,
  0x00, 0x00, 0x00, 0x2c, 0x00, 0x00, 0x00, 0x2a, 0x00, 0x00, 0x00, 0x2d,
  0x00, 0x00, 0x00, 0x2b, 0x00, 0x00, 0x00, 0x2e, 0x00, 0x00, 0x00, 0x2c,
  0x00, 0x00, 0x00, 0x2f, 0x00, 0x00, 0x00, 0x2d, 0x00, 0x00, 0x00, 0x30,
  0x00, 0x00, 0x00, 0x2e, 0x00, 0x00, 0x00, 0x31, 0x00, 0x00, 0x00, 0x2f,
  0x00, 0x00, 0x01, 0x2f, 0x00, 0x00, 0x00, 0x30, 0x00, 0x00, 0x00, 0x32,
  0x00, 0x00, 0x00, 0x31, 0x00, 0x00, 0x00, 0x33, 0x00, 0x00, 0x01, 0x2f,
  0x00, 0x00, 0x00, 0x34, 0x00, 0x00, 0x00, 0x32, 0x00, 0x00, 0x00, 0x35,
  0x00, 0x00, 0x00, 0x33, 0x00, 0x00, 0x00, 0x36, 0x00, 0x00, 0x00, 0x34,
  0x00, 0x00, 0x00, 0x37, 0x00, 0x00, 0x00, 0x35, 0x00, 0x00, 0x00, 0x38,
  0x00, 0x00, 0x00, 0x36, 0x00, 0x00, 0x00, 0x39, 0x00, 0x00, 0x00, 0x37,
  0x00, 0x00, 0x01, 0x37, 0x00, 0x00, 0x00, 0x38, 0x00, 0x00, 0x00, 0x3a,
  0x00, 0x00, 0x00, 0x39, 0x00, 0x00, 0x00, 0x3b, 0x00, 0x00, 0x01, 0x37,
  0x00, 0x00, 0x00, 0x3c, 0x00, 0x00, 0x00, 0x3a, 0x00, 0x00, 0x00, 0x3d,
  0x00, 0x00, 0x00, 0x3b, 0x00, 0x00, 0x00, 0x3e, 0x00, 0x00, 0x00, 0x3c,
  0x00, 0x00, 0x00, 0x3f, 0x00, 0x00, 0x00, 0x3d, 0x00, 0x00, 0x01, 0x3d,
  0x00, 0x00, 0x00, 0x3e, 0x00, 0x00, 0x01, 0x3e, 0x00, 0x00, 0x00, 0x3f,
  0x00, 0x00, 0x01, 0x3f, 0x00, 0x00, 0x01, 0x3d, 0x00, 0x00, 0x02, 0x3d,
  0x00, 0x00, 0x01, 0x3e, 0x00, 0x00, 0x02, 0x3e, 0x00, 0x00, 0x01, 0x3f,
  0x00, 0x00, 0x02, 0x3f, 0x00, 0x00, 0x02, 0x3d, 0x00, 0x00, 0x03, 0x3d,
  0x00, 0x00, 0x02, 0x3e, 0x00, 0x00, 0x03, 0x3e, 0x00, 0x00, 0x02, 0x3f,
  0x00, 0x00, 0x03, 0x3f, 0x00, 0x00, 0x03, 0x3d, 0x00, 0x00, 0x05, 0x3b,
  0x00, 0x00, 0x03, 0x3e, 0x00, 0x00, 0x04, 0x3e, 0x00, 0x00, 0x03, 0x3f,
  0x00, 0x00, 0x04, 0x3f, 0x00, 0x00, 0x05, 0x3b, 0x00, 0x00, 0x05, 0x3e,
  0x00, 0x00, 0x04, 0x3e, 0x00, 0x00, 0x06, 0x3c, 0x00, 0x00, 0x04, 0x3f,
  0x00, 0x00, 0x05, 0x3f, 0x00, 0x00, 0x05, 0x3e, 0x00, 0x00, 0x06, 0x3e,
  0x00, 0x00, 0x06, 0x3c, 0x00, 0x00, 0x06, 0x3f, 0x00, 0x00, 0x05, 0x3f,
  0x00, 0x00, 0x07, 0x3d, 0x00, 0x00, 0x06, 0x3e, 0x00, 0x00, 0x07, 0x3e,
  0x00, 0x00, 0x06, 0x3f, 0x00, 0x00, 0x07, 0x3f, 0x00, 0x00, 0x07, 0x3d,
  0x00, 0x00, 0x08, 0x3d, 0x00, 0x00, 0x07, 0x3e, 0x00, 0x00, 0x08, 0x3e,
  0x00, 0x00, 0x07, 0x3f, 0x00, 0x00, 0x08, 0x3f, 0x00, 0x00, 0x08, 0x3d,
  0x00, 0x00, 0x09, 0x3d, 0x00, 0x00, 0x08, 0x3e, 0x00, 0x00, 0x09, 0x3e,
  0x00, 0x00, 0x08, 0x3f, 0x00, 0x00, 0x09, 0x3f, 0x00, 0x00, 0x09, 0x3d,
  0x00, 0x00, 0x0a, 0x3d, 0x00, 0x00, 0x09, 0x3e, 0x00, 0x00, 0x0a, 0x3e,
  0x00, 0x00, 0x09, 0x3f, 0x00, 0x00, 0x0a, 0x3f, 0x00, 0x00, 0x0a, 0x3d,
  0x00, 0x00, 0x0b, 0x3d, 0x00, 0x00, 0x0a, 0x3e, 0x00, 0x00, 0x0b, 0x3e,
  0x00, 0x00, 0x0a, 0x3f, 0x00, 0x00, 0x0b, 0x3f, 0x00, 0x00, 0x0b, 0x3d,
  0x00, 0x00, 0x0d, 0x3b, 0x00, 0x00, 0x0b, 0x3e, 0x00, 0x00, 0x0c, 0x3e,
  0x00, 0x00, 0x0b, 0x3f, 0x00, 0x00, 0x0c, 0x3f, 0x00, 0x00, 0x0d, 0x3b,
  0x00, 0x00, 0x0d, 0x3e, 0x00, 0x00, 0x0c, 0x3e, 0x00, 0x00, 0x0e, 0x3c,
  0x00, 0x00, 0x0c, 0x3f, 0x00, 0x00, 0x0d, 0x3f, 0x00, 0x00, 0x0d, 0x3e,
  0x00, 0x00, 0x0e, 0x3e, 0x00, 0x00, 0x0e, 0x3c, 0x00, 0x00, 0x0e, 0x3f,
  0x00, 0x00, 0x0d, 0x3f, 0x00, 0x00, 0x0f, 0x3d, 0x00, 0x00, 0x0e, 0x3e,
  0x00, 0x00, 0x0f, 0x3e, 0x00, 0x00, 0x0e, 0x3f, 0x00, 0x00, 0x0f, 0x3f,
  0x00, 0x00, 0x0f, 0x3d, 0x00, 0x00, 0x10, 0x3d, 0x00, 0x00, 0x0f, 0x3e,
  0x00, 0x00, 0x10, 0x3e, 0x00, 0x00, 0x0f, 0x3f, 0x00, 0x00, 0x10, 0x3f,
  0x00, 0x00, 0x10, 0x3d, 0x00, 0x00, 0x11, 0x3d, 0x00, 0x00, 0x10, 0x3e,
  0x00, 0x00, 0x11, 0x3e, 0x00, 0x00, 0x10, 0x3f, 0x00, 0x00, 0x11, 0x3f,
  0x00, 0x00, 0x11, 0x3d, 0x00, 0x00, 0x12, 0x3d, 0x00, 0x00, 0x11, 0x3e,
  0x00, 0x00, 0x12, 0x3e, 0x00, 0x00, 0x11, 0x3f, 0x00, 0x00, 0x12, 0x3f,
  0x00, 0x00, 0x12, 0x3d, 0x00, 0x00, 0x13, 0x3d, 0x00, 0x00, 0x12, 0x3e,
  0x00, 0x00, 0x13, 0x3e, 0x00, 0x00, 0x12, 0x3f, 0x00, 0x00, 0x13, 0x3f,
  0x00, 0x00, 0x13, 0x3d, 0x00, 0x00, 0x15, 0x3b, 0x00, 0x00, 0x13, 0x3e,
  0x00, 0x00, 0x14, 0x3e, 0x00, 0x00, 0x13, 0x3f, 0x00, 0x00, 0x14, 0x3f,
  0x00, 0x00, 0x15, 0x3b, 0x00, 0x00, 0x15, 0x3e, 0x00, 0x00, 0x14, 0x3e,
  0x00, 0x00, 0x16, 0x3c, 0x00, 0x00, 0x14, 0x3f, 0x00, 0x00, 0x15, 0x3f,
  0x00, 0x00, 0x15, 0x3e, 0x00, 0x00, 0x16, 0x3e, 0x00, 0x00, 0x16, 0x3c,
  0x00, 0x00, 0x16, 0x3f, 0x00, 0x00, 0x15, 0x3f, 0x00, 0x00, 0x17, 0x3d,
  0x00, 0x00, 0x16, 0x3e, 0x00, 0x00, 0x17, 0x3e, 0x00, 0x00, 0x16, 0x3f,
  0x00, 0x00, 0x17, 0x3f, 0x00, 0x00, 0x17, 0x3d, 0x00, 0x00, 0x18, 0x3d,
  0x00, 0x00, 0x17, 0x3e, 0x00, 0x00, 0x18, 0x3e, 0x00, 0x00, 0x17, 0x3f,
  0x00, 0x00, 0x18, 0x3f, 0x00, 0x00, 0x18, 0x3d, 0x00, 0x00, 0x19, 0x3d,
  0x00, 0x00, 0x18, 0x3e, 0x00, 0x00, 0x19, 0x3e, 0x00, 0x00, 0x18, 0x3f,
  0x00, 0x00, 0x19, 0x3f, 0x00, 0x00, 0x19, 0x3d, 0x00, 0x00, 0x1a, 0x3d,
  0x00, 0x00, 0x19, 0x3e, 0x00, 0x00, 0x1a, 0x3e, 0x00, 0x00, 0x19, 0x3f,
  0x00, 0x00, 0x1a, 0x3f, 0x00, 0x00, 0x1a, 0x3d, 0x00, 0x00, 0x1b, 0x3d,
  0x00, 0x00, 0x1a, 0x3e, 0x00, 0x00, 0x1b, 0x3e, 0x00, 0x00, 0x1a, 0x3f,
  0x00, 0x00, 0x1b, 0x3f, 0x00, 0x00, 0x1b, 0x3d, 0x00, 0x00, 0x1d, 0x3b,
  0x00, 0x00, 0x1b, 0x3e, 0x00, 0x00, 0x1c, 0x3e, 0x00, 0x00, 0x1b, 0x3f,
  0x00, 0x00, 0x1c, 0x3f, 0x00, 0x00, 0x1d, 0x3b, 0x00, 0x00, 0x1d, 0x3e,
  0x00, 0x00, 0x1c, 0x3e, 0x00, 0x00, 0x1e, 0x3c, 0x00, 0x00, 0x1c, 0x3f,
  0x00, 0x00, 0x1d, 0x3f, 0x00, 0x00, 0x1d, 0x3e, 0x00, 0x00, 0x1e, 0x3e,
  0x00, 0x00, 0x1e, 0x3c, 0x00, 0x00, 0x1e, 0x3f, 0x00, 0x00, 0x1d, 0x3f,
  0x00, 0x00, 0x1f, 0x3d, 0x00, 0x00, 0x1e, 0x3e, 0x00, 0x00, 0x1f, 0x3e,
  0x00, 0x00, 0x1e, 0x3f, 0x00, 0x00, 0x1f, 0x3f, 0x00, 0x00, 0x1f, 0x3d,
  0x00, 0x00, 0x20, 0x3c, 0x00, 0x00, 0x1f, 0x3e, 0x00, 0x00, 0x20, 0x3d,
  0x00, 0x00, 0x1f, 0x3f, 0x00, 0x00, 0x20, 0x3e, 0x00, 0x00, 0x20, 0x3c,
  0x00, 0x00, 0x20, 0x3f, 0x00, 0x00, 0x20, 0x3d, 0x00, 0x00, 0x21, 0x3d,
  0x00, 0x00, 0x20, 0x3e, 0x00, 0x00, 0x21, 0x3e, 0x00, 0x00, 0x20, 0x3f,
  0x00, 0x00, 0x21, 0x3f, 0x00, 0x00, 0x21, 0x3d, 0x00, 0x00, 0x23, 0x3b,
  0x00, 0x00, 0x21, 0x3e, 0x00, 0x00, 0x22, 0x3e, 0x00, 0x00, 0x21, 0x3f,
  0x00, 0x00, 0x22, 0x3f, 0x00, 0x00, 0x23, 0x3b, 0x00, 0x00, 0x23, 0x3e,
  0x00, 0x00, 0x22, 0x3e, 0x00, 0x00, 0x24, 0x3c, 0x00, 0x00, 0x22, 0x3f,
  0x00, 0x00, 0x23, 0x3f, 0x00, 0x00, 0x23, 0x3e, 0x00, 0x00, 0x24, 0x3e,
  0x00, 0x00, 0x24, 0x3c, 0x00, 0x00, 0x24, 0x3f, 0x00, 0x00, 0x23, 0x3f,
  0x00, 0x00, 0x25, 0x3d, 0x00, 0x00, 0x24, 0x3e, 0x00, 0x00, 0x25, 0x3e,
  0x00, 0x00, 0x24, 0x3f, 0x00, 0x00, 0x25, 0x3f, 0x00, 0x00, 0x25, 0x3d,
  0x00, 0x00, 0x26, 0x3d, 0x00, 0x00, 0x25, 0x3e, 0x00, 0x00, 0x26, 0x3e,
  0x00, 0x00, 0x25, 0x3f, 0x00, 0x00, 0x26, 0x3f, 0x00, 0x00, 0x26, 0x3d,
  0x00, 0x00, 0x27, 0x3d, 0x00, 0x00, 0x26, 0x3e, 0x00, 0x00, 0x27, 0x3e,
  0x00, 0x00, 0x26, 0x3f, 0x00, 0x00, 0x27, 0x3f, 0x00, 0x00, 0x27, 0x3d,
  0x00, 0x00, 0x28, 0x3d, 0x00, 0x00, 0x27, 0x3e, 0x00, 0x00, 0x28, 0x3e,
  0x00, 0x00, 0x27, 0x3f, 0x00, 0x00, 0x28, 0x3f, 0x00, 0x00, 0x28, 0x3d,
  0x00, 0x00, 0x29, 0x3d, 0x00, 0x00, 0x28, 0x3e, 0x00, 0x00, 0x29, 0x3e,
  0x00, 0x00, 0x28, 0x3f, 0x00, 0x00, 0x29, 0x3f, 0x00, 0x00, 0x29, 0x3d,
  0x00, 0x00, 0x2b, 0x3b, 0x00, 0x00, 0x29, 0x3e, 0x00, 0x00, 0x2a, 0x3e,
  0x00, 0x00, 0x29, 0x3f, 0x00, 0x00, 0x2a, 0x3f, 0x00, 0x00, 0x2b, 0x3b,
  0x00, 0x00, 0x2b, 0x3e, 0x00, 0x00, 0x2a, 0x3e, 0x00, 0x00, 0x2c, 0x3c,
  0x00, 0x00, 0x2a, 0x3f, 0x00, 0x00, 0x2b, 0x3f, 0x00, 0x00, 0x2b, 0x3e,
  0x00, 0x00, 0x2c, 0x3e, 0x00, 0x00, 0x2c, 0x3c, 0x00, 0x00, 0x2c, 0x3f,
  0x00, 0x00, 0x2b, 0x3f, 0x00, 0x00, 0x2d, 0x3d, 0x00, 0x00, 0x2c, 0x3e,
  0x00, 0x00, 0x2d, 0x3e, 0x00, 0x00, 0x2c, 0x3f, 0x00, 0x00, 0x2d, 0x3f,
  0x00, 0x00, 0x2d, 0x3d, 0x00, 0x00, 0x2e, 0x3d, 0x00, 0x00, 0x2d, 0x3e,
  0x00, 0x00, 0x2e, 0x3e, 0x00, 0x00, 0x2d, 0x3f, 0x00, 0x00, 0x2e, 0x3f,
  0x00, 0x00, 0x2e, 0x3d, 0x00, 0x00, 0x2f, 0x3d, 0x00, 0x00, 0x2e, 0x3e,
  0x00, 0x00, 0x2f, 0x3e, 0x00, 0x00, 0x2e, 0x3f, 0x00, 0x00, 0x2f, 0x3f,
  0x00, 0x00, 0x2f, 0x3d, 0x00, 0x00, 0x30, 0x3d, 0x00, 0x00, 0x2f, 0x3e,
  0x00, 0x00, 0x30, 0x3e, 0x00, 0x00, 0x2f, 0x3f, 0x00, 0x00, 0x30, 0x3f,
  0x00, 0x00, 0x30, 0x3d, 0x00, 0x00, 0x31, 0x3d, 0x00, 0x00, 0x30, 0x3e,
  0x00, 0x00, 0x31, 0x3e, 0x00, 0x00, 0x30, 0x3f, 0x00, 0x00, 0x31, 0x3f,
  0x00, 0x00, 0x31, 0x3d, 0x00, 0x00, 0x33, 0x3b, 0x00, 0x00, 0x31, 0x3e,
  0x00, 0x00, 0x32, 0x3e, 0x00, 0x00, 0x31, 0x3f, 0x00, 0x00, 0x32, 0x3f,
  0x00, 0x00, 0x33, 0x3b, 0x00, 0x00, 0x33, 0x3e, 0x00, 0x00, 0x32, 0x3e,
  0x00, 0x00, 0x34, 0x3c, 0x00, 0x00, 0x32, 0x3f, 0x00, 0x00, 0x33, 0x3f,
  0x00, 0x00, 0x33, 0x3e, 0x00, 0x00, 0x34, 0x3e, 0x00, 0x00, 0x34, 0x3c,
  0x00, 0x00, 0x34, 0x3f, 0x00, 0x00, 0x33, 0x3f, 0x00, 0x00, 0x35, 0x3d,
  0x00, 0x00, 0x34, 0x3e, 0x00, 0x00, 0x35, 0x3e, 0x00, 0x00, 0x34, 0x3f,
  0x00, 0x00, 0x35, 0x3f, 0x00, 0x00, 0x35, 0x3d, 0x00, 0x00, 0x36, 0x3d,
  0x00, 0x00, 0x35, 0x3e, 0x00, 0x00, 0x36, 0x3e, 0x00, 0x00, 0x35, 0x3f,
  0x00, 0x00, 0x36, 0x3f, 0x00, 0x00, 0x36, 0x3d, 0x00, 0x00, 0x37, 0x3d,
  0x00, 0x00, 0x36, 0x3e, 0x00, 0x00, 0x37, 0x3e, 0x00, 0x00, 0x36, 0x3f,
  0x00, 0x00, 0x37, 0x3f, 0x00, 0x00, 0x37, 0x3d, 0x00, 0x00, 0x38, 0x3d,
  0x00, 0x00, 0x37, 0x3e, 0x00, 0x00, 0x38, 0x3e, 0x00, 0x00, 0x37, 0x3f,
  0x00, 0x00, 0x38, 0x3f, 0x00, 0x00, 0x38, 0x3d, 0x00, 0x00, 0x39, 0x3d,
  0x00, 0x00, 0x38, 0x3e, 0x00, 0x00, 0x39, 0x3e, 0x00, 0x00, 0x38, 0x3f,
  0x00, 0x00, 0x39, 0x3f, 0x00, 0x00, 0x39, 0x3d, 0x00, 0x00, 0x3b, 0x3b,
  0x00, 0x00, 0x39, 0x3e, 0x00, 0x00, 0x3a, 0x3e, 0x00, 0x00, 0x39, 0x3f,
  0x00, 0x00, 0x3a, 0x3f, 0x00, 0x00, 0x3b, 0x3b, 0x00, 0x00, 0x3b, 0x3e,
  0x00, 0x00, 0x3a, 0x3e, 0x00, 0x00, 0x3c, 0x3c, 0x00, 0x00, 0x3a, 0x3f,
  0x00, 0x00, 0x3b, 0x3f, 0x00, 0x00, 0x3b, 0x3e, 0x00, 0x00, 0x3c, 0x3e,
  0x00, 0x00, 0x3c, 0x3c, 0x00, 0x00, 0x3c, 0x3f, 0x00, 0x00, 0x3b, 0x3f,
  0x00, 0x00, 0x3d, 0x3d, 0x00, 0x00, 0x3c, 0x3e, 0x00, 0x00, 0x3d, 0x3e,
  0x00, 0x00, 0x3c, 0x3f, 0x00, 0x00, 0x3d, 0x3f, 0x00, 0x00, 0x3d, 0x3d,
  0x00, 0x00, 0x3e, 0x3d, 0x00, 0x00, 0x3d, 0x3e, 0x00, 0x00, 0x3e, 0x3e,
  0x00, 0x00, 0x3d, 0x3f, 0x00, 0x00, 0x3e, 0x3f, 0x00, 0x00, 0x3e, 0x3d,
  0x00, 0x00, 0x3f, 0x3d, 0x00, 0x00, 0x3e, 0x3e, 0x00, 0x00, 0x3f, 0x3e,
  0x00, 0x00, 0x3e, 0x3f, 0x00, 0x00, 0x3f, 0x3f, 0x00, 0x00, 0x3f, 0x3d,
  0x01, 0x00, 0x3f, 0x3f, 0x00, 0x00, 0x3f, 0x3e, 0x04, 0x00, 0x3f, 0x3f,
  0x00, 0x00, 0x3f, 0x3f, 0x00, 0x00, 0x00, 0x00, 0x01, 0x00, 0x00, 0x00,
  0x04, 0x00, 0x00, 0x00, 0x01, 0x00, 0x00, 0x01, 0x00, 0x00, 0x00, 0x01,
  0x01, 0x00, 0x00, 0x01, 0x04, 0x00, 0x00, 0x01, 0x04, 0x00, 0x00, 0x02,
  0x01, 0x00, 0x00, 0x02, 0x00, 0x00, 0x00, 0x02, 0x01, 0x00, 0x00, 0x02,
  0x01, 0x00, 0x01, 0x00, 0x00, 0x00, 0x01, 0x00, 0x01, 0x00, 0x00, 0x03,
  0x00, 0x00, 0x00, 0x03, 0x01, 0x00, 0x00, 0x03, 0x01, 0x00, 0x01, 0x01,
  0x00, 0x00, 0x01, 0x01, 0x01, 0x00, 0x00, 0x04, 0x00, 0x00, 0x00, 0x04,
  0x01, 0x00, 0x00, 0x04, 0x00, 0x00, 0x01, 0x02, 0x01, 0x00, 0x01, 0x02,
  0x01, 0x00, 0x00, 0x05, 0x00, 0x00, 0x00, 0x05, 0x01, 0x00, 0x00, 0x05,
  0x00, 0x00, 0x01, 0x03, 0x01, 0x00, 0x00, 0x06, 0x00, 0x00, 0x00, 0x06,
  0x00, 0x00, 0x02, 0x01, 0x01, 0x00, 0x01, 0x04, 0x00, 0x00, 0x01, 0x04,
  0x01, 0x00, 0x00, 0x07, 0x00, 0x00, 0x00, 0x07, 0x00, 0x00, 0x02, 0x02,
  0x01, 0x00, 0x01, 0x05, 0x00, 0x00, 0x01, 0x05, 0x01, 0x00, 0x00, 0x08,
  0x00, 0x00, 0x00, 0x08, 0x01, 0x00, 0x00, 0x08, 0x01, 0x00, 0x01, 0x06,
  0x00, 0x00, 0x01, 0x06, 0x01, 0x00, 0x00, 0x09, 0x00, 0x00, 0x00, 0x09,
  0x01, 0x00, 0x00, 0x09, 0x00, 0x00, 0x01, 0x07, 0x00, 0x00, 0x03, 0x02,
  0x01, 0x00, 0x00, 0x0a, 0x00, 0x00, 0x00, 0x0a, 0x00, 0x00, 0x04, 0x00,
  0x00, 0x00, 0x01, 0x08, 0x00, 0x00, 0x03, 0x03, 0x00, 0x00, 0x00, 0x0b,
  0x00, 0x00, 0x02, 0x06, 0x01, 0x00, 0x01, 0x09, 0x00, 0x00, 0x01, 0x09,
  0x00, 0x00, 0x03, 0x04, 0x00, 0x00, 0x00, 0x0c, 0x00, 0x00, 0x02, 0x07,
  0x01, 0x00, 0x01, 0x0a, 0x00, 0x00, 0x01, 0x0a, 0x00, 0x00, 0x05, 0x00,
  0x00, 0x00, 0x00, 0x0d, 0x00, 0x00, 0x04, 0x03, 0x01, 0x00, 0x01, 0x0b,
  0x00, 0x00, 0x01, 0x0b, 0x00, 0x00, 0x05, 0x01, 0x00, 0x00, 0x00, 0x0e,
  0x00, 0x00, 0x04, 0x04, 0x00, 0x00, 0x01, 0x0c, 0x00, 0x00, 0x03, 0x07,
  0x01, 0x00, 0x00, 0x0f, 0x00, 0x00, 0x00, 0x0f, 0x00, 0x00, 0x04, 0x05,
  0x00, 0x00, 0x01, 0x0d, 0x00, 0x00, 0x03, 0x08, 0x01, 0x00, 0x02, 0x0b,
  0x00, 0x00, 0x02, 0x0b, 0x00, 0x00, 0x06, 0x01, 0x00, 0x00, 0x01, 0x0e,
  0x00, 0x00, 0x03, 0x09, 0x01, 0x00, 0x02, 0x0c, 0x00, 0x00, 0x02, 0x0c,
  0x00, 0x00, 0x06, 0x02, 0x00, 0x00, 0x01, 0x0f, 0x00, 0x00, 0x05, 0x05,
  0x00, 0x00, 0x02, 0x0d, 0x00, 0x00, 0x04, 0x08, 0x00, 0x00, 0x06, 0x03,
  0x00, 0x00, 0x03, 0x0b, 0x00, 0x00, 0x05, 0x06, 0x00, 0x00, 0x02, 0x0e,
  0x00, 0x00, 0x04, 0x09, 0x01, 0x00, 0x03, 0x0c, 0x00, 0x00, 0x03, 0x0c,
  0x00, 0x00, 0x07, 0x02, 0x00, 0x00, 0x02, 0x0f, 0x00, 0x00, 0x04, 0x0a,
  0x00, 0x00, 0x08, 0x00, 0x00, 0x00, 0x03, 0x0d, 0x00, 0x00, 0x07, 0x03,
  0x00, 0x00, 0x04, 0x0b, 0x00, 0x00, 0x06, 0x06, 0x01, 0x00, 0x03, 0x0e,
  0x00, 0x00, 0x03, 0x0e, 0x00, 0x00, 0x07, 0x04, 0x00, 0x00, 0x04, 0x0c,
  0x00, 0x00, 0x06, 0x07, 0x00, 0x00, 0x03, 0x0f, 0x00, 0x00, 0x05, 0x0a,
  0x00, 0x00, 0x09, 0x00, 0x00, 0x00, 0x04, 0x0d, 0x00, 0x00, 0x06, 0x08,
  0x01, 0x00, 0x05, 0x0b, 0x00, 0x00, 0x05, 0x0b, 0x00, 0x00, 0x09, 0x01,
  0x00, 0x00, 0x04, 0x0e, 0x00, 0x00, 0x08, 0x04, 0x00, 0x00, 0x05, 0x0c,
  0x00, 0x00, 0x07, 0x07, 0x00, 0x00, 0x09, 0x02, 0x00, 0x00, 0x04, 0x0f,
  0x00, 0x00, 0x08, 0x05, 0x00, 0x00, 0x05, 0x0d, 0x00, 0x00, 0x07, 0x08,
  0x01, 0x00, 0x06, 0x0b, 0x00, 0x00, 0x06, 0x0b, 0x00, 0x00, 0x0a, 0x01,
  0x00, 0x00, 0x05, 0x0e, 0x00, 0x00, 0x07, 0x09, 0x01, 0x00, 0x06, 0x0c,
  0x00, 0x00, 0x06, 0x0c, 0x00, 0x00, 0x0a, 0x02, 0x00, 0x00, 0x05, 0x0f,
  0x00, 0x00, 0x09, 0x05, 0x00, 0x00, 0x06, 0x0d, 0x00, 0x00, 0x08, 0x08,
  0x00, 0x00, 0x0a, 0x03, 0x00, 0x00, 0x07, 0x0b, 0x00, 0x00, 0x09, 0x06,
  0x00, 0x00, 0x06, 0x0e, 0x00, 0x00, 0x08, 0x09, 0x01, 0x00, 0x07, 0x0c,
  0x00, 0x00, 0x07, 0x0c, 0x00, 0x00, 0x0b, 0x02, 0x00, 0x00, 0x06, 0x0f,
  0x00, 0x00, 0x08, 0x0a, 0x00, 0x00, 0x0c, 0x00, 0x00, 0x00, 0x07, 0x0d,
  0x00, 0x00, 0x0b, 0x03, 0x00, 0x00, 0x08, 0x0b, 0x00, 0x00, 0x0a, 0x06,
  0x01, 0x00, 0x07, 0x0e, 0x00, 0x00, 0x07, 0x0e, 0x00, 0x00, 0x0b, 0x04,
  0x00, 0x00, 0x08, 0x0c, 0x00, 0x00, 0x0a, 0x07, 0x00, 0x00, 0x07, 0x0f,
  0x00, 0x00, 0x09, 0x0a, 0x00, 0x00, 0x0d, 0x00, 0x00, 0x00, 0x08, 0x0d,
  0x00, 0x00, 0x0a, 0x08, 0x01, 0x00, 0x09, 0x0b, 0x00, 0x00, 0x09, 0x0b,
  0x00, 0x00, 0x0d, 0x01, 0x00, 0x00, 0x08, 0x0e, 0x00, 0x00, 0x0c, 0x04,
  0x00, 0x00, 0x09, 0x0c, 0x00, 0x00, 0x0b, 0x07, 0x00, 0x00, 0x0d, 0x02,
  0x00, 0x00, 0x08, 0x0f, 0x00, 0x00, 0x0c, 0x05, 0x00, 0x00, 0x09, 0x0d,
  0x00, 0x00, 0x0b, 0x08, 0x01, 0x00, 0x0a, 0x0b, 0x00, 0x00, 0x0a, 0x0b,
  0x00, 0x00, 0x0e, 0x01, 0x00, 0x00, 0x09, 0x0e, 0x00, 0x00, 0x0b, 0x09,
  0x01, 0x00, 0x0a, 0x0c, 0x00, 0x00, 0x0a, 0x0c, 0x00, 0x00, 0x0e, 0x02,
  0x00, 0x00, 0x09, 0x0f, 0x00, 0x00, 0x0d, 0x05, 0x01, 0x00, 0x0a, 0x0d,
  0x00, 0x00, 0x0a, 0x0d, 0x00, 0x00, 0x0e, 0x03, 0x00, 0x00, 0x0b, 0x0b,
  0x00, 0x00, 0x0d, 0x06, 0x00, 0x00, 0x0a, 0x0e, 0x00, 0x00, 0x0c, 0x09,
  0x01, 0x00, 0x0b, 0x0c, 0x00, 0x00, 0x0b, 0x0c, 0x00, 0x00, 0x0d, 0x07,
  0x00, 0x00, 0x0a, 0x0f, 0x00, 0x00, 0x0c, 0x0a, 0x01, 0x00, 0x0b, 0x0d,
  0x00, 0x00, 0x0b, 0x0d, 0x00, 0x00, 0x0f, 0x03, 0x00, 0x00, 0x0c, 0x0b,
  0x00, 0x00, 0x0e, 0x06, 0x01, 0x00, 0x0b, 0x0e, 0x00, 0x00, 0x0b, 0x0e,
  0x00, 0x00, 0x0f, 0x04, 0x00, 0x00, 0x0c, 0x0c, 0x00, 0x00, 0x0e, 0x07,
  0x00, 0x00, 0x0b, 0x0f, 0x00, 0x00, 0x0d, 0x0a, 0x01, 0x00, 0x0c, 0x0d,
  0x00, 0x00, 0x0c, 0x0d, 0x00, 0x00, 0x0e, 0x08, 0x01, 0x00, 0x0d, 0x0b,
  0x00, 0x00, 0x0d, 0x0b, 0x01, 0x00, 0x0c, 0x0e, 0x00, 0x00, 0x0c, 0x0e,
  0x01, 0x00, 0x0c, 0x0e, 0x01, 0x00, 0x0d, 0x0c, 0x00, 0x00, 0x0d, 0x0c,
  0x01, 0x00, 0x0c, 0x0f, 0x00, 0x00, 0x0c, 0x0f, 0x01, 0x00, 0x0c, 0x0f,
  0x00, 0x00, 0x0d, 0x0d, 0x00, 0x00, 0x0f, 0x08, 0x01, 0x00, 0x0e, 0x0b,
  0x00, 0x00, 0x0e, 0x0b, 0x01, 0x00, 0x0d, 0x0e, 0x00, 0x00, 0x0d, 0x0e,
  0x00, 0x00, 0x0f, 0x09, 0x01, 0x00, 0x0e, 0x0c, 0x00, 0x00, 0x0e, 0x0c,
  0x01, 0x00, 0x0d, 0x0f, 0x00, 0x00, 0x0d, 0x0f, 0x01, 0x00, 0x0d, 0x0f,
  0x01, 0x00, 0x0e, 0x0d, 0x00, 0x00, 0x0e, 0x0d, 0x01, 0x00, 0x0e, 0x0d,
  0x00, 0x00, 0x0f, 0x0b, 0x01, 0x00, 0x0e, 0x0e, 0x00, 0x00, 0x0e, 0x0e,
  0x01, 0x00, 0x0e, 0x0e, 0x01, 0x00, 0x0f, 0x0c, 0x00, 0x00, 0x0f, 0x0c,
  0x01, 0x00, 0x0e, 0x0f, 0x00, 0x00, 0x0e, 0x0f, 0x01, 0x00, 0x0e, 0x0f,
  0x01, 0x00, 0x0f, 0x0d, 0x00, 0x00, 0x0f, 0x0d, 0x01, 0x00, 0x0f, 0x0d,
  0x04, 0x00, 0x0f, 0x0d, 0x04, 0x00, 0x0f, 0x0e, 0x01, 0x00, 0x0f, 0x0e,
  0x00, 0x00, 0x0f, 0x0e, 0x01, 0x00, 0x0f, 0x0e, 0x04, 0x00, 0x0f, 0x0e,
  0x01, 0x00, 0x0f, 0x0f, 0x00, 0x00, 0x0f, 0x0f, 0x00, 0x00, 0x00, 0x00,
  0x01, 0x00, 0x00, 0x00, 0x04, 0x00, 0x00, 0x00, 0x04, 0x00, 0x00, 0x01,
  0x01, 0x00, 0x00, 0x01, 0x00, 0x00, 0x00, 0x01, 0x01, 0x00, 0x00, 0x01,
  0x04, 0x00, 0x00, 0x01, 0x09, 0x00, 0x00, 0x01, 0x04, 0x00, 0x00, 0x02,
  0x01, 0x00, 0x00, 0x02, 0x00, 0x00, 0x00, 0x02, 0x01, 0x00, 0x00, 0x02,
  0x04, 0x00, 0x00, 0x02, 0x04, 0x00, 0x00, 0x03, 0x01, 0x00, 0x00, 0x03,
  0x00, 0x00, 0x00, 0x03, 0x00, 0x00, 0x01, 0x01, 0x01, 0x00, 0x01, 0x01,
  0x04, 0x00, 0x01, 0x01, 0x04, 0x00, 0x00, 0x04, 0x01, 0x00, 0x00, 0x04,
  0x00, 0x00, 0x00, 0x04, 0x01, 0x00, 0x00, 0x04, 0x04, 0x00, 0x00, 0x04,
  0x09, 0x00, 0x00, 0x04, 0x04, 0x00, 0x00, 0x05, 0x01, 0x00, 0x00, 0x05,
  0x00, 0x00, 0x00, 0x05, 0x01, 0x00, 0x00, 0x05, 0x04, 0x00, 0x00, 0x05,
  0x04, 0x00, 0x00, 0x06, 0x01, 0x00, 0x00, 0x06, 0x00, 0x00, 0x00, 0x06,
  0x00, 0x00, 0x02, 0x02, 0x01, 0x00, 0x02, 0x02, 0x04, 0x00, 0x02, 0x02,
  0x04, 0x00, 0x00, 0x07, 0x01, 0x00, 0x00, 0x07, 0x00, 0x00, 0x00, 0x07,
  0x00, 0x00, 0x03, 0x01, 0x01, 0x00, 0x03, 0x01, 0x04, 0x00, 0x00, 0x08,
  0x01, 0x00, 0x00, 0x08, 0x00, 0x00, 0x00, 0x08, 0x00, 0x00, 0x01, 0x06,
  0x01, 0x00, 0x01, 0x06, 0x04, 0x00, 0x01, 0x06, 0x04, 0x00, 0x00, 0x09,
  0x01, 0x00, 0x00, 0x09, 0x00, 0x00, 0x00, 0x09, 0x00, 0x00, 0x03, 0x03,
  0x01, 0x00, 0x03, 0x03, 0x04, 0x00, 0x03, 0x03, 0x04, 0x00, 0x00, 0x0a,
  0x01, 0x00, 0x00, 0x0a, 0x00, 0x00, 0x00, 0x0a, 0x00, 0x00, 0x04, 0x02,
  0x01, 0x00, 0x04, 0x02, 0x04, 0x00, 0x00, 0x0b, 0x01, 0x00, 0x00, 0x0b,
  0x00, 0x00, 0x00, 0x0b, 0x00, 0x00, 0x02, 0x07, 0x01, 0x00, 0x02, 0x07,
  0x04, 0x00, 0x02, 0x07, 0x04, 0x00, 0x00, 0x0c, 0x01, 0x00, 0x00, 0x0c,
  0x00, 0x00, 0x00, 0x0c, 0x00, 0x00, 0x03, 0x06, 0x01, 0x00, 0x03, 0x06,
  0x04, 0x00, 0x00, 0x0d, 0x01, 0x00, 0x00, 0x0d, 0x00, 0x00, 0x00, 0x0d,
  0x00, 0x00, 0x01, 0x0b, 0x00, 0x00, 0x05, 0x03, 0x01, 0x00, 0x05, 0x03,
  0x04, 0x00, 0x00, 0x0e, 0x01, 0x00, 0x00, 0x0e, 0x00, 0x00, 0x00, 0x0e,
  0x00, 0x00, 0x03, 0x08, 0x00, 0x00, 0x06, 0x02, 0x01, 0x00, 0x06, 0x02,
  0x04, 0x00, 0x00, 0x0f, 0x01, 0x00, 0x00, 0x0f, 0x00, 0x00, 0x00, 0x0f,
  0x00, 0x00, 0x04, 0x07, 0x01, 0x00, 0x04, 0x07, 0x04, 0x00, 0x01, 0x0e,
  0x01, 0x00, 0x01, 0x0e, 0x00, 0x00, 0x01, 0x0e, 0x00, 0x00, 0x02, 0x0c,
  0x00, 0x00, 0x06, 0x04, 0x01, 0x00, 0x06, 0x04, 0x04, 0x00, 0x01, 0x0f,
  0x01, 0x00, 0x01, 0x0f, 0x00, 0x00, 0x01, 0x0f, 0x00, 0x00, 0x03, 0x0b,
  0x00, 0x00, 0x07, 0x03, 0x01, 0x00, 0x07, 0x03, 0x04, 0x00, 0x02, 0x0e,
  0x01, 0x00, 0x02, 0x0e, 0x00, 0x00, 0x02, 0x0e, 0x00, 0x00, 0x05, 0x08,
  0x00, 0x00, 0x09, 0x00, 0x01, 0x00, 0x09, 0x00, 0x01, 0x00, 0x02, 0x0f,
  0x00, 0x00, 0x02, 0x0f, 0x00, 0x00, 0x03, 0x0d, 0x00, 0x00, 0x06, 0x07,
  0x01, 0x00, 0x06, 0x07, 0x04, 0x00, 0x03, 0x0e, 0x01, 0x00, 0x03, 0x0e,
  0x00, 0x00, 0x03, 0x0e, 0x00, 0x00, 0x04, 0x0c, 0x00, 0x00, 0x08, 0x04,
  0x01, 0x00, 0x08, 0x04, 0x04, 0x00, 0x03, 0x0f, 0x01, 0x00, 0x03, 0x0f,
  0x00, 0x00, 0x03, 0x0f, 0x00, 0x00, 0x06, 0x09, 0x00, 0x00, 0x09, 0x03,
  0x01, 0x00, 0x09, 0x03, 0x04, 0x00, 0x04, 0x0e, 0x01, 0x00, 0x04, 0x0e,
  0x00, 0x00, 0x04, 0x0e, 0x00, 0x00, 0x07, 0x08, 0x00, 0x00, 0x0b, 0x00,
  0x01, 0x00, 0x0b, 0x00, 0x01, 0x00, 0x04, 0x0f, 0x00, 0x00, 0x04, 0x0f,
  0x00, 0x00, 0x05, 0x0d, 0x00, 0x00, 0x09, 0x05, 0x01, 0x00, 0x09, 0x05,
  0x04, 0x00, 0x05, 0x0e, 0x01, 0x00, 0x05, 0x0e, 0x00, 0x00, 0x05, 0x0e,
  0x00, 0x00, 0x07, 0x0a, 0x00, 0x00, 0x0a, 0x04, 0x01, 0x00, 0x0a, 0x04,
  0x04, 0x00, 0x05, 0x0f, 0x01, 0x00, 0x05, 0x0f, 0x00, 0x00, 0x05, 0x0f,
  0x00, 0x00, 0x08, 0x09, 0x00, 0x00, 0x0c, 0x01, 0x01, 0x00, 0x0c, 0x01,
  0x04, 0x00, 0x06, 0x0e, 0x01, 0x00, 0x06, 0x0e, 0x00, 0x00, 0x06, 0x0e,
  0x00, 0x00, 0x0a, 0x06, 0x00, 0x00, 0x0d, 0x00, 0x01, 0x00, 0x0d, 0x00,
  0x01, 0x00, 0x06, 0x0f, 0x00, 0x00, 0x06, 0x0f, 0x00, 0x00, 0x07, 0x0d,
  0x00, 0x00, 0x0b, 0x05, 0x01, 0x00, 0x0b, 0x05, 0x04, 0x00, 0x07, 0x0e,
  0x01, 0x00, 0x07, 0x0e, 0x00, 0x00, 0x07, 0x0e, 0x00, 0x00, 0x09, 0x0a,
  0x00, 0x00, 0x0d, 0x02, 0x01, 0x00, 0x0d, 0x02, 0x04, 0x00, 0x07, 0x0f,
  0x01, 0x00, 0x07, 0x0f, 0x00, 0x00, 0x07, 0x0f, 0x00, 0x00, 0x0a, 0x09,
  0x00, 0x00, 0x0e, 0x01, 0x01, 0x00, 0x0e, 0x01, 0x04, 0x00, 0x08, 0x0e,
  0x01, 0x00, 0x08, 0x0e, 0x00, 0x00, 0x08, 0x0e, 0x00, 0x00, 0x0c, 0x06,
  0x01, 0x00, 0x0c, 0x06, 0x04, 0x00, 0x08, 0x0f, 0x01, 0x00, 0x08, 0x0f,
  0x00, 0x00, 0x08, 0x0f, 0x00, 0x00, 0x0a, 0x0b, 0x00, 0x00, 0x0d, 0x05,
  0x01, 0x00, 0x0d, 0x05, 0x04, 0x00, 0x09, 0x0e, 0x01, 0x00, 0x09, 0x0e,
  0x00, 0x00, 0x09, 0x0e, 0x00, 0x00, 0x0b, 0x0a, 0x00, 0x00, 0x0f, 0x02,
  0x01, 0x00, 0x0f, 0x02, 0x04, 0x00, 0x09, 0x0f, 0x01, 0x00, 0x09, 0x0f,
  0x00, 0x00, 0x09, 0x0f, 0x00, 0x00, 0x0d, 0x07, 0x01, 0x00, 0x0d, 0x07,
  0x04, 0x00, 0x0d, 0x07, 0x04, 0x00, 0x0a, 0x0e, 0x01, 0x00, 0x0a, 0x0e,
  0x00, 0x00, 0x0a, 0x0e, 0x00, 0x00, 0x0e, 0x06, 0x01, 0x00, 0x0e, 0x06,
  0x04, 0x00, 0x0a, 0x0f, 0x01, 0x00, 0x0a, 0x0f, 0x00, 0x00, 0x0a, 0x0f,
  0x00, 0x00, 0x0c, 0x0b, 0x01, 0x00, 0x0c, 0x0b, 0x04, 0x00, 0x0c, 0x0b,
  0x04, 0x00, 0x0b, 0x0e, 0x01, 0x00, 0x0b, 0x0e, 0x00, 0x00, 0x0b, 0x0e,
  0x00, 0x00, 0x0d, 0x0a, 0x01, 0x00, 0x0d, 0x0a, 0x04, 0x00, 0x0d, 0x0a,
  0x04, 0x00, 0x0b, 0x0f, 0x01, 0x00, 0x0b, 0x0f, 0x00, 0x00, 0x0b, 0x0f,
  0x00, 0x00, 0x0f, 0x07, 0x01, 0x00, 0x0f, 0x07, 0x04, 0x00, 0x0c, 0x0e,
  0x01, 0x00, 0x0c, 0x0e, 0x00, 0x00, 0x0c, 0x0e, 0x00, 0x00, 0x0d, 0x0c,
  0x01, 0x00, 0x0d, 0x0c, 0x04, 0x00, 0x0d, 0x0c, 0x04, 0x00, 0x0c, 0x0f,
  0x01, 0x00, 0x0c, 0x0f, 0x00, 0x00, 0x0c, 0x0f, 0x00, 0x00, 0x0e, 0x0b,
  0x01, 0x00, 0x0e, 0x0b, 0x04, 0x00, 0x0e, 0x0b, 0x04, 0x00, 0x0d, 0x0e,
  0x01, 0x00, 0x0d, 0x0e, 0x00, 0x00, 0x0d, 0x0e, 0x01, 0x00, 0x0d, 0x0e,
  0x04, 0x00, 0x0d, 0x0e, 0x09, 0x00, 0x0d, 0x0e, 0x04, 0x00, 0x0d, 0x0f,
  0x01, 0x00, 0x0d, 0x0f, 0x00, 0x00, 0x0d, 0x0f, 0x01, 0x00, 0x0d, 0x0f,
  0x04, 0x00, 0x0d, 0x0f, 0x04, 0x00, 0x0e, 0x0e, 0x01, 0x00, 0x0e, 0x0e,
  0x00, 0x00, 0x0e, 0x0e, 0x00, 0x00, 0x0f, 0x0c, 0x01, 0x00, 0x0f, 0x0c,
  0x04, 0x00, 0x0f, 0x0c, 0x04, 0x00, 0x0e, 0x0f, 0x01, 0x00, 0x0e, 0x0f,
  0x00, 0x00, 0x0e, 0x0f, 0x01, 0x00, 0x0e, 0x0f, 0x04, 0x00, 0x0e, 0x0f,
  0x09, 0x00, 0x0e, 0x0f, 0x04, 0x00, 0x0f, 0x0e, 0x01, 0x00, 0x0f, 0x0e,
  0x00, 0x00, 0x0f, 0x0e, 0x01, 0x00, 0x0f, 0x0e, 0x04, 0x00, 0x0f, 0x0e,
  0x04, 0x00, 0x0f, 0x0f, 0x01, 0x00, 0x0f, 0x0f, 0x00, 0x00, 0x0f, 0x0f,
  0x00, 0x00, 0x00, 0x00, 0x01, 0x00, 0x00, 0x00, 0x04, 0x00, 0x00, 0x00,
  0x09, 0x00, 0x00, 0x00, 0x09, 0x00, 0x00, 0x01, 0x04, 0x00, 0x00, 0x01,
  0x01, 0x00, 0x00, 0x01, 0x00, 0x00, 0x00, 0x01, 0x01, 0x00, 0x00, 0x01,
  0x04, 0x00, 0x00, 0x01, 0x09, 0x00, 0x00, 0x01, 0x10, 0x00, 0x00, 0x01,
  0x09, 0x00, 0x00, 0x02, 0x04, 0x00, 0x00, 0x02, 0x01, 0x00, 0x00, 0x02,
  0x00, 0x00, 0x00, 0x02, 0x01, 0x00, 0x00, 0x02, 0x04, 0x00, 0x00, 0x02,
  0x09, 0x00, 0x00, 0x02, 0x09, 0x00, 0x00, 0x03, 0x04, 0x00, 0x00, 0x03,
  0x01, 0x00, 0x00, 0x03, 0x00, 0x00, 0x00, 0x03, 0x00, 0x00, 0x01, 0x01,
  0x01, 0x00, 0x01, 0x01, 0x04, 0x00, 0x01, 0x01, 0x09, 0x00, 0x01, 0x01,
  0x09, 0x00, 0x00, 0x04, 0x04, 0x00, 0x00, 0x04, 0x01, 0x00, 0x00, 0x04,
  0x00, 0x00, 0x00, 0x04, 0x00, 0x00, 0x02, 0x00, 0x01, 0x00, 0x02, 0x00,
  0x04, 0x00, 0x02, 0x00, 0x09, 0x00, 0x02, 0x00, 0x09, 0x00, 0x00, 0x05,
  0x04, 0x00, 0x00, 0x05, 0x01, 0x00, 0x00, 0x05, 0x00, 0x00, 0x00, 0x05,
  0x01, 0x00, 0x00, 0x05, 0x04, 0x00, 0x00, 0x05, 0x09, 0x00, 0x00, 0x05,
  0x09, 0x00, 0x00, 0x06, 0x04, 0x00, 0x00, 0x06, 0x01, 0x00, 0x00, 0x06,
  0x00, 0x00, 0x00, 0x06, 0x00, 0x00, 0x02, 0x02, 0x01, 0x00, 0x02, 0x02,
  0x04, 0x00, 0x02, 0x02, 0x09, 0x00, 0x02, 0x02, 0x09, 0x00, 0x00, 0x07,
  0x04, 0x00, 0x00, 0x07, 0x01, 0x00, 0x00, 0x07, 0x00, 0x00, 0x00, 0x07,
  0x00, 0x00, 0x03, 0x01, 0x01, 0x00, 0x03, 0x01, 0x04, 0x00, 0x03, 0x01,
  0x09, 0x00, 0x03, 0x01, 0x09, 0x00, 0x00, 0x08, 0x04, 0x00, 0x00, 0x08,
  0x01, 0x00, 0x00, 0x08, 0x00, 0x00, 0x00, 0x08, 0x00, 0x00, 0x04, 0x00,
  0x01, 0x00, 0x04, 0x00, 0x04, 0x00, 0x04, 0x00, 0x09, 0x00, 0x00, 0x09,
  0x04, 0x00, 0x00, 0x09, 0x01, 0x00, 0x00, 0x09, 0x00, 0x00, 0x00, 0x09,
  0x00, 0x00, 0x01, 0x07, 0x01, 0x00, 0x01, 0x07, 0x04, 0x00, 0x01, 0x07,
  0x09, 0x00, 0x01, 0x07, 0x09, 0x00, 0x00, 0x0a, 0x04, 0x00, 0x00, 0x0a,
  0x01, 0x00, 0x00, 0x0a, 0x00, 0x00, 0x00, 0x0a, 0x00, 0x00, 0x04, 0x02,
  0x00, 0x00, 0x05, 0x00, 0x01, 0x00, 0x05, 0x00, 0x04, 0x00, 0x05, 0x00,
  0x09, 0x00, 0x00, 0x0b, 0x04, 0x00, 0x00, 0x0b, 0x01, 0x00, 0x00, 0x0b,
  0x00, 0x00, 0x00, 0x0b, 0x00, 0x00, 0x05, 0x01, 0x01, 0x00, 0x05, 0x01,
  0x04, 0x00, 0x05, 0x01, 0x09, 0x00, 0x01, 0x0a, 0x04, 0x00, 0x01, 0x0a,
  0x01, 0x00, 0x01, 0x0a, 0x00, 0x00, 0x01, 0x0a, 0x00, 0x00, 0x02, 0x08,
  0x00, 0x00, 0x05, 0x02, 0x01, 0x00, 0x05, 0x02, 0x04, 0x00, 0x05, 0x02,
  0x09, 0x00, 0x01, 0x0b, 0x04, 0x00, 0x01, 0x0b, 0x01, 0x00, 0x01, 0x0b,
  0x00, 0x00, 0x01, 0x0b, 0x00, 0x00, 0x03, 0x07, 0x00, 0x00, 0x06, 0x01,
  0x01, 0x00, 0x06, 0x01, 0x04, 0x00, 0x06, 0x01, 0x09, 0x00, 0x02, 0x0a,
  0x04, 0x00, 0x02, 0x0a, 0x01, 0x00, 0x02, 0x0a, 0x00, 0x00, 0x02, 0x0a,
  0x00, 0x00, 0x05, 0x04, 0x00, 0x00, 0x07, 0x00, 0x01, 0x00, 0x07, 0x00,
  0x04, 0x00, 0x07, 0x00, 0x09, 0x00, 0x02, 0x0b, 0x04, 0x00, 0x02, 0x0b,
  0x01, 0x00, 0x02, 0x0b, 0x00, 0x00, 0x02, 0x0b, 0x00, 0x00, 0x05, 0x05,
  0x00, 0x00, 0x07, 0x01, 0x01, 0x00, 0x07, 0x01, 0x04, 0x00, 0x07, 0x01,
  0x04, 0x00, 0x03, 0x0a, 0x01, 0x00, 0x03, 0x0a, 0x00, 0x00, 0x03, 0x0a,
  0x00, 0x00, 0x04, 0x08, 0x00, 0x00, 0x05, 0x06, 0x00, 0x00, 0x07, 0x02,
  0x01, 0x00, 0x07, 0x02, 0x04, 0x00, 0x07, 0x02, 0x04, 0x00, 0x03, 0x0b,
  0x01, 0x00, 0x03, 0x0b, 0x00, 0x00, 0x03, 0x0b, 0x00, 0x00, 0x05, 0x07,
  0x00, 0x00, 0x07, 0x03, 0x00, 0x00, 0x08, 0x01, 0x01, 0x00, 0x08, 0x01,
  0x04, 0x00, 0x08, 0x01, 0x04, 0x00, 0x04, 0x0a, 0x01, 0x00, 0x04, 0x0a,
  0x00, 0x00, 0x04, 0x0a, 0x00, 0x00, 0x05, 0x08, 0x00, 0x00, 0x07, 0x04,
  0x01, 0x00, 0x07, 0x04, 0x04, 0x00, 0x07, 0x04, 0x09, 0x00, 0x04, 0x0b,
  0x04, 0x00, 0x04, 0x0b, 0x01, 0x00, 0x04, 0x0b, 0x00, 0x00, 0x04, 0x0b,
  0x00, 0x00, 0x05, 0x09, 0x00, 0x00, 0x07, 0x05, 0x01, 0x00, 0x07, 0x05,
  0x04, 0x00, 0x07, 0x05, 0x09, 0x00, 0x05, 0x0a, 0x04, 0x00, 0x05, 0x0a,
  0x01, 0x00, 0x05, 0x0a, 0x00, 0x00, 0x05, 0x0a, 0x00, 0x00, 0x06, 0x08,
  0x00, 0x00, 0x09, 0x02, 0x01, 0x00, 0x09, 0x02, 0x04, 0x00, 0x09, 0x02,
  0x09, 0x00, 0x05, 0x0b, 0x04, 0x00, 0x05, 0x0b, 0x01, 0x00, 0x05, 0x0b,
  0x00, 0x00, 0x05, 0x0b, 0x00, 0x00, 0x07, 0x07, 0x00, 0x00, 0x0a, 0x01,
  0x01, 0x00, 0x0a, 0x01, 0x04, 0x00, 0x0a, 0x01, 0x09, 0x00, 0x06, 0x0a,
  0x04, 0x00, 0x06, 0x0a, 0x01, 0x00, 0x06, 0x0a, 0x00, 0x00, 0x06, 0x0a,
  0x00, 0x00, 0x07, 0x08, 0x01, 0x00, 0x07, 0x08, 0x04, 0x00, 0x07, 0x08,
  0x09, 0x00, 0x06, 0x0b, 0x04, 0x00, 0x06, 0x0b, 0x01, 0x00, 0x06, 0x0b,
  0x00, 0x00, 0x06, 0x0b, 0x00, 0x00, 0x07, 0x09, 0x00, 0x00, 0x08, 0x07,
  0x01, 0x00, 0x08, 0x07, 0x04, 0x00, 0x08, 0x07, 0x09, 0x00, 0x08, 0x07,
  0x09, 0x00, 0x07, 0x0a, 0x04, 0x00, 0x07, 0x0a, 0x01, 0x00, 0x07, 0x0a,
  0x00, 0x00, 0x07, 0x0a, 0x00, 0x00, 0x0b, 0x02, 0x01, 0x00, 0x0b, 0x02,
  0x04, 0x00, 0x0b, 0x02, 0x09, 0x00, 0x07, 0x0b, 0x04, 0x00, 0x07, 0x0b,
  0x01, 0x00, 0x07, 0x0b, 0x00, 0x00, 0x07, 0x0b, 0x00, 0x00, 0x08, 0x09,
  0x01, 0x00, 0x08, 0x09, 0x04, 0x00, 0x08, 0x09, 0x09, 0x00, 0x08, 0x09,
  0x09, 0x00, 0x08, 0x0a, 0x04, 0x00, 0x08, 0x0a, 0x01, 0x00, 0x08, 0x0a,
  0x00, 0x00, 0x08, 0x0a, 0x00, 0x00, 0x09, 0x08, 0x01, 0x00, 0x09, 0x08,
  0x04, 0x00, 0x09, 0x08, 0x09, 0x00, 0x09, 0x08, 0x09, 0x00, 0x08, 0x0b,
  0x04, 0x00, 0x08, 0x0b, 0x01, 0x00, 0x08, 0x0b, 0x00, 0x00, 0x08, 0x0b,
  0x00, 0x00, 0x0a, 0x07, 0x01, 0x00, 0x0a, 0x07, 0x04, 0x00, 0x0a, 0x07,
  0x09, 0x00, 0x0a, 0x07, 0x09, 0x00, 0x09, 0x0a, 0x04, 0x00, 0x09, 0x0a,
  0x01, 0x00, 0x09, 0x0a, 0x00, 0x00, 0x09, 0x0a, 0x01, 0x00, 0x09, 0x0a,
  0x04, 0x00, 0x09, 0x0a, 0x09, 0x00, 0x09, 0x0a, 0x09, 0x00, 0x09, 0x0b,
  0x04, 0x00, 0x09, 0x0b, 0x01, 0x00, 0x09, 0x0b, 0x00, 0x00, 0x09, 0x0b,
  0x00, 0x00, 0x0a, 0x09, 0x01, 0x00, 0x0a, 0x09, 0x04, 0x00, 0x0a, 0x09,
  0x09, 0x00, 0x0a, 0x09, 0x09, 0x00, 0x0a, 0x0a, 0x04, 0x00, 0x0a, 0x0a,
  0x01, 0x00, 0x0a, 0x0a, 0x00, 0x00, 0x0a, 0x0a, 0x00, 0x00, 0x0b, 0x08,
  0x01, 0x00, 0x0b, 0x08, 0x04, 0x00, 0x0b, 0x08, 0x09, 0x00, 0x0b, 0x08,
  0x09, 0x00, 0x0a, 0x0b, 0x04, 0x00, 0x0a, 0x0b, 0x01, 0x00, 0x0a, 0x0b,
  0x00, 0x00, 0x0a, 0x0b, 0x01, 0x00, 0x0a, 0x0b, 0x04, 0x00, 0x0a, 0x0b,
  0x09, 0x00, 0x0a, 0x0b, 0x10, 0x00, 0x0a, 0x0b, 0x09, 0x00, 0x0b, 0x0a,
  0x04, 0x00, 0x0b, 0x0a, 0x01, 0x00, 0x0b, 0x0a, 0x00, 0x00, 0x0b, 0x0a,
  0x01, 0x00, 0x0b, 0x0a, 0x04, 0x00, 0x0b, 0x0a, 0x09, 0x00, 0x0b, 0x0a,
  0x09, 0x00, 0x0b, 0x0b, 0x04, 0x00, 0x0b, 0x0b, 0x01, 0x00, 0x0b, 0x0b,
  0x00, 0x00, 0x0b, 0x0b, 0x00, 0x00, 0x00, 0x00, 0x00, 0x00, 0x00, 0x02,
  0x00, 0x00, 0x00, 0x03, 0x00, 0x00, 0x00, 0x05, 0x00, 0x00, 0x00, 0x06,
  0x00, 0x00, 0x00, 0x08, 0x00, 0x00, 0x00, 0x09, 0x00, 0x00, 0x00, 0x0b,
  0x00, 0x00, 0x00, 0x0c, 0x00, 0x00, 0x00, 0x0e, 0x00, 0x00, 0x00, 0x0f,
  0x00, 0x00, 0x00, 0x11, 0x00, 0x00, 0x00, 0x12, 0x00, 0x00, 0x00, 0x14,
  0x00, 0x00, 0x00, 0x15, 0x00, 0x00, 0x00, 0x17, 0x00, 0x00, 0x00, 0x18,
  0x00, 0x00, 0x00, 0x19, 0x00, 0x00, 0x00, 0x1b, 0x00, 0x00, 0x00, 0x1c,
  0x00, 0x00, 0x00, 0x1e, 0x00, 0x00, 0x00, 0x1f, 0x00, 0x00, 0x00, 0x21,
  0x00, 0x00, 0x00, 0x22, 0x00, 0x00, 0x00, 0x24, 0x00, 0x00, 0x00, 0x25,
  0x00, 0x00, 0x00, 0x27, 0x00, 0x00, 0x00, 0x28, 0x00, 0x00, 0x00, 0x2a,
  0x00, 0x00, 0x00, 0x2b, 0x00, 0x00, 0x00, 0x2d, 0x00, 0x00, 0x00, 0x2e,
  0x00, 0x00, 0x00, 0x2f, 0x00, 0x00, 0x01, 0x2a, 0x00, 0x00, 0x01, 0x2c,
  0x00, 0x00, 0x01, 0x2d, 0x00, 0x00, 0x01, 0x2f, 0x00, 0x00, 0x02, 0x29,
  0x00, 0x00, 0x02, 0x2a, 0x00, 0x00, 0x02, 0x2b, 0x00, 0x00, 0x02, 0x2d,
  0x00, 0x00, 0x02, 0x2e, 0x00, 0x00, 0x03, 0x29, 0x00, 0x00, 0x03, 0x2b,
  0x00, 0x00, 0x03, 0x2c, 0x00, 0x00, 0x03, 0x2e, 0x00, 0x00, 0x03, 0x2f,
  0x00, 0x00, 0x04, 0x2a, 0x00, 0x00, 0x04, 0x2c, 0x00, 0x00, 0x04, 0x2d,
  0x00, 0x00, 0x04, 0x2f, 0x00, 0x00, 0x05, 0x29, 0x00, 0x00, 0x05, 0x2a,
  0x00, 0x00, 0x05, 0x2b, 0x00, 0x00, 0x05, 0x2d, 0x00, 0x00, 0x05, 0x2e,
  0x00, 0x00, 0x06, 0x29, 0x00, 0x00, 0x06, 0x2b, 0x00, 0x00, 0x06, 0x2c,
  0x00, 0x00, 0x06, 0x2e, 0x00, 0x00, 0x06, 0x2f, 0x00, 0x00, 0x07, 0x29,
  0x00, 0x00, 0x07, 0x2b, 0x00, 0x00, 0x07, 0x2c, 0x00, 0x00, 0x07, 0x2d,
  0x00, 0x00, 0x07, 0x2f, 0x00, 0x00, 0x08, 0x2a, 0x00, 0x00, 0x08, 0x2b,
  0x00, 0x00, 0x08, 0x2d, 0x00, 0x00, 0x08, 0x2e, 0x00, 0x00, 0x09, 0x29,
  0x00, 0x00, 0x09, 0x2b, 0x00, 0x00, 0x09, 0x2c, 0x00, 0x00, 0x09, 0x2e,
  0x00, 0x00, 0x09, 0x2f, 0x00, 0x00, 0x0a, 0x29, 0x00, 0x00, 0x0a, 0x2a,
  0x00, 0x00, 0x0a, 0x2c, 0x00, 0x00, 0x0a, 0x2d, 0x00, 0x00, 0x0a, 0x2f,
  0x00, 0x00, 0x0b, 0x2a, 0x00, 0x00, 0x0b, 0x2b, 0x00, 0x00, 0x0b, 0x2d,
  0x00, 0x00, 0x0b, 0x2e, 0x00, 0x00, 0x0c, 0x28, 0x00, 0x00, 0x0c, 0x29,
  0x00, 0x00, 0x0c, 0x2b, 0x00, 0x00, 0x0c, 0x2c, 0x00, 0x00, 0x0c, 0x2e,
  0x00, 0x00, 0x0c, 0x2f, 0x00, 0x00, 0x0d, 0x2a, 0x00, 0x00, 0x0d, 0x2c,
  0x00, 0x00, 0x0d, 0x2d, 0x00, 0x00, 0x0d, 0x2f, 0x00, 0x00, 0x0e, 0x29,
  0x00, 0x00, 0x0e, 0x2a, 0x00, 0x00, 0x0e, 0x2b, 0x00, 0x00, 0x0e, 0x2d,
  0x00, 0x00, 0x0e, 0x2e, 0x00, 0x00, 0x0f, 0x29, 0x00, 0x00, 0x0f, 0x2b,
  0x00, 0x00, 0x0f, 0x2c, 0x00, 0x00, 0x0f, 0x2e, 0x00, 0x00, 0x0f, 0x2f,
  0x00, 0x00, 0x10, 0x2a, 0x00, 0x00, 0x10, 0x2c, 0x00, 0x00, 0x10, 0x2d,
  0x00, 0x00, 0x10, 0x2f, 0x00, 0x00, 0x11, 0x28, 0x00, 0x00, 0x11, 0x2a,
  0x00, 0x00, 0x11, 0x2b, 0x00, 0x00, 0x11, 0x2d, 0x00, 0x00, 0x11, 0x2e,
  0x00, 0x00, 0x12, 0x29, 0x00, 0x00, 0x12, 0x2b, 0x00, 0x00, 0x12, 0x2c,
  0x00, 0x00, 0x12, 0x2e, 0x00, 0x00, 0x12, 0x2f, 0x00, 0x00, 0x13, 0x29,
  0x00, 0x00, 0x13, 0x2a, 0x00, 0x00, 0x13, 0x2c, 0x00, 0x00, 0x13, 0x2d,
  0x00, 0x00, 0x13, 0x2f, 0x00, 0x00, 0x14, 0x2a, 0x00, 0x00, 0x14, 0x2b,
  0x00, 0x00, 0x14, 0x2d, 0x00, 0x00, 0x14, 0x2e, 0x00, 0x00, 0x15, 0x29,
  0x00, 0x00, 0x15, 0x2b, 0x00, 0x00, 0x15, 0x2c, 0x00, 0x00, 0x15, 0x2e,
  0x00, 0x00, 0x15, 0x2f, 0x00, 0x00, 0x16, 0x29, 0x00, 0x00, 0x16, 0x2a,
  0x00, 0x00, 0x16, 0x2c, 0x00, 0x00, 0x16, 0x2d, 0x00, 0x00, 0x16, 0x2f,
  0x00, 0x00, 0x17, 0x2a, 0x00, 0x00, 0x17, 0x2b, 0x00, 0x00, 0x17, 0x2d,
  0x00, 0x00, 0x17, 0x2e, 0x00, 0x00, 0x18, 0x26, 0x00, 0x00, 0x18, 0x28,
  0x00, 0x00, 0x18, 0x29, 0x00, 0x00, 0x18, 0x2b, 0x00, 0x00, 0x18, 0x2c,
  0x00, 0x00, 0x18, 0x2e, 0x00, 0x00, 0x18, 0x2f, 0x00, 0x00, 0x19, 0x2a,
  0x00, 0x00, 0x19, 0x2c, 0x00, 0x00, 0x19, 0x2d, 0x00, 0x00, 0x19, 0x2f,
  0x00, 0x00, 0x1a, 0x29, 0x00, 0x00, 0x1a, 0x2a, 0x00, 0x00, 0x1a, 0x2b,
  0x00, 0x00, 0x1a, 0x2d, 0x00, 0x00, 0x1a, 0x2e, 0x00, 0x00, 0x1b, 0x29,
  0x00, 0x00, 0x1b, 0x2b, 0x00, 0x00, 0x1b, 0x2c, 0x00, 0x00, 0x1b, 0x2e,
  0x00, 0x00, 0x1b, 0x2f, 0x00, 0x00, 0x1c, 0x2a, 0x00, 0x00, 0x1c, 0x2c,
  0x00, 0x00, 0x1c, 0x2d, 0x00, 0x00, 0x1c, 0x2f, 0x00, 0x00, 0x1d, 0x28,
  0x00, 0x00, 0x1d, 0x2a, 0x00, 0x00, 0x1d, 0x2b, 0x00, 0x00, 0x1d, 0x2d,
  0x00, 0x00, 0x1d, 0x2e, 0x00, 0x00, 0x1e, 0x29, 0x00, 0x00, 0x1e, 0x2b,
  0x00, 0x00, 0x1e, 0x2c, 0x00, 0x00, 0x1e, 0x2e, 0x00, 0x00, 0x1e, 0x2f,
  0x00, 0x00, 0x1f, 0x29, 0x00, 0x00, 0x1f, 0x2a, 0x00, 0x00, 0x1f, 0x2c,
  0x00, 0x00, 0x1f, 0x2d, 0x00, 0x00, 0x1f, 0x2f, 0x00, 0x00, 0x20, 0x2a,
  0x00, 0x00, 0x20, 0x2b, 0x00, 0x00, 0x20, 0x2d, 0x00, 0x00, 0x20, 0x2e,
  0x00, 0x00, 0x21, 0x29, 0x00, 0x00, 0x21, 0x2b, 0x00, 0x00, 0x21, 0x2c,
  0x00, 0x00, 0x21, 0x2e, 0x00, 0x00, 0x21, 0x2f, 0x00, 0x00, 0x22, 0x29,
  0x00, 0x00, 0x22, 0x2a, 0x00, 0x00, 0x22, 0x2c, 0x00, 0x00, 0x22, 0x2d,
  0x00, 0x00, 0x22, 0x2f, 0x00, 0x00, 0x23, 0x2a, 0x00, 0x00, 0x23, 0x2b,
  0x00, 0x00, 0x23, 0x2d, 0x00, 0x00, 0x23, 0x2e, 0x00, 0x00, 0x24, 0x28,
  0x00, 0x00, 0x24, 0x29, 0x00, 0x00, 0x24, 0x2b, 0x00, 0x00, 0x24, 0x2c,
  0x00, 0x00, 0x24, 0x2e, 0x00, 0x00, 0x24, 0x2f, 0x00, 0x00, 0x25, 0x2a,
  0x00, 0x00, 0x25, 0x2c, 0x00, 0x00, 0x25, 0x2d, 0x00, 0x00, 0x25, 0x2f,
  0x00, 0x00, 0x26, 0x28, 0x00, 0x00, 0x26, 0x2a, 0x00, 0x00, 0x26, 0x2b,
  0x00, 0x00, 0x26, 0x2d, 0x00, 0x00, 0x26, 0x2e, 0x00, 0x00, 0x27, 0x29,
  0x00, 0x00, 0x27, 0x2b, 0x00, 0x00, 0x27, 0x2c, 0x00, 0x00, 0x27, 0x2e,
  0x00, 0x00, 0x27, 0x2f, 0x00, 0x00, 0x28, 0x2a, 0x00, 0x00, 0x28, 0x2c,
  0x00, 0x00, 0x28, 0x2d, 0x00, 0x00, 0x28, 0x2f, 0x00, 0x00, 0x29, 0x28,
  0x00, 0x00, 0x29, 0x2a, 0x00, 0x00, 0x29, 0x2b, 0x00, 0x00, 0x29, 0x2d,
  0x00, 0x00, 0x29, 0x2e, 0x00, 0x00, 0x2a, 0x29, 0x00, 0x00, 0x2a, 0x2b,
  0x00, 0x00, 0x2a, 0x2c, 0x00, 0x00, 0x2a, 0x2e, 0x00, 0x00, 0x2a, 0x2f,
  0x00, 0x00, 0x2b, 0x29, 0x00, 0x00, 0x2b, 0x2a, 0x00, 0x00, 0x2b, 0x2c,
  0x00, 0x00, 0x2b, 0x2d, 0x00, 0x00, 0x2b, 0x2f, 0x00, 0x00, 0x2c, 0x2a,
  0x00, 0x00, 0x2c, 0x2b, 0x00, 0x00, 0x2c, 0x2d, 0x00, 0x00, 0x2c, 0x2e,
  0x00, 0x00, 0x2d, 0x29, 0x00, 0x00, 0x2d, 0x2b, 0x00, 0x00, 0x2d, 0x2c,
  0x00, 0x00, 0x2d, 0x2e, 0x00, 0x00, 0x2d, 0x2f, 0x00, 0x00, 0x2e, 0x29,
  0x00, 0x00, 0x2e, 0x2a, 0x00, 0x00, 0x2e, 0x2c, 0x00, 0x00, 0x2e, 0x2d,
  0x00, 0x00, 0x2e, 0x2f, 0x00, 0x00, 0x2f, 0x2a, 0x00, 0x00, 0x2f, 0x2b,
  0x00, 0x00, 0x2f, 0x2d, 0x00, 0x00, 0x2f, 0x2e, 0x00, 0x00, 0x00, 0x00,
  0x00, 0x00, 0x00, 0x01, 0x01, 0x00, 0x00, 0x01, 0x00, 0x00, 0x00, 0x02,
  0x01, 0x00, 0x00, 0x02, 0x00, 0x00, 0x00, 0x03, 0x00, 0x00, 0x00, 0x04,
  0x00, 0x00, 0x02, 0x00, 0x00, 0x00, 0x00, 0x05, 0x00, 0x00, 0x02, 0x01,
  0x00, 0x00, 0x00, 0x06, 0x00, 0x00, 0x02, 0x02, 0x00, 0x00, 0x00, 0x07,
  0x00, 0x00, 0x01, 0x06, 0x00, 0x00, 0x00, 0x08, 0x00, 0x00, 0x00, 0x09,
  0x00, 0x00, 0x02, 0x05, 0x00, 0x00, 0x00, 0x0a, 0x00, 0x00, 0x05, 0x00,
  0x00, 0x00, 0x00, 0x0b, 0x01, 0x00, 0x00, 0x0b, 0x00, 0x00, 0x00, 0x0c,
  0x00, 0x00, 0x01, 0x0b, 0x00, 0x00, 0x00, 0x0d, 0x00, 0x00, 0x01, 0x0c,
  0x00, 0x00, 0x00, 0x0e, 0x00, 0x00, 0x00, 0x0f, 0x00, 0x00, 0x05, 0x05,
  0x00, 0x00, 0x00, 0x10, 0x00, 0x00, 0x04, 0x09, 0x00, 0x00, 0x00, 0x11,
  0x00, 0x00, 0x00, 0x12, 0x00, 0x00, 0x02, 0x0e, 0x00, 0x00, 0x00, 0x13,
  0x00, 0x00, 0x02, 0x0f, 0x00, 0x00, 0x00, 0x14, 0x00, 0x00, 0x05, 0x0a,
  0x00, 0x00, 0x00, 0x15, 0x00, 0x00, 0x01, 0x14, 0x00, 0x00, 0x00, 0x16,
  0x00, 0x00, 0x00, 0x17, 0x00, 0x00, 0x02, 0x13, 0x00, 0x00, 0x01, 0x16,
  0x00, 0x00, 0x00, 0x18, 0x00, 0x00, 0x00, 0x19, 0x00, 0x00, 0x07, 0x0b,
  0x00, 0x00, 0x00, 0x1a, 0x00, 0x00, 0x07, 0x0c, 0x00, 0x00, 0x00, 0x1b,
  0x00, 0x00, 0x03, 0x16, 0x00, 0x00, 0x00, 0x1c, 0x00, 0x00, 0x01, 0x1b,
  0x00, 0x00, 0x00, 0x1d, 0x00, 0x00, 0x00, 0x1e, 0x00, 0x00, 0x02, 0x1a,
  0x00, 0x00, 0x00, 0x1f, 0x00, 0x00, 0x0c, 0x07, 0x00, 0x00, 0x00, 0x20,
  0x00, 0x00, 0x00, 0x21, 0x00, 0x00, 0x01, 0x1f, 0x00, 0x00, 0x00, 0x22,
  0x00, 0x00, 0x02, 0x1e, 0x00, 0x00, 0x00, 0x23, 0x00, 0x00, 0x02, 0x1f,
  0x00, 0x00, 0x00, 0x24, 0x00, 0x00, 0x01, 0x23, 0x00, 0x00, 0x00, 0x25,
  0x00, 0x00, 0x01, 0x24, 0x00, 0x00, 0x00, 0x26, 0x00, 0x00, 0x00, 0x27,
  0x00, 0x00, 0x02, 0x23, 0x00, 0x00, 0x00, 0x28, 0x00, 0x00, 0x07, 0x1a,
  0x00, 0x00, 0x00, 0x29, 0x00, 0x00, 0x01, 0x28, 0x00, 0x00, 0x00, 0x2a,
  0x00, 0x00, 0x01, 0x29, 0x00, 0x00, 0x00, 0x2b, 0x00, 0x00, 0x00, 0x2c,
  0x00, 0x00, 0x05, 0x22, 0x00, 0x00, 0x00, 0x2d, 0x00, 0x00, 0x07, 0x1f,
  0x00, 0x00, 0x00, 0x2e, 0x00, 0x00, 0x01, 0x2d, 0x00, 0x00, 0x00, 0x2f,
  0x00, 0x00, 0x01, 0x2e, 0x00, 0x00, 0x02, 0x2c, 0x00, 0x00, 0x01, 0x2f,
  0x00, 0x00, 0x05, 0x27, 0x00, 0x00, 0x02, 0x2e, 0x00, 0x00, 0x07, 0x24,
  0x00, 0x00, 0x02, 0x2f, 0x00, 0x00, 0x04, 0x2c, 0x00, 0x00, 0x03, 0x2e,
  0x00, 0x00, 0x03, 0x2f, 0x00, 0x00, 0x05, 0x2b, 0x00, 0x00, 0x04, 0x2e,
  0x00, 0x00, 0x07, 0x28, 0x00, 0x00, 0x04, 0x2f, 0x00, 0x00, 0x07, 0x29,
  0x00, 0x00, 0x05, 0x2e, 0x00, 0x00, 0x06, 0x2d, 0x00, 0x00, 0x05, 0x2f,
  0x00, 0x00, 0x06, 0x2e, 0x00, 0x00, 0x07, 0x2c, 0x00, 0x00, 0x06, 0x2f,
  0x00, 0x00, 0x07, 0x2d, 0x00, 0x00, 0x07, 0x2e, 0x00, 0x00, 0x0c, 0x24,
  0x00, 0x00, 0x07, 0x2f, 0x00, 0x00, 0x0c, 0x25, 0x00, 0x00, 0x08, 0x2e,
  0x00, 0x00, 0x09, 0x2d, 0x00, 0x00, 0x08, 0x2f, 0x00, 0x00, 0x09, 0x2e,
  0x00, 0x00, 0x0a, 0x2c, 0x00, 0x00, 0x09, 0x2f, 0x00, 0x00, 0x0c, 0x29,
  0x00, 0x00, 0x0a, 0x2e, 0x00, 0x00, 0x0e, 0x26, 0x00, 0x00, 0x0a, 0x2f,
  0x00, 0x00, 0x0e, 0x27, 0x00, 0x00, 0x0b, 0x2e, 0x00, 0x00, 0x0b, 0x2f,
  0x00, 0x00, 0x0c, 0x2d, 0x00, 0x00, 0x0d, 0x2c, 0x00, 0x00, 0x0c, 0x2e,
  0x00, 0x00, 0x0c, 0x2f, 0x00, 0x00, 0x0e, 0x2b, 0x00, 0x00, 0x0d, 0x2e,
  0x00, 0x00, 0x11, 0x26, 0x00, 0x00, 0x0d, 0x2f, 0x00, 0x00, 0x13, 0x23,
  0x00, 0x00, 0x0e, 0x2e, 0x00, 0x00, 0x13, 0x24, 0x00, 0x00, 0x0e, 0x2f,
  0x00, 0x00, 0x0f, 0x2e, 0x00, 0x00, 0x11, 0x2a, 0x00, 0x00, 0x0f, 0x2f,
  0x00, 0x00, 0x11, 0x2b, 0x00, 0x00, 0x10, 0x2e, 0x00, 0x00, 0x14, 0x26,
  0x00, 0x00, 0x10, 0x2f, 0x00, 0x00, 0x19, 0x1d, 0x00, 0x00, 0x11, 0x2e,
  0x00, 0x00, 0x12, 0x2d, 0x00, 0x00, 0x11, 0x2f, 0x00, 0x00, 0x12, 0x2e,
  0x00, 0x00, 0x13, 0x2c, 0x00, 0x00, 0x12, 0x2f, 0x00, 0x00, 0x16, 0x27,
  0x00, 0x00, 0x13, 0x2e, 0x00, 0x00, 0x18, 0x24, 0x00, 0x00, 0x13, 0x2f,
  0x00, 0x00, 0x15, 0x2c, 0x00, 0x00, 0x14, 0x2e, 0x00, 0x00, 0x14, 0x2f,
  0x00, 0x00, 0x16, 0x2b, 0x00, 0x00, 0x15, 0x2e, 0x00, 0x00, 0x18, 0x28,
  0x00, 0x00, 0x15, 0x2f, 0x00, 0x00, 0x18, 0x29, 0x00, 0x00, 0x16, 0x2e,
  0x00, 0x00, 0x18, 0x2a, 0x00, 0x00, 0x16, 0x2f, 0x00, 0x00, 0x17, 0x2e,
  0x00, 0x00, 0x19, 0x2a, 0x00, 0x00, 0x17, 0x2f, 0x00, 0x00, 0x18, 0x2d,
  0x00, 0x00, 0x1a, 0x29, 0x00, 0x00, 0x18, 0x2e, 0x00, 0x00, 0x1d, 0x24,
  0x00, 0x00, 0x18, 0x2f, 0x00, 0x00, 0x20, 0x1f, 0x00, 0x00, 0x19, 0x2e,
  0x00, 0x00, 0x19, 0x2f, 0x00, 0x00, 0x1a, 0x2d, 0x00, 0x00, 0x1b, 0x2c,
  0x00, 0x00, 0x1a, 0x2e, 0x00, 0x00, 0x1a, 0x2f, 0x00, 0x00, 0x1d, 0x29,
  0x00, 0x00, 0x1b, 0x2e, 0x00, 0x00, 0x1c, 0x2d, 0x00, 0x00, 0x1b, 0x2f,
  0x00, 0x00, 0x1c, 0x2e, 0x00, 0x00, 0x1d, 0x2c, 0x00, 0x00, 0x1c, 0x2f,
  0x00, 0x00, 0x1e, 0x2b, 0x00, 0x00, 0x1d, 0x2e, 0x00, 0x00, 0x1f, 0x2a,
  0x00, 0x00, 0x1d, 0x2f, 0x00, 0x00, 0x1f, 0x2b, 0x00, 0x00, 0x1e, 0x2e,
  0x00, 0x00, 0x1e, 0x2f, 0x00, 0x00, 0x1f, 0x2d, 0x00, 0x00, 0x21, 0x2a,
  0x00, 0x00, 0x1f, 0x2e, 0x00, 0x00, 0x1f, 0x2f, 0x00, 0x00, 0x22, 0x29,
  0x00, 0x00, 0x20, 0x2e, 0x00, 0x00, 0x24, 0x26, 0x00, 0x00, 0x20, 0x2f,
  0x00, 0x00, 0x24, 0x27, 0x00, 0x00, 0x21, 0x2e, 0x00, 0x00, 0x21, 0x2f,
  0x00, 0x00, 0x22, 0x2d, 0x00, 0x00, 0x23, 0x2c, 0x00, 0x00, 0x22, 0x2e,
  0x00, 0x00, 0x22, 0x2f, 0x00, 0x00, 0x24, 0x2b, 0x00, 0x00, 0x23, 0x2e,
  0x00, 0x00, 0x26, 0x28, 0x00, 0x00, 0x23, 0x2f, 0x00, 0x00, 0x26, 0x29,
  0x00, 0x00, 0x24, 0x2e, 0x00, 0x00, 0x25, 0x2d, 0x00, 0x00, 0x24, 0x2f,
  0x00, 0x00, 0x25, 0x2e, 0x00, 0x00, 0x26, 0x2c, 0x00, 0x00, 0x25, 0x2f,
  0x00, 0x00, 0x27, 0x2b, 0x00, 0x00, 0x26, 0x2e, 0x00, 0x00, 0x2b, 0x24,
  0x00, 0x00, 0x26, 0x2f, 0x00, 0x00, 0x2b, 0x25, 0x00, 0x00, 0x27, 0x2e,
  0x00, 0x00, 0x27, 0x2f, 0x00, 0x00, 0x29, 0x2b, 0x00, 0x00, 0x28, 0x2e,
  0x00, 0x00, 0x29, 0x2c, 0x00, 0x00, 0x28, 0x2f, 0x00, 0x00, 0x2b, 0x29,
  0x00, 0x00, 0x29, 0x2e, 0x00, 0x00, 0x2e, 0x24, 0x00, 0x00, 0x29, 0x2f,
  0x01, 0x00, 0x29, 0x2f, 0x00, 0x00, 0x2a, 0x2e, 0x00, 0x00, 0x2a, 0x2f,
  0x00, 0x00, 0x2b, 0x2d, 0x00, 0x00, 0x2c, 0x2c, 0x00, 0x00, 0x2b, 0x2e,
  0x00, 0x00, 0x2b, 0x2f, 0x00, 0x00, 0x2e, 0x29, 0x00, 0x00, 0x2c, 0x2e,
  0x00, 0x00, 0x2d, 0x2d, 0x00, 0x00, 0x2c, 0x2f, 0x00, 0x00, 0x2d, 0x2e,
  0x00, 0x00, 0x2e, 0x2c, 0x00, 0x00, 0x2d, 0x2f, 0x00, 0x00, 0x2e, 0x2d,
  0x00, 0x00, 0x2e, 0x2e, 0x01, 0x00, 0x2e, 0x2e, 0x00, 0x00, 0x2e, 0x2f,
  0x01, 0x00, 0x2e, 0x2f, 0x00, 0x00, 0x2f, 0x2e, 0x00, 0x00, 0x2f, 0x2f,
  0x00, 0x00, 0x00, 0x00, 0x01, 0x00, 0x00, 0x00, 0x01, 0x00, 0x00, 0x01,
  0x00, 0x00, 0x00, 0x01, 0x00, 0x00, 0x01, 0x00, 0x01, 0x00, 0x00, 0x02,
  0x00, 0x00, 0x00, 0x02, 0x01, 0x00, 0x00, 0x02, 0x00, 0x00, 0x01, 0x01,
  0x00, 0x00, 0x00, 0x03, 0x01, 0x00, 0x00, 0x03, 0x00, 0x00, 0x01, 0x02,
  0x00, 0x00, 0x02, 0x01, 0x00, 0x00, 0x00, 0x04, 0x00, 0x00, 0x01, 0x03,
  0x01, 0x00, 0x00, 0x05, 0x00, 0x00, 0x00, 0x05, 0x00, 0x00, 0x03, 0x01,
  0x00, 0x00, 0x01, 0x04, 0x00, 0x00, 0x00, 0x06, 0x00, 0x00, 0x03, 0x02,
  0x00, 0x00, 0x01, 0x05, 0x00, 0x00, 0x02, 0x04, 0x00, 0x00, 0x00, 0x07,
  0x00, 0x00, 0x01, 0x06, 0x01, 0x00, 0x00, 0x08, 0x00, 0x00, 0x00, 0x08,
  0x00, 0x00, 0x03, 0x04, 0x00, 0x00, 0x01, 0x07, 0x00, 0x00, 0x02, 0x06,
  0x00, 0x00, 0x00, 0x09, 0x00, 0x00, 0x01, 0x08, 0x00, 0x00, 0x02, 0x07,
  0x00, 0x00, 0x00, 0x0a, 0x00, 0x00, 0x01, 0x09, 0x00, 0x00, 0x06, 0x02,
  0x00, 0x00, 0x00, 0x0b, 0x00, 0x00, 0x03, 0x07, 0x00, 0x00, 0x01, 0x0a,
  0x00, 0x00, 0x02, 0x09, 0x00, 0x00, 0x00, 0x0c, 0x00, 0x00, 0x01, 0x0b,
  0x00, 0x00, 0x02, 0x0a, 0x00, 0x00, 0x00, 0x0d, 0x00, 0x00, 0x03, 0x09,
  0x00, 0x00, 0x01, 0x0c, 0x00, 0x00, 0x00, 0x0e, 0x00, 0x00, 0x03, 0x0a,
  0x00, 0x00, 0x01, 0x0d, 0x00, 0x00, 0x02, 0x0c, 0x00, 0x00, 0x00, 0x0f,
  0x00, 0x00, 0x01, 0x0e, 0x00, 0x00, 0x06, 0x07, 0x00, 0x00, 0x00, 0x10,
  0x00, 0x00, 0x01, 0x0f, 0x00, 0x00, 0x0a, 0x02, 0x00, 0x00, 0x02, 0x0e,
  0x00, 0x00, 0x00, 0x11, 0x00, 0x00, 0x01, 0x10, 0x00, 0x00, 0x02, 0x0f,
  0x00, 0x00, 0x00, 0x12, 0x00, 0x00, 0x01, 0x11, 0x00, 0x00, 0x06, 0x0a,
  0x00, 0x00, 0x00, 0x13, 0x00, 0x00, 0x03, 0x0f, 0x00, 0x00, 0x01, 0x12,
  0x00, 0x00, 0x02, 0x11, 0x00, 0x00, 0x00, 0x14, 0x00, 0x00, 0x01, 0x13,
  0x00, 0x00, 0x02, 0x12, 0x00, 0x00, 0x00, 0x15, 0x00, 0x00, 0x03, 0x11,
  0x00, 0x00, 0x01, 0x14, 0x00, 0x00, 0x00, 0x16, 0x00, 0x00, 0x03, 0x12,
  0x00, 0x00, 0x01, 0x15, 0x00, 0x00, 0x02, 0x14, 0x00, 0x00, 0x00, 0x17,
  0x00, 0x00, 0x01, 0x16, 0x00, 0x00, 0x06, 0x0f, 0x00, 0x00, 0x00, 0x18,
  0x00, 0x00, 0x01, 0x17, 0x00, 0x00, 0x08, 0x0d, 0x00, 0x00, 0x02, 0x16,
  0x00, 0x00, 0x00, 0x19, 0x00, 0x00, 0x01, 0x18, 0x00, 0x00, 0x02, 0x17,
  0x00, 0x00, 0x00, 0x1a, 0x00, 0x00, 0x01, 0x19, 0x00, 0x00, 0x06, 0x12,
  0x00, 0x00, 0x00, 0x1b, 0x00, 0x00, 0x03, 0x17, 0x00, 0x00, 0x01, 0x1a,
  0x00, 0x00, 0x02, 0x19, 0x00, 0x00, 0x00, 0x1c, 0x00, 0x00, 0x01, 0x1b,
  0x00, 0x00, 0x02, 0x1a, 0x00, 0x00, 0x00, 0x1d, 0x00, 0x00, 0x01, 0x1c,
  0x00, 0x00, 0x06, 0x15, 0x00, 0x00, 0x00, 0x1e, 0x00, 0x00, 0x03, 0x1a,
  0x00, 0x00, 0x01, 0x1d, 0x00, 0x00, 0x02, 0x1c, 0x00, 0x00, 0x00, 0x1f,
  0x00, 0x00, 0x01, 0x1e, 0x00, 0x00, 0x04, 0x1a, 0x00, 0x00, 0x02, 0x1d,
  0x00, 0x00, 0x01, 0x1f, 0x00, 0x00, 0x06, 0x18, 0x00, 0x00, 0x02, 0x1e,
  0x00, 0x00, 0x03, 0x1d, 0x00, 0x00, 0x0a, 0x13, 0x00, 0x00, 0x02, 0x1f,
  0x00, 0x00, 0x05, 0x1b, 0x00, 0x00, 0x03, 0x1e, 0x00, 0x00, 0x06, 0x1a,
  0x00, 0x00, 0x04, 0x1d, 0x00, 0x00, 0x03, 0x1f, 0x00, 0x00, 0x06, 0x1b,
  0x00, 0x00, 0x04, 0x1e, 0x00, 0x00, 0x05, 0x1d, 0x00, 0x00, 0x0a, 0x16,
  0x00, 0x00, 0x04, 0x1f, 0x00, 0x00, 0x07, 0x1b, 0x00, 0x00, 0x05, 0x1e,
  0x00, 0x00, 0x06, 0x1d, 0x00, 0x00, 0x0b, 0x16, 0x00, 0x00, 0x05, 0x1f,
  0x00, 0x00, 0x06, 0x1e, 0x00, 0x00, 0x0b, 0x17, 0x00, 0x00, 0x07, 0x1d,
  0x00, 0x00, 0x0a, 0x19, 0x00, 0x00, 0x06, 0x1f, 0x00, 0x00, 0x07, 0x1e,
  0x00, 0x00, 0x0e, 0x14, 0x00, 0x00, 0x08, 0x1d, 0x00, 0x00, 0x07, 0x1f,
  0x00, 0x00, 0x09, 0x1c, 0x00, 0x00, 0x0a, 0x1b, 0x00, 0x00, 0x08, 0x1e,
  0x00, 0x00, 0x09, 0x1d, 0x00, 0x00, 0x0e, 0x16, 0x00, 0x00, 0x08, 0x1f,
  0x00, 0x00, 0x09, 0x1e, 0x00, 0x00, 0x0e, 0x17, 0x00, 0x00, 0x0a, 0x1d,
  0x00, 0x00, 0x0b, 0x1c, 0x00, 0x00, 0x09, 0x1f, 0x00, 0x00, 0x0a, 0x1e,
  0x00, 0x00, 0x0f, 0x17, 0x00, 0x00, 0x0b, 0x1d, 0x00, 0x00, 0x0a, 0x1f,
  0x00, 0x00, 0x0c, 0x1c, 0x00, 0x00, 0x0b, 0x1e, 0x00, 0x00, 0x0e, 0x1a,
  0x00, 0x00, 0x0c, 0x1d, 0x00, 0x00, 0x0b, 0x1f, 0x00, 0x00, 0x12, 0x15,
  0x00, 0x00, 0x0c, 0x1e, 0x00, 0x00, 0x0f, 0x1a, 0x00, 0x00, 0x0d, 0x1d,
  0x00, 0x00, 0x0e, 0x1c, 0x00, 0x00, 0x0c, 0x1f, 0x00, 0x00, 0x0d, 0x1e,
  0x00, 0x00, 0x10, 0x1a, 0x00, 0x00, 0x0e, 0x1d, 0x00, 0x00, 0x0d, 0x1f,
  0x00, 0x00, 0x12, 0x18, 0x00, 0x00, 0x0e, 0x1e, 0x00, 0x00, 0x0f, 0x1d,
  0x00, 0x00, 0x16, 0x13, 0x00, 0x00, 0x0e, 0x1f, 0x00, 0x00, 0x11, 0x1b,
  0x00, 0x00, 0x0f, 0x1e, 0x00, 0x00, 0x12, 0x1a, 0x00, 0x00, 0x10, 0x1d,
  0x00, 0x00, 0x0f, 0x1f, 0x00, 0x00, 0x12, 0x1b, 0x00, 0x00, 0x10, 0x1e,
  0x00, 0x00, 0x11, 0x1d, 0x00, 0x00, 0x16, 0x16, 0x00, 0x00, 0x10, 0x1f,
  0x00, 0x00, 0x13, 0x1b, 0x00, 0x00, 0x11, 0x1e, 0x00, 0x00, 0x12, 0x1d,
  0x00, 0x00, 0x17, 0x16, 0x00, 0x00, 0x11, 0x1f, 0x00, 0x00, 0x12, 0x1e,
  0x00, 0x00, 0x17, 0x17, 0x00, 0x00, 0x13, 0x1d, 0x00, 0x00, 0x16, 0x19,
  0x00, 0x00, 0x12, 0x1f, 0x00, 0x00, 0x13, 0x1e, 0x00, 0x00, 0x1a, 0x14,
  0x00, 0x00, 0x14, 0x1d, 0x00, 0x00, 0x13, 0x1f, 0x00, 0x00, 0x15, 0x1c,
  0x00, 0x00, 0x16, 0x1b, 0x00, 0x00, 0x14, 0x1e, 0x00, 0x00, 0x15, 0x1d,
  0x00, 0x00, 0x1a, 0x16, 0x00, 0x00, 0x14, 0x1f, 0x00, 0x00, 0x15, 0x1e,
  0x00, 0x00, 0x1a, 0x17, 0x00, 0x00, 0x16, 0x1d, 0x00, 0x00, 0x17, 0x1c,
  0x00, 0x00, 0x15, 0x1f, 0x00, 0x00, 0x16, 0x1e, 0x00, 0x00, 0x1b, 0x17,
  0x00, 0x00, 0x17, 0x1d, 0x00, 0x00, 0x16, 0x1f, 0x00, 0x00, 0x18, 0x1c,
  0x00, 0x00, 0x17, 0x1e, 0x00, 0x00, 0x1a, 0x1a, 0x00, 0x00, 0x18, 0x1d,
  0x00, 0x00, 0x17, 0x1f, 0x00, 0x00, 0x19, 0x1c, 0x00, 0x00, 0x18, 0x1e,
  0x00, 0x00, 0x1b, 0x1a, 0x00, 0x00, 0x19, 0x1d, 0x00, 0x00, 0x1a, 0x1c,
  0x00, 0x00, 0x18, 0x1f, 0x00, 0x00, 0x19, 0x1e, 0x00, 0x00, 0x1c, 0x1a,
  0x00, 0x00, 0x1a, 0x1d, 0x00, 0x00, 0x19, 0x1f, 0x00, 0x00, 0x1e, 0x18,
  0x00, 0x00, 0x1a, 0x1e, 0x00, 0x00, 0x1b, 0x1d, 0x01, 0x00, 0x1a, 0x1f,
  0x00, 0x00, 0x1a, 0x1f, 0x00, 0x00, 0x1f, 0x18, 0x00, 0x00, 0x1b, 0x1e,
  0x00, 0x00, 0x1e, 0x1a, 0x00, 0x00, 0x1c, 0x1d, 0x00, 0x00, 0x1b, 0x1f,
  0x00, 0x00, 0x1e, 0x1b, 0x00, 0x00, 0x1c, 0x1e, 0x00, 0x00, 0x1d, 0x1d,
  0x01, 0x00, 0x1c, 0x1f, 0x00, 0x00, 0x1c, 0x1f, 0x00, 0x00, 0x1f, 0x1b,
  0x00, 0x00, 0x1d, 0x1e, 0x00, 0x00, 0x1e, 0x1d, 0x01, 0x00, 0x1d, 0x1f,
  0x00, 0x00, 0x1d, 0x1f, 0x00, 0x00, 0x1e, 0x1e, 0x01, 0x00, 0x1e, 0x1e,
  0x00, 0x00, 0x1f, 0x1d, 0x01, 0x00, 0x1e, 0x1f, 0x00, 0x00, 0x1e, 0x1f,
  0x00, 0x00, 0x1f, 0x1e, 0x01, 0x00, 0x1f, 0x1e, 0x01, 0x00, 0x1f, 0x1f,
  0x00, 0x00, 0x1f, 0x1f
};
static const unsigned int _tmp_stoner_encoder_tables_bin_len = 57088;
