trace_id,feature,kind,requirement_id,requirement,spec_path,api,implementation,tests,ci_evidence,classification,notes
003-FR-001,003,FR,FR-001,"The system MUST provide project-wide fixed-width integer, unsigned integer, character, boolean, pointer-size, and size-related type names with documented size expectations.",specs/003-core-types-memory/spec.md:79,"Source/Core/Public/Core/{FPlatformTypes,FString,FName,FMemory,TArray,TMap,TSharedPtr,TUniquePtr}.h","Source/Core/Private/{CoreModule,FMemory}.cpp",Tests/CoreFoundationTests.cpp; Tests/Main.cpp,.github/workflows/ci.yml; Build/*/Tests/StonerTest,FeatureMapped,"Feature-level evidence seed for Core types, memory, containers, and ownership vocabulary."
003-FR-002,003,FR,FR-002,"The system MUST provide an engine string value that supports construction from text, copying, moving, comparison, length queries, emptiness checks, and conversion to a standard textual view for diagnostics.",specs/003-core-types-memory/spec.md:80,"Source/Core/Public/Core/{FPlatformTypes,FString,FName,FMemory,TArray,TMap,TSharedPtr,TUniquePtr}.h","Source/Core/Private/{CoreModule,FMemory}.cpp",Tests/CoreFoundationTests.cpp; Tests/Main.cpp,.github/workflows/ci.yml; Build/*/Tests/StonerTest,FeatureMapped,"Feature-level evidence seed for Core types, memory, containers, and ownership vocabulary."
003-FR-003,003,FR,FR-003,The system MUST provide a hashed immutable name value for fast identifier comparison while preserving correct equality semantics for names created from text.,specs/003-core-types-memory/spec.md:81,"Source/Core/Public/Core/{FPlatformTypes,FString,FName,FMemory,TArray,TMap,TSharedPtr,TUniquePtr}.h","Source/Core/Private/{CoreModule,FMemory}.cpp",Tests/CoreFoundationTests.cpp; Tests/Main.cpp,.github/workflows/ci.yml; Build/*/Tests/StonerTest,FeatureMapped,"Feature-level evidence seed for Core types, memory, containers, and ownership vocabulary."
003-FR-004,003,FR,FR-004,The system MUST provide shared and unique ownership pointer vocabulary that developers can use consistently across Core-facing APIs.,specs/003-core-types-memory/spec.md:82,"Source/Core/Public/Core/{FPlatformTypes,FString,FName,FMemory,TArray,TMap,TSharedPtr,TUniquePtr}.h","Source/Core/Private/{CoreModule,FMemory}.cpp",Tests/CoreFoundationTests.cpp; Tests/Main.cpp,.github/workflows/ci.yml; Build/*/Tests/StonerTest,FeatureMapped,"Feature-level evidence seed for Core types, memory, containers, and ownership vocabulary."
003-FR-005,003,FR,FR-005,"The system MUST provide memory utilities for allocation, aligned allocation, deallocation, copying, moving, setting, and zeroing memory.",specs/003-core-types-memory/spec.md:83,"Source/Core/Public/Core/{FPlatformTypes,FString,FName,FMemory,TArray,TMap,TSharedPtr,TUniquePtr}.h","Source/Core/Private/{CoreModule,FMemory}.cpp",Tests/CoreFoundationTests.cpp; Tests/Main.cpp,.github/workflows/ci.yml; Build/*/Tests/StonerTest,FeatureMapped,"Feature-level evidence seed for Core types, memory, containers, and ownership vocabulary."
003-FR-006,003,FR,FR-006,The system MUST provide dynamic array and key-value map aliases or wrappers that match the project's public naming conventions and are usable by later engine layers.,specs/003-core-types-memory/spec.md:84,"Source/Core/Public/Core/{FPlatformTypes,FString,FName,FMemory,TArray,TMap,TSharedPtr,TUniquePtr}.h","Source/Core/Private/{CoreModule,FMemory}.cpp",Tests/CoreFoundationTests.cpp; Tests/Main.cpp,.github/workflows/ci.yml; Build/*/Tests/StonerTest,FeatureMapped,"Feature-level evidence seed for Core types, memory, containers, and ownership vocabulary."
003-FR-007,003,FR,FR-007,The public Core foundation primitives MUST be accessible without including or depending on higher engine layers.,specs/003-core-types-memory/spec.md:85,"Source/Core/Public/Core/{FPlatformTypes,FString,FName,FMemory,TArray,TMap,TSharedPtr,TUniquePtr}.h","Source/Core/Private/{CoreModule,FMemory}.cpp",Tests/CoreFoundationTests.cpp; Tests/Main.cpp,.github/workflows/ci.yml; Build/*/Tests/StonerTest,FeatureMapped,"Feature-level evidence seed for Core types, memory, containers, and ownership vocabulary."
003-FR-008,003,FR,FR-008,"Each primitive category MUST include verification coverage for normal, boundary, and invalid-input cases appropriate to that category.",specs/003-core-types-memory/spec.md:86,"Source/Core/Public/Core/{FPlatformTypes,FString,FName,FMemory,TArray,TMap,TSharedPtr,TUniquePtr}.h","Source/Core/Private/{CoreModule,FMemory}.cpp",Tests/CoreFoundationTests.cpp; Tests/Main.cpp,.github/workflows/ci.yml; Build/*/Tests/StonerTest,FeatureMapped,"Feature-level evidence seed for Core types, memory, containers, and ownership vocabulary."
003-FR-009,003,FR,FR-009,"Public documentation or discoverable comments MUST describe ownership expectations, allocation/deallocation pairing, alignment requirements, and the scope boundaries of this feature.",specs/003-core-types-memory/spec.md:87,"Source/Core/Public/Core/{FPlatformTypes,FString,FName,FMemory,TArray,TMap,TSharedPtr,TUniquePtr}.h","Source/Core/Private/{CoreModule,FMemory}.cpp",Tests/CoreFoundationTests.cpp; Tests/Main.cpp,.github/workflows/ci.yml; Build/*/Tests/StonerTest,FeatureMapped,"Feature-level evidence seed for Core types, memory, containers, and ownership vocabulary."
003-FR-010,003,FR,FR-010,"The feature MUST exclude math types, logging/assertion systems, and platform file or process operations; those remain assigned to later roadmap phases.",specs/003-core-types-memory/spec.md:88,"Source/Core/Public/Core/{FPlatformTypes,FString,FName,FMemory,TArray,TMap,TSharedPtr,TUniquePtr}.h","Source/Core/Private/{CoreModule,FMemory}.cpp",Tests/CoreFoundationTests.cpp; Tests/Main.cpp,.github/workflows/ci.yml; Build/*/Tests/StonerTest,FeatureMapped,"Feature-level evidence seed for Core types, memory, containers, and ownership vocabulary."
003-SC-001,003,SC,SC-001,A developer can create a Core-only sample using all public primitive categories in under 15 minutes using the names and behavior described by this spec.,specs/003-core-types-memory/spec.md:103,"Source/Core/Public/Core/{FPlatformTypes,FString,FName,FMemory,TArray,TMap,TSharedPtr,TUniquePtr}.h","Source/Core/Private/{CoreModule,FMemory}.cpp",Tests/CoreFoundationTests.cpp; Tests/Main.cpp,.github/workflows/ci.yml; Build/*/Tests/StonerTest,FeatureMapped,"Feature-level evidence seed for Core types, memory, containers, and ownership vocabulary."
003-SC-002,003,SC,SC-002,"Verification covers 100% of required primitive categories: platform types, strings, names, ownership pointers, memory utilities, arrays, and maps.",specs/003-core-types-memory/spec.md:104,"Source/Core/Public/Core/{FPlatformTypes,FString,FName,FMemory,TArray,TMap,TSharedPtr,TUniquePtr}.h","Source/Core/Private/{CoreModule,FMemory}.cpp",Tests/CoreFoundationTests.cpp; Tests/Main.cpp,.github/workflows/ci.yml; Build/*/Tests/StonerTest,FeatureMapped,"Feature-level evidence seed for Core types, memory, containers, and ownership vocabulary."
003-SC-003,003,SC,SC-003,"The Core foundation verification suite completes with zero failures on Windows, macOS, and Linux.",specs/003-core-types-memory/spec.md:105,"Source/Core/Public/Core/{FPlatformTypes,FString,FName,FMemory,TArray,TMap,TSharedPtr,TUniquePtr}.h","Source/Core/Private/{CoreModule,FMemory}.cpp",Tests/CoreFoundationTests.cpp; Tests/Main.cpp,.github/workflows/ci.yml; Build/*/Tests/StonerTest,FeatureMapped,"Feature-level evidence seed for Core types, memory, containers, and ownership vocabulary."
003-SC-004,003,SC,SC-004,Documented fixed-width type expectations are met for every required type on all supported platforms.,specs/003-core-types-memory/spec.md:106,"Source/Core/Public/Core/{FPlatformTypes,FString,FName,FMemory,TArray,TMap,TSharedPtr,TUniquePtr}.h","Source/Core/Private/{CoreModule,FMemory}.cpp",Tests/CoreFoundationTests.cpp; Tests/Main.cpp,.github/workflows/ci.yml; Build/*/Tests/StonerTest,FeatureMapped,"Feature-level evidence seed for Core types, memory, containers, and ownership vocabulary."
003-SC-005,003,SC,SC-005,"At least 95% of boundary-case verification scenarios pass before this feature is considered complete, and any remaining accepted gaps are documented with rationale.",specs/003-core-types-memory/spec.md:107,"Source/Core/Public/Core/{FPlatformTypes,FString,FName,FMemory,TArray,TMap,TSharedPtr,TUniquePtr}.h","Source/Core/Private/{CoreModule,FMemory}.cpp",Tests/CoreFoundationTests.cpp; Tests/Main.cpp,.github/workflows/ci.yml; Build/*/Tests/StonerTest,FeatureMapped,"Feature-level evidence seed for Core types, memory, containers, and ownership vocabulary."
003-SC-006,003,SC,SC-006,"No public capability in this feature requires a caller to include or initialize RHI, Backend, Renderer, or Application functionality.",specs/003-core-types-memory/spec.md:108,"Source/Core/Public/Core/{FPlatformTypes,FString,FName,FMemory,TArray,TMap,TSharedPtr,TUniquePtr}.h","Source/Core/Private/{CoreModule,FMemory}.cpp",Tests/CoreFoundationTests.cpp; Tests/Main.cpp,.github/workflows/ci.yml; Build/*/Tests/StonerTest,FeatureMapped,"Feature-level evidence seed for Core types, memory, containers, and ownership vocabulary."
004-FR-001,004,FR,FR-001,"The system MUST provide Core vector values for 2D, 3D, and 4D floating-point quantities with arithmetic, component access, comparison, length, normalization, dot product, and cross product behavior where mathematically applicable.",specs/004-core-math-library/spec.md:83,"Source/Core/Public/Core/{FMath,FVector2,FVector3,FVector4,FMatrix4x4,FQuat,FTransform,FColor,FBox,FSphere,FPlane}.h",Header-only Core math implementation,Tests/CoreMathTests.cpp; Tests/Main.cpp,.github/workflows/ci.yml; Build/*/Tests/StonerTest,FeatureMapped,Feature-level evidence seed for Core math contracts and boundary tests.
004-FR-002,004,FR,FR-002,"The system MUST provide a 4x4 matrix value that supports identity construction, multiplication, transpose, inverse handling, and point/vector transformation.",specs/004-core-math-library/spec.md:84,"Source/Core/Public/Core/{FMath,FVector2,FVector3,FVector4,FMatrix4x4,FQuat,FTransform,FColor,FBox,FSphere,FPlane}.h",Header-only Core math implementation,Tests/CoreMathTests.cpp; Tests/Main.cpp,.github/workflows/ci.yml; Build/*/Tests/StonerTest,FeatureMapped,Feature-level evidence seed for Core math contracts and boundary tests.
004-FR-003,004,FR,FR-003,"The system MUST provide a quaternion value for rotations, including identity rotation, construction from common rotation inputs, normalization, multiplication/composition, and conversion to or from matrix-compatible rotation behavior.",specs/004-core-math-library/spec.md:85,"Source/Core/Public/Core/{FMath,FVector2,FVector3,FVector4,FMatrix4x4,FQuat,FTransform,FColor,FBox,FSphere,FPlane}.h",Header-only Core math implementation,Tests/CoreMathTests.cpp; Tests/Main.cpp,.github/workflows/ci.yml; Build/*/Tests/StonerTest,FeatureMapped,Feature-level evidence seed for Core math contracts and boundary tests.
004-FR-004,004,FR,FR-004,"The system MUST provide a transform value that combines translation, rotation, and scale and can transform points and directions predictably; composition, inverse, and relative conversion MUST expose deterministic failure when the exact affine result cannot be represented by translation, rotation, and scale alone.",specs/004-core-math-library/spec.md:86,"Source/Core/Public/Core/{FMath,FVector2,FVector3,FVector4,FMatrix4x4,FQuat,FTransform,FColor,FBox,FSphere,FPlane}.h",Header-only Core math implementation,Tests/CoreMathTests.cpp; Tests/Main.cpp,.github/workflows/ci.yml; Build/*/Tests/StonerTest,FeatureMapped,Feature-level evidence seed for Core math contracts and boundary tests.
004-FR-005,004,FR,FR-005,"The system MUST provide math utilities for common scalar operations, including clamp, min, max, absolute value, interpolation, degree/radian conversion, trigonometric helpers, square root, and near-equality comparison.",specs/004-core-math-library/spec.md:87,"Source/Core/Public/Core/{FMath,FVector2,FVector3,FVector4,FMatrix4x4,FQuat,FTransform,FColor,FBox,FSphere,FPlane}.h",Header-only Core math implementation,Tests/CoreMathTests.cpp; Tests/Main.cpp,.github/workflows/ci.yml; Build/*/Tests/StonerTest,FeatureMapped,Feature-level evidence seed for Core math contracts and boundary tests.
004-FR-006,004,FR,FR-006,"The system MUST provide color values for floating-point and byte channel use cases with predictable channel ordering, construction, comparison, and conversion behavior.",specs/004-core-math-library/spec.md:88,"Source/Core/Public/Core/{FMath,FVector2,FVector3,FVector4,FMatrix4x4,FQuat,FTransform,FColor,FBox,FSphere,FPlane}.h",Header-only Core math implementation,Tests/CoreMathTests.cpp; Tests/Main.cpp,.github/workflows/ci.yml; Build/*/Tests/StonerTest,FeatureMapped,Feature-level evidence seed for Core math contracts and boundary tests.
004-FR-007,004,FR,FR-007,"The system MUST provide basic geometric primitives for boxes, spheres, and planes with construction, validity, containment, combination, and classification behavior appropriate to each primitive.",specs/004-core-math-library/spec.md:89,"Source/Core/Public/Core/{FMath,FVector2,FVector3,FVector4,FMatrix4x4,FQuat,FTransform,FColor,FBox,FSphere,FPlane}.h",Header-only Core math implementation,Tests/CoreMathTests.cpp; Tests/Main.cpp,.github/workflows/ci.yml; Build/*/Tests/StonerTest,FeatureMapped,Feature-level evidence seed for Core math contracts and boundary tests.
004-FR-008,004,FR,FR-008,"Every public math value MUST expose explicit identity, zero, or invalid/default behavior where that concept is meaningful.",specs/004-core-math-library/spec.md:90,"Source/Core/Public/Core/{FMath,FVector2,FVector3,FVector4,FMatrix4x4,FQuat,FTransform,FColor,FBox,FSphere,FPlane}.h",Header-only Core math implementation,Tests/CoreMathTests.cpp; Tests/Main.cpp,.github/workflows/ci.yml; Build/*/Tests/StonerTest,FeatureMapped,Feature-level evidence seed for Core math contracts and boundary tests.
004-FR-009,004,FR,FR-009,Floating-point equality and validation MUST use documented tolerance rules for scenarios where exact equality is not reliable.,specs/004-core-math-library/spec.md:91,"Source/Core/Public/Core/{FMath,FVector2,FVector3,FVector4,FMatrix4x4,FQuat,FTransform,FColor,FBox,FSphere,FPlane}.h",Header-only Core math implementation,Tests/CoreMathTests.cpp; Tests/Main.cpp,.github/workflows/ci.yml; Build/*/Tests/StonerTest,FeatureMapped,Feature-level evidence seed for Core math contracts and boundary tests.
004-FR-010,004,FR,FR-010,Public Core math capabilities MUST be accessible without including or depending on higher engine layers.,specs/004-core-math-library/spec.md:92,"Source/Core/Public/Core/{FMath,FVector2,FVector3,FVector4,FMatrix4x4,FQuat,FTransform,FColor,FBox,FSphere,FPlane}.h",Header-only Core math implementation,Tests/CoreMathTests.cpp; Tests/Main.cpp,.github/workflows/ci.yml; Build/*/Tests/StonerTest,FeatureMapped,Feature-level evidence seed for Core math contracts and boundary tests.
004-FR-011,004,FR,FR-011,"The feature MUST include verification coverage for normal, boundary, and invalid-input cases across vectors, matrices, quaternions, transforms, math utilities, colors, boxes, spheres, and planes.",specs/004-core-math-library/spec.md:93,"Source/Core/Public/Core/{FMath,FVector2,FVector3,FVector4,FMatrix4x4,FQuat,FTransform,FColor,FBox,FSphere,FPlane}.h",Header-only Core math implementation,Tests/CoreMathTests.cpp; Tests/Main.cpp,.github/workflows/ci.yml; Build/*/Tests/StonerTest,FeatureMapped,Feature-level evidence seed for Core math contracts and boundary tests.
004-FR-012,004,FR,FR-012,"Public documentation or discoverable comments MUST describe coordinate, transform, color channel, tolerance, and invalid-input expectations used by the math library.",specs/004-core-math-library/spec.md:94,"Source/Core/Public/Core/{FMath,FVector2,FVector3,FVector4,FMatrix4x4,FQuat,FTransform,FColor,FBox,FSphere,FPlane}.h",Header-only Core math implementation,Tests/CoreMathTests.cpp; Tests/Main.cpp,.github/workflows/ci.yml; Build/*/Tests/StonerTest,FeatureMapped,Feature-level evidence seed for Core math contracts and boundary tests.
004-FR-013,004,FR,FR-013,The feature MUST leave room for later SIMD optimization without requiring callers to change public math usage.,specs/004-core-math-library/spec.md:95,"Source/Core/Public/Core/{FMath,FVector2,FVector3,FVector4,FMatrix4x4,FQuat,FTransform,FColor,FBox,FSphere,FPlane}.h",Header-only Core math implementation,Tests/CoreMathTests.cpp; Tests/Main.cpp,.github/workflows/ci.yml; Build/*/Tests/StonerTest,FeatureMapped,Feature-level evidence seed for Core math contracts and boundary tests.
004-FR-014,004,FR,FR-014,"The feature MUST exclude spatial acceleration structures, physics-specific math, camera systems, animation systems, and renderer-owned scene data.",specs/004-core-math-library/spec.md:96,"Source/Core/Public/Core/{FMath,FVector2,FVector3,FVector4,FMatrix4x4,FQuat,FTransform,FColor,FBox,FSphere,FPlane}.h",Header-only Core math implementation,Tests/CoreMathTests.cpp; Tests/Main.cpp,.github/workflows/ci.yml; Build/*/Tests/StonerTest,FeatureMapped,Feature-level evidence seed for Core math contracts and boundary tests.
004-SC-001,004,SC,SC-001,A developer can create a Core-only sample that uses all required math categories in under 20 minutes using the names and behavior described by this spec.,specs/004-core-math-library/spec.md:113,"Source/Core/Public/Core/{FMath,FVector2,FVector3,FVector4,FMatrix4x4,FQuat,FTransform,FColor,FBox,FSphere,FPlane}.h",Header-only Core math implementation,Tests/CoreMathTests.cpp; Tests/Main.cpp,.github/workflows/ci.yml; Build/*/Tests/StonerTest,FeatureMapped,Feature-level evidence seed for Core math contracts and boundary tests.
004-SC-002,004,SC,SC-002,"Verification covers 100% of required math categories: vectors, matrices, quaternions, transforms, math utilities, colors, boxes, spheres, and planes.",specs/004-core-math-library/spec.md:114,"Source/Core/Public/Core/{FMath,FVector2,FVector3,FVector4,FMatrix4x4,FQuat,FTransform,FColor,FBox,FSphere,FPlane}.h",Header-only Core math implementation,Tests/CoreMathTests.cpp; Tests/Main.cpp,.github/workflows/ci.yml; Build/*/Tests/StonerTest,FeatureMapped,Feature-level evidence seed for Core math contracts and boundary tests.
004-SC-003,004,SC,SC-003,"The Core math verification suite completes with zero failures on Windows, macOS, and Linux.",specs/004-core-math-library/spec.md:115,"Source/Core/Public/Core/{FMath,FVector2,FVector3,FVector4,FMatrix4x4,FQuat,FTransform,FColor,FBox,FSphere,FPlane}.h",Header-only Core math implementation,Tests/CoreMathTests.cpp; Tests/Main.cpp,.github/workflows/ci.yml; Build/*/Tests/StonerTest,FeatureMapped,Feature-level evidence seed for Core math contracts and boundary tests.
004-SC-004,004,SC,SC-004,"At least 95% of defined boundary and invalid-input scenarios pass before this feature is considered complete, and any accepted gaps are documented with rationale.",specs/004-core-math-library/spec.md:116,"Source/Core/Public/Core/{FMath,FVector2,FVector3,FVector4,FMatrix4x4,FQuat,FTransform,FColor,FBox,FSphere,FPlane}.h",Header-only Core math implementation,Tests/CoreMathTests.cpp; Tests/Main.cpp,.github/workflows/ci.yml; Build/*/Tests/StonerTest,FeatureMapped,Feature-level evidence seed for Core math contracts and boundary tests.
004-SC-005,004,SC,SC-005,"No public math capability in this feature requires a caller to include or initialize RHI, Backend, Renderer, or Application functionality.",specs/004-core-math-library/spec.md:117,"Source/Core/Public/Core/{FMath,FVector2,FVector3,FVector4,FMatrix4x4,FQuat,FTransform,FColor,FBox,FSphere,FPlane}.h",Header-only Core math implementation,Tests/CoreMathTests.cpp; Tests/Main.cpp,.github/workflows/ci.yml; Build/*/Tests/StonerTest,FeatureMapped,Feature-level evidence seed for Core math contracts and boundary tests.
004-SC-006,004,SC,SC-006,Equivalent deterministic math scenarios produce results within documented tolerances on all supported platforms.,specs/004-core-math-library/spec.md:118,"Source/Core/Public/Core/{FMath,FVector2,FVector3,FVector4,FMatrix4x4,FQuat,FTransform,FColor,FBox,FSphere,FPlane}.h",Header-only Core math implementation,Tests/CoreMathTests.cpp; Tests/Main.cpp,.github/workflows/ci.yml; Build/*/Tests/StonerTest,FeatureMapped,Feature-level evidence seed for Core math contracts and boundary tests.
004-SC-007,004,SC,SC-007,"Later roadmap phases that need spatial values can reference this math vocabulary without defining duplicate vector, matrix, quaternion, transform, color, or primitive types.",specs/004-core-math-library/spec.md:119,"Source/Core/Public/Core/{FMath,FVector2,FVector3,FVector4,FMatrix4x4,FQuat,FTransform,FColor,FBox,FSphere,FPlane}.h",Header-only Core math implementation,Tests/CoreMathTests.cpp; Tests/Main.cpp,.github/workflows/ci.yml; Build/*/Tests/StonerTest,FeatureMapped,Feature-level evidence seed for Core math contracts and boundary tests.
005-FR-001,005,FR,FR-001,"System MUST provide an `ELogSeverity` enumeration with five levels: Verbose, Info, Warning, Error, Fatal.",specs/005-core-logging-assertions/spec.md:94,"Source/Core/Public/Core/{FLog,FLogCategory,FLogConsoleSink,SGAssert,SGLog,SGPlatformBreak}.h","Source/Core/Private/{FLog,FLogCategory,FLogConsoleSink}.cpp",Tests/LoggingAssertionTests.cpp; Tests/Main.cpp,.github/workflows/ci.yml; Build/*/Tests/StonerTest,FeatureMapped,"Feature-level evidence seed for logging, assertion, filtering, and thread-safety contracts."
005-FR-002,005,FR,FR-002,"System MUST provide an `SG_LOG(Category, Severity, Format, ...)` macro that formats a message using printf-style formatting and dispatches it to the active output sink.",specs/005-core-logging-assertions/spec.md:95,"Source/Core/Public/Core/{FLog,FLogCategory,FLogConsoleSink,SGAssert,SGLog,SGPlatformBreak}.h","Source/Core/Private/{FLog,FLogCategory,FLogConsoleSink}.cpp",Tests/LoggingAssertionTests.cpp; Tests/Main.cpp,.github/workflows/ci.yml; Build/*/Tests/StonerTest,FeatureMapped,"Feature-level evidence seed for logging, assertion, filtering, and thread-safety contracts."
005-FR-003,005,FR,FR-003,"System MUST provide a log category declaration mechanism that allows defining named categories (e.g., `LogCore`, `LogRHI`, `LogRenderer`, `LogVulkan`) usable across translation units.",specs/005-core-logging-assertions/spec.md:96,"Source/Core/Public/Core/{FLog,FLogCategory,FLogConsoleSink,SGAssert,SGLog,SGPlatformBreak}.h","Source/Core/Private/{FLog,FLogCategory,FLogConsoleSink}.cpp",Tests/LoggingAssertionTests.cpp; Tests/Main.cpp,.github/workflows/ci.yml; Build/*/Tests/StonerTest,FeatureMapped,"Feature-level evidence seed for logging, assertion, filtering, and thread-safety contracts."
005-FR-004,005,FR,FR-004,System MUST provide a console output sink that writes formatted log messages to `stdout` (for Verbose/Info) and `stderr` (for Warning/Error/Fatal).,specs/005-core-logging-assertions/spec.md:97,"Source/Core/Public/Core/{FLog,FLogCategory,FLogConsoleSink,SGAssert,SGLog,SGPlatformBreak}.h","Source/Core/Private/{FLog,FLogCategory,FLogConsoleSink}.cpp",Tests/LoggingAssertionTests.cpp; Tests/Main.cpp,.github/workflows/ci.yml; Build/*/Tests/StonerTest,FeatureMapped,"Feature-level evidence seed for logging, assertion, filtering, and thread-safety contracts."
005-FR-005,005,FR,FR-005,"Each log message MUST include: timestamp, category name, severity label, and the user-provided formatted message.",specs/005-core-logging-assertions/spec.md:98,"Source/Core/Public/Core/{FLog,FLogCategory,FLogConsoleSink,SGAssert,SGLog,SGPlatformBreak}.h","Source/Core/Private/{FLog,FLogCategory,FLogConsoleSink}.cpp",Tests/LoggingAssertionTests.cpp; Tests/Main.cpp,.github/workflows/ci.yml; Build/*/Tests/StonerTest,FeatureMapped,"Feature-level evidence seed for logging, assertion, filtering, and thread-safety contracts."
005-FR-006,005,FR,FR-006,"System MUST support per-category minimum severity filtering, allowing suppression of messages below a configured threshold.",specs/005-core-logging-assertions/spec.md:99,"Source/Core/Public/Core/{FLog,FLogCategory,FLogConsoleSink,SGAssert,SGLog,SGPlatformBreak}.h","Source/Core/Private/{FLog,FLogCategory,FLogConsoleSink}.cpp",Tests/LoggingAssertionTests.cpp; Tests/Main.cpp,.github/workflows/ci.yml; Build/*/Tests/StonerTest,FeatureMapped,"Feature-level evidence seed for logging, assertion, filtering, and thread-safety contracts."
005-FR-007,005,FR,FR-007,System MUST support a global minimum severity threshold that applies when no per-category override is set.,specs/005-core-logging-assertions/spec.md:100,"Source/Core/Public/Core/{FLog,FLogCategory,FLogConsoleSink,SGAssert,SGLog,SGPlatformBreak}.h","Source/Core/Private/{FLog,FLogCategory,FLogConsoleSink}.cpp",Tests/LoggingAssertionTests.cpp; Tests/Main.cpp,.github/workflows/ci.yml; Build/*/Tests/StonerTest,FeatureMapped,"Feature-level evidence seed for logging, assertion, filtering, and thread-safety contracts."
005-FR-008,005,FR,FR-008,System MUST provide `SG_CHECK(Expr)` — a runtime assertion macro that is active in Debug builds and stripped (zero cost) in Release builds.,specs/005-core-logging-assertions/spec.md:101,"Source/Core/Public/Core/{FLog,FLogCategory,FLogConsoleSink,SGAssert,SGLog,SGPlatformBreak}.h","Source/Core/Private/{FLog,FLogCategory,FLogConsoleSink}.cpp",Tests/LoggingAssertionTests.cpp; Tests/Main.cpp,.github/workflows/ci.yml; Build/*/Tests/StonerTest,FeatureMapped,"Feature-level evidence seed for logging, assertion, filtering, and thread-safety contracts."
005-FR-009,005,FR,FR-009,System MUST provide `SG_VERIFY(Expr)` — an assertion macro that always evaluates the expression but only checks the result in Debug builds.,specs/005-core-logging-assertions/spec.md:102,"Source/Core/Public/Core/{FLog,FLogCategory,FLogConsoleSink,SGAssert,SGLog,SGPlatformBreak}.h","Source/Core/Private/{FLog,FLogCategory,FLogConsoleSink}.cpp",Tests/LoggingAssertionTests.cpp; Tests/Main.cpp,.github/workflows/ci.yml; Build/*/Tests/StonerTest,FeatureMapped,"Feature-level evidence seed for logging, assertion, filtering, and thread-safety contracts."
005-FR-010,005,FR,FR-010,"System MUST provide `SG_CHECKF(Expr, Format, ...)` — an assertion macro with a printf-style formatted failure message, active in Debug builds.",specs/005-core-logging-assertions/spec.md:103,"Source/Core/Public/Core/{FLog,FLogCategory,FLogConsoleSink,SGAssert,SGLog,SGPlatformBreak}.h","Source/Core/Private/{FLog,FLogCategory,FLogConsoleSink}.cpp",Tests/LoggingAssertionTests.cpp; Tests/Main.cpp,.github/workflows/ci.yml; Build/*/Tests/StonerTest,FeatureMapped,"Feature-level evidence seed for logging, assertion, filtering, and thread-safety contracts."
005-FR-011,005,FR,FR-011,"When an assertion fails (Debug build), the system MUST report the source file, line number, the failed expression text, and any formatted message. **[Clarified]** After logging the failure details, the system MUST trigger a resumable platform debugger break (`__debugbreak()` on MSVC, `__builtin_debugtrap()` on Clang, and `raise(SIGTRAP)` on GCC/POSIX). The developer can choose to continue execution in the debugger. Assertions do NOT call `std::abort()`.",specs/005-core-logging-assertions/spec.md:104,"Source/Core/Public/Core/{FLog,FLogCategory,FLogConsoleSink,SGAssert,SGLog,SGPlatformBreak}.h","Source/Core/Private/{FLog,FLogCategory,FLogConsoleSink}.cpp",Tests/LoggingAssertionTests.cpp; Tests/Main.cpp,.github/workflows/ci.yml; Build/*/Tests/StonerTest,FeatureMapped,"Feature-level evidence seed for logging, assertion, filtering, and thread-safety contracts."
005-FR-012,005,FR,FR-012,"When a `Fatal` severity log message is emitted, the system MUST log the message and then terminate the process. **[Clarified]** In Debug builds: log → debugger break → `std::abort()`. In Release builds: log → `std::abort()`. Unlike assertion failure, Fatal log always terminates.",specs/005-core-logging-assertions/spec.md:105,"Source/Core/Public/Core/{FLog,FLogCategory,FLogConsoleSink,SGAssert,SGLog,SGPlatformBreak}.h","Source/Core/Private/{FLog,FLogCategory,FLogConsoleSink}.cpp",Tests/LoggingAssertionTests.cpp; Tests/Main.cpp,.github/workflows/ci.yml; Build/*/Tests/StonerTest,FeatureMapped,"Feature-level evidence seed for logging, assertion, filtering, and thread-safety contracts."
005-FR-016,005,FR,FR-016,"The `SG_LOG` macro MUST perform severity filtering at the macro expansion level (early-out). When a message's severity is below the category's or global minimum threshold, the macro MUST short-circuit without evaluating the format string or calling any logging function. The cost of a filtered-out message MUST be at most a single integer comparison.",specs/005-core-logging-assertions/spec.md:106,"Source/Core/Public/Core/{FLog,FLogCategory,FLogConsoleSink,SGAssert,SGLog,SGPlatformBreak}.h","Source/Core/Private/{FLog,FLogCategory,FLogConsoleSink}.cpp",Tests/LoggingAssertionTests.cpp; Tests/Main.cpp,.github/workflows/ci.yml; Build/*/Tests/StonerTest,FeatureMapped,"Feature-level evidence seed for logging, assertion, filtering, and thread-safety contracts."
005-FR-013,005,FR,FR-013,Log output for a single message MUST be atomic — concurrent logging from multiple threads MUST NOT produce interleaved characters within one log line.,specs/005-core-logging-assertions/spec.md:107,"Source/Core/Public/Core/{FLog,FLogCategory,FLogConsoleSink,SGAssert,SGLog,SGPlatformBreak}.h","Source/Core/Private/{FLog,FLogCategory,FLogConsoleSink}.cpp",Tests/LoggingAssertionTests.cpp; Tests/Main.cpp,.github/workflows/ci.yml; Build/*/Tests/StonerTest,FeatureMapped,"Feature-level evidence seed for logging, assertion, filtering, and thread-safety contracts."
005-FR-014,005,FR,FR-014,The logging system MUST function with a default configuration even if no explicit initialization call is made (zero-configuration startup).,specs/005-core-logging-assertions/spec.md:108,"Source/Core/Public/Core/{FLog,FLogCategory,FLogConsoleSink,SGAssert,SGLog,SGPlatformBreak}.h","Source/Core/Private/{FLog,FLogCategory,FLogConsoleSink}.cpp",Tests/LoggingAssertionTests.cpp; Tests/Main.cpp,.github/workflows/ci.yml; Build/*/Tests/StonerTest,FeatureMapped,"Feature-level evidence seed for logging, assertion, filtering, and thread-safety contracts."
005-FR-015,005,FR,FR-015,"System MUST provide pre-defined log categories for existing engine layers: `LogCore`, `LogRHI`, `LogRenderer`, `LogBackend`, `LogApplication`.",specs/005-core-logging-assertions/spec.md:109,"Source/Core/Public/Core/{FLog,FLogCategory,FLogConsoleSink,SGAssert,SGLog,SGPlatformBreak}.h","Source/Core/Private/{FLog,FLogCategory,FLogConsoleSink}.cpp",Tests/LoggingAssertionTests.cpp; Tests/Main.cpp,.github/workflows/ci.yml; Build/*/Tests/StonerTest,FeatureMapped,"Feature-level evidence seed for logging, assertion, filtering, and thread-safety contracts."
005-SC-001,005,SC,SC-001,A developer can add a log statement to any engine source file and see formatted output on the console within one compilation cycle — no additional setup or initialization code required.,specs/005-core-logging-assertions/spec.md:123,"Source/Core/Public/Core/{FLog,FLogCategory,FLogConsoleSink,SGAssert,SGLog,SGPlatformBreak}.h","Source/Core/Private/{FLog,FLogCategory,FLogConsoleSink}.cpp",Tests/LoggingAssertionTests.cpp; Tests/Main.cpp,.github/workflows/ci.yml; Build/*/Tests/StonerTest,FeatureMapped,"Feature-level evidence seed for logging, assertion, filtering, and thread-safety contracts."
005-SC-002,005,SC,SC-002,All five severity levels produce visually distinguishable output (different labels) so a developer can scan console output and immediately identify warnings and errors.,specs/005-core-logging-assertions/spec.md:124,"Source/Core/Public/Core/{FLog,FLogCategory,FLogConsoleSink,SGAssert,SGLog,SGPlatformBreak}.h","Source/Core/Private/{FLog,FLogCategory,FLogConsoleSink}.cpp",Tests/LoggingAssertionTests.cpp; Tests/Main.cpp,.github/workflows/ci.yml; Build/*/Tests/StonerTest,FeatureMapped,"Feature-level evidence seed for logging, assertion, filtering, and thread-safety contracts."
005-SC-003,005,SC,SC-003,"Assertion macros catch 100% of violated preconditions in Debug builds, reporting exact source location (file + line) for every failure.",specs/005-core-logging-assertions/spec.md:125,"Source/Core/Public/Core/{FLog,FLogCategory,FLogConsoleSink,SGAssert,SGLog,SGPlatformBreak}.h","Source/Core/Private/{FLog,FLogCategory,FLogConsoleSink}.cpp",Tests/LoggingAssertionTests.cpp; Tests/Main.cpp,.github/workflows/ci.yml; Build/*/Tests/StonerTest,FeatureMapped,"Feature-level evidence seed for logging, assertion, filtering, and thread-safety contracts."
005-SC-004,005,SC,SC-004,`SG_CHECK` assertions have zero measurable runtime cost in Release builds (completely compiled out).,specs/005-core-logging-assertions/spec.md:126,"Source/Core/Public/Core/{FLog,FLogCategory,FLogConsoleSink,SGAssert,SGLog,SGPlatformBreak}.h","Source/Core/Private/{FLog,FLogCategory,FLogConsoleSink}.cpp",Tests/LoggingAssertionTests.cpp; Tests/Main.cpp,.github/workflows/ci.yml; Build/*/Tests/StonerTest,FeatureMapped,"Feature-level evidence seed for logging, assertion, filtering, and thread-safety contracts."
005-SC-005,005,SC,SC-005,"`SG_VERIFY` always executes its expression in all build configurations, ensuring side-effect-dependent code is never silently removed.",specs/005-core-logging-assertions/spec.md:127,"Source/Core/Public/Core/{FLog,FLogCategory,FLogConsoleSink,SGAssert,SGLog,SGPlatformBreak}.h","Source/Core/Private/{FLog,FLogCategory,FLogConsoleSink}.cpp",Tests/LoggingAssertionTests.cpp; Tests/Main.cpp,.github/workflows/ci.yml; Build/*/Tests/StonerTest,FeatureMapped,"Feature-level evidence seed for logging, assertion, filtering, and thread-safety contracts."
005-SC-006,005,SC,SC-006,"Category-based filtering allows a developer to reduce visible log output by at least 80% when focusing on a single subsystem, without modifying any log call sites.",specs/005-core-logging-assertions/spec.md:128,"Source/Core/Public/Core/{FLog,FLogCategory,FLogConsoleSink,SGAssert,SGLog,SGPlatformBreak}.h","Source/Core/Private/{FLog,FLogCategory,FLogConsoleSink}.cpp",Tests/LoggingAssertionTests.cpp; Tests/Main.cpp,.github/workflows/ci.yml; Build/*/Tests/StonerTest,FeatureMapped,"Feature-level evidence seed for logging, assertion, filtering, and thread-safety contracts."
005-SC-007,005,SC,SC-007,"Concurrent logging from multiple threads produces correctly formatted, non-interleaved output lines 100% of the time.",specs/005-core-logging-assertions/spec.md:129,"Source/Core/Public/Core/{FLog,FLogCategory,FLogConsoleSink,SGAssert,SGLog,SGPlatformBreak}.h","Source/Core/Private/{FLog,FLogCategory,FLogConsoleSink}.cpp",Tests/LoggingAssertionTests.cpp; Tests/Main.cpp,.github/workflows/ci.yml; Build/*/Tests/StonerTest,FeatureMapped,"Feature-level evidence seed for logging, assertion, filtering, and thread-safety contracts."
005-SC-008,005,SC,SC-008,"The logging and assertion system compiles and passes all unit tests on Windows (MSVC), macOS (Clang), and Linux (GCC) without platform-specific workarounds at call sites.",specs/005-core-logging-assertions/spec.md:130,"Source/Core/Public/Core/{FLog,FLogCategory,FLogConsoleSink,SGAssert,SGLog,SGPlatformBreak}.h","Source/Core/Private/{FLog,FLogCategory,FLogConsoleSink}.cpp",Tests/LoggingAssertionTests.cpp; Tests/Main.cpp,.github/workflows/ci.yml; Build/*/Tests/StonerTest,FeatureMapped,"Feature-level evidence seed for logging, assertion, filtering, and thread-safety contracts."
005-SC-009,005,SC,SC-009,"Unit test suite achieves 100% coverage of all public API entry points (every macro, every severity level, every filtering path).",specs/005-core-logging-assertions/spec.md:131,"Source/Core/Public/Core/{FLog,FLogCategory,FLogConsoleSink,SGAssert,SGLog,SGPlatformBreak}.h","Source/Core/Private/{FLog,FLogCategory,FLogConsoleSink}.cpp",Tests/LoggingAssertionTests.cpp; Tests/Main.cpp,.github/workflows/ci.yml; Build/*/Tests/StonerTest,FeatureMapped,"Feature-level evidence seed for logging, assertion, filtering, and thread-safety contracts."
006-FR-001,006,FR,FR-001,"System MUST expose exactly one supported platform identity for the active build among Windows, macOS, and Linux.",specs/006-core-platform-abstraction/spec.md:101,"Source/Core/Public/Core/{FPlatformFileSystem,FPlatformMemory,FPlatformMisc,FPlatformProcess,FPlatformTime,FPlatformWindow,SGPlatform}.h",Source/Core/Private/FPlatform*.cpp,Tests/CorePlatformTests.cpp; Tests/CorePlatformOwnershipTests.cpp; Tests/verify_platform_identity.py,.github/workflows/ci.yml; Build/*/Tests/StonerTest,FeatureMapped,Feature-level evidence seed for platform abstraction and edge-case coverage.
006-FR-002,006,FR,FR-002,"System MUST provide platform detection macros or equivalent public constants for Windows, macOS, and Linux that allow platform-conditional code to be expressed consistently.",specs/006-core-platform-abstraction/spec.md:102,"Source/Core/Public/Core/{FPlatformFileSystem,FPlatformMemory,FPlatformMisc,FPlatformProcess,FPlatformTime,FPlatformWindow,SGPlatform}.h",Source/Core/Private/FPlatform*.cpp,Tests/CorePlatformTests.cpp; Tests/CorePlatformOwnershipTests.cpp; Tests/verify_platform_identity.py,.github/workflows/ci.yml; Build/*/Tests/StonerTest,FeatureMapped,Feature-level evidence seed for platform abstraction and edge-case coverage.
006-FR-003,006,FR,FR-003,"System MUST provide a platform information capability that reports the operating system name, CPU core count, and available memory when the host platform can provide it.",specs/006-core-platform-abstraction/spec.md:103,"Source/Core/Public/Core/{FPlatformFileSystem,FPlatformMemory,FPlatformMisc,FPlatformProcess,FPlatformTime,FPlatformWindow,SGPlatform}.h",Source/Core/Private/FPlatform*.cpp,Tests/CorePlatformTests.cpp; Tests/CorePlatformOwnershipTests.cpp; Tests/verify_platform_identity.py,.github/workflows/ci.yml; Build/*/Tests/StonerTest,FeatureMapped,Feature-level evidence seed for platform abstraction and edge-case coverage.
006-FR-004,006,FR,FR-004,"System MUST provide a high-resolution time capability that returns monotonic timestamps suitable for measuring elapsed time during engine startup, tests, and frame diagnostics.",specs/006-core-platform-abstraction/spec.md:104,"Source/Core/Public/Core/{FPlatformFileSystem,FPlatformMemory,FPlatformMisc,FPlatformProcess,FPlatformTime,FPlatformWindow,SGPlatform}.h",Source/Core/Private/FPlatform*.cpp,Tests/CorePlatformTests.cpp; Tests/CorePlatformOwnershipTests.cpp; Tests/verify_platform_identity.py,.github/workflows/ci.yml; Build/*/Tests/StonerTest,FeatureMapped,Feature-level evidence seed for platform abstraction and edge-case coverage.
006-FR-005,006,FR,FR-005,"System MUST provide elapsed-time conversion helpers so developers can compare durations in seconds, milliseconds, and microseconds without platform-specific call sites.",specs/006-core-platform-abstraction/spec.md:105,"Source/Core/Public/Core/{FPlatformFileSystem,FPlatformMemory,FPlatformMisc,FPlatformProcess,FPlatformTime,FPlatformWindow,SGPlatform}.h",Source/Core/Private/FPlatform*.cpp,Tests/CorePlatformTests.cpp; Tests/CorePlatformOwnershipTests.cpp; Tests/verify_platform_identity.py,.github/workflows/ci.yml; Build/*/Tests/StonerTest,FeatureMapped,Feature-level evidence seed for platform abstraction and edge-case coverage.
006-FR-006,006,FR,FR-006,System MUST provide basic file existence checks for files and directories using engine-facing path values.,specs/006-core-platform-abstraction/spec.md:106,"Source/Core/Public/Core/{FPlatformFileSystem,FPlatformMemory,FPlatformMisc,FPlatformProcess,FPlatformTime,FPlatformWindow,SGPlatform}.h",Source/Core/Private/FPlatform*.cpp,Tests/CorePlatformTests.cpp; Tests/CorePlatformOwnershipTests.cpp; Tests/verify_platform_identity.py,.github/workflows/ci.yml; Build/*/Tests/StonerTest,FeatureMapped,Feature-level evidence seed for platform abstraction and edge-case coverage.
006-FR-007,006,FR,FR-007,System MUST provide basic file read and write operations that preserve byte-for-byte content for small text and binary payloads.,specs/006-core-platform-abstraction/spec.md:107,"Source/Core/Public/Core/{FPlatformFileSystem,FPlatformMemory,FPlatformMisc,FPlatformProcess,FPlatformTime,FPlatformWindow,SGPlatform}.h",Source/Core/Private/FPlatform*.cpp,Tests/CorePlatformTests.cpp; Tests/CorePlatformOwnershipTests.cpp; Tests/verify_platform_identity.py,.github/workflows/ci.yml; Build/*/Tests/StonerTest,FeatureMapped,Feature-level evidence seed for platform abstraction and edge-case coverage.
006-FR-008,006,FR,FR-008,"System MUST provide recursive directory creation for a requested path, including missing parent directories, and report whether the final directory is available after the operation.",specs/006-core-platform-abstraction/spec.md:108,"Source/Core/Public/Core/{FPlatformFileSystem,FPlatformMemory,FPlatformMisc,FPlatformProcess,FPlatformTime,FPlatformWindow,SGPlatform}.h",Source/Core/Private/FPlatform*.cpp,Tests/CorePlatformTests.cpp; Tests/CorePlatformOwnershipTests.cpp; Tests/verify_platform_identity.py,.github/workflows/ci.yml; Build/*/Tests/StonerTest,FeatureMapped,Feature-level evidence seed for platform abstraction and edge-case coverage.
006-FR-009,006,FR,FR-009,"System MUST report file operation failures clearly without crashing, leaking resources, or leaving partially successful results marked as complete.",specs/006-core-platform-abstraction/spec.md:109,"Source/Core/Public/Core/{FPlatformFileSystem,FPlatformMemory,FPlatformMisc,FPlatformProcess,FPlatformTime,FPlatformWindow,SGPlatform}.h",Source/Core/Private/FPlatform*.cpp,Tests/CorePlatformTests.cpp; Tests/CorePlatformOwnershipTests.cpp; Tests/verify_platform_identity.py,.github/workflows/ci.yml; Build/*/Tests/StonerTest,FeatureMapped,Feature-level evidence seed for platform abstraction and edge-case coverage.
006-FR-010,006,FR,FR-010,"System MUST provide a dynamic module loading capability that can load a runtime module by explicit file path, resolve an entry point by name, and release a valid loaded module. Bare module names and implicit platform search paths are out of scope.",specs/006-core-platform-abstraction/spec.md:110,"Source/Core/Public/Core/{FPlatformFileSystem,FPlatformMemory,FPlatformMisc,FPlatformProcess,FPlatformTime,FPlatformWindow,SGPlatform}.h",Source/Core/Private/FPlatform*.cpp,Tests/CorePlatformTests.cpp; Tests/CorePlatformOwnershipTests.cpp; Tests/verify_platform_identity.py,.github/workflows/ci.yml; Build/*/Tests/StonerTest,FeatureMapped,Feature-level evidence seed for platform abstraction and edge-case coverage.
006-FR-011,006,FR,FR-011,"System MUST treat missing modules, missing entry points, and invalid module handles as recoverable failures.",specs/006-core-platform-abstraction/spec.md:111,"Source/Core/Public/Core/{FPlatformFileSystem,FPlatformMemory,FPlatformMisc,FPlatformProcess,FPlatformTime,FPlatformWindow,SGPlatform}.h",Source/Core/Private/FPlatform*.cpp,Tests/CorePlatformTests.cpp; Tests/CorePlatformOwnershipTests.cpp; Tests/verify_platform_identity.py,.github/workflows/ci.yml; Build/*/Tests/StonerTest,FeatureMapped,Feature-level evidence seed for platform abstraction and edge-case coverage.
006-FR-012,006,FR,FR-012,System MUST provide a native window handle abstraction that can represent an empty handle and supported platform handle values without exposing higher-layer dependencies.,specs/006-core-platform-abstraction/spec.md:112,"Source/Core/Public/Core/{FPlatformFileSystem,FPlatformMemory,FPlatformMisc,FPlatformProcess,FPlatformTime,FPlatformWindow,SGPlatform}.h",Source/Core/Private/FPlatform*.cpp,Tests/CorePlatformTests.cpp; Tests/CorePlatformOwnershipTests.cpp; Tests/verify_platform_identity.py,.github/workflows/ci.yml; Build/*/Tests/StonerTest,FeatureMapped,Feature-level evidence seed for platform abstraction and edge-case coverage.
006-FR-013,006,FR,FR-013,"System MUST ensure Core platform public headers compile in isolation and do not include RHI, Backend, Renderer, Application, windowing framework, or graphics API headers.",specs/006-core-platform-abstraction/spec.md:113,"Source/Core/Public/Core/{FPlatformFileSystem,FPlatformMemory,FPlatformMisc,FPlatformProcess,FPlatformTime,FPlatformWindow,SGPlatform}.h",Source/Core/Private/FPlatform*.cpp,Tests/CorePlatformTests.cpp; Tests/CorePlatformOwnershipTests.cpp; Tests/verify_platform_identity.py,.github/workflows/ci.yml; Build/*/Tests/StonerTest,FeatureMapped,Feature-level evidence seed for platform abstraction and edge-case coverage.
006-FR-014,006,FR,FR-014,"System MUST provide unit-test coverage for platform identity, platform information, high-resolution timing, file operations, dynamic module failure handling, and native window handle validity.",specs/006-core-platform-abstraction/spec.md:114,"Source/Core/Public/Core/{FPlatformFileSystem,FPlatformMemory,FPlatformMisc,FPlatformProcess,FPlatformTime,FPlatformWindow,SGPlatform}.h",Source/Core/Private/FPlatform*.cpp,Tests/CorePlatformTests.cpp; Tests/CorePlatformOwnershipTests.cpp; Tests/verify_platform_identity.py,.github/workflows/ci.yml; Build/*/Tests/StonerTest,FeatureMapped,Feature-level evidence seed for platform abstraction and edge-case coverage.
006-FR-015,006,FR,FR-015,"System MUST preserve existing Core foundation, math, logging, and assertion behavior while adding the platform abstraction.",specs/006-core-platform-abstraction/spec.md:115,"Source/Core/Public/Core/{FPlatformFileSystem,FPlatformMemory,FPlatformMisc,FPlatformProcess,FPlatformTime,FPlatformWindow,SGPlatform}.h",Source/Core/Private/FPlatform*.cpp,Tests/CorePlatformTests.cpp; Tests/CorePlatformOwnershipTests.cpp; Tests/verify_platform_identity.py,.github/workflows/ci.yml; Build/*/Tests/StonerTest,FeatureMapped,Feature-level evidence seed for platform abstraction and edge-case coverage.
006-SC-001,006,SC,SC-001,"A developer can query platform identity, CPU core count, memory availability, and monotonic time from a Core-only test in under 5 minutes without adding platform-specific code at the call site.",specs/006-core-platform-abstraction/spec.md:130,"Source/Core/Public/Core/{FPlatformFileSystem,FPlatformMemory,FPlatformMisc,FPlatformProcess,FPlatformTime,FPlatformWindow,SGPlatform}.h",Source/Core/Private/FPlatform*.cpp,Tests/CorePlatformTests.cpp; Tests/CorePlatformOwnershipTests.cpp; Tests/verify_platform_identity.py,.github/workflows/ci.yml; Build/*/Tests/StonerTest,FeatureMapped,Feature-level evidence seed for platform abstraction and edge-case coverage.
006-SC-002,006,SC,SC-002,File write-read verification preserves 100% of bytes for representative text and binary payloads up to 1 MB on each supported platform.,specs/006-core-platform-abstraction/spec.md:131,"Source/Core/Public/Core/{FPlatformFileSystem,FPlatformMemory,FPlatformMisc,FPlatformProcess,FPlatformTime,FPlatformWindow,SGPlatform}.h",Source/Core/Private/FPlatform*.cpp,Tests/CorePlatformTests.cpp; Tests/CorePlatformOwnershipTests.cpp; Tests/verify_platform_identity.py,.github/workflows/ci.yml; Build/*/Tests/StonerTest,FeatureMapped,Feature-level evidence seed for platform abstraction and edge-case coverage.
006-SC-003,006,SC,SC-003,"Missing file, inaccessible path, missing module, and missing entry point cases fail deterministically 100% of the time without crashing.",specs/006-core-platform-abstraction/spec.md:132,"Source/Core/Public/Core/{FPlatformFileSystem,FPlatformMemory,FPlatformMisc,FPlatformProcess,FPlatformTime,FPlatformWindow,SGPlatform}.h",Source/Core/Private/FPlatform*.cpp,Tests/CorePlatformTests.cpp; Tests/CorePlatformOwnershipTests.cpp; Tests/verify_platform_identity.py,.github/workflows/ci.yml; Build/*/Tests/StonerTest,FeatureMapped,Feature-level evidence seed for platform abstraction and edge-case coverage.
006-SC-004,006,SC,SC-004,"Repeated time queries over at least 1,000 samples never move backward within a single process run.",specs/006-core-platform-abstraction/spec.md:133,"Source/Core/Public/Core/{FPlatformFileSystem,FPlatformMemory,FPlatformMisc,FPlatformProcess,FPlatformTime,FPlatformWindow,SGPlatform}.h",Source/Core/Private/FPlatform*.cpp,Tests/CorePlatformTests.cpp; Tests/CorePlatformOwnershipTests.cpp; Tests/verify_platform_identity.py,.github/workflows/ci.yml; Build/*/Tests/StonerTest,FeatureMapped,Feature-level evidence seed for platform abstraction and edge-case coverage.
006-SC-005,006,SC,SC-005,"Core platform public headers compile without importing RHI, Backend, Renderer, Application, windowing framework, or graphics API dependencies.",specs/006-core-platform-abstraction/spec.md:134,"Source/Core/Public/Core/{FPlatformFileSystem,FPlatformMemory,FPlatformMisc,FPlatformProcess,FPlatformTime,FPlatformWindow,SGPlatform}.h",Source/Core/Private/FPlatform*.cpp,Tests/CorePlatformTests.cpp; Tests/CorePlatformOwnershipTests.cpp; Tests/verify_platform_identity.py,.github/workflows/ci.yml; Build/*/Tests/StonerTest,FeatureMapped,Feature-level evidence seed for platform abstraction and edge-case coverage.
006-SC-006,006,SC,SC-006,"The feature passes the existing full engine test executable together with new platform abstraction tests on Windows, macOS, and Linux.",specs/006-core-platform-abstraction/spec.md:135,"Source/Core/Public/Core/{FPlatformFileSystem,FPlatformMemory,FPlatformMisc,FPlatformProcess,FPlatformTime,FPlatformWindow,SGPlatform}.h",Source/Core/Private/FPlatform*.cpp,Tests/CorePlatformTests.cpp; Tests/CorePlatformOwnershipTests.cpp; Tests/verify_platform_identity.py,.github/workflows/ci.yml; Build/*/Tests/StonerTest,FeatureMapped,Feature-level evidence seed for platform abstraction and edge-case coverage.
006-SC-007,006,SC,SC-007,All platform needs identified in the Phase 008 Vulkan device/swapchain and Phase 015 application window/input roadmap prompts are represented by documented Core platform contracts without requiring higher-layer public dependencies.,specs/006-core-platform-abstraction/spec.md:136,"Source/Core/Public/Core/{FPlatformFileSystem,FPlatformMemory,FPlatformMisc,FPlatformProcess,FPlatformTime,FPlatformWindow,SGPlatform}.h",Source/Core/Private/FPlatform*.cpp,Tests/CorePlatformTests.cpp; Tests/CorePlatformOwnershipTests.cpp; Tests/verify_platform_identity.py,.github/workflows/ci.yml; Build/*/Tests/StonerTest,FeatureMapped,Feature-level evidence seed for platform abstraction and edge-case coverage.
007-FR-001,007,FR,FR-001,"System MUST define a rendering device contract that exposes lifecycle state, supported queue types, device capabilities, and feature limits.",specs/007-rhi-core-interfaces/spec.md:109,Source/RHI/Public/RHI/IRHI*.h; Source/RHI/Public/RHI/ERHI*.h; Source/RHI/Public/RHI/FRHI*Desc.h,Source/RHI/Private/RHIModule.cpp; mock implementations in Tests/RHICoreTests.cpp,Tests/RHICoreTests.cpp; Tests/Main.cpp,.github/workflows/ci.yml; Build/*/Tests/StonerTest,FeatureMapped,"Feature-level evidence seed for RHI core interfaces, lifecycles, and mock contracts."
007-FR-002,007,FR,FR-002,"System MUST allow consumers to query whether graphics, compute, transfer, and present queue work is supported by a device.",specs/007-rhi-core-interfaces/spec.md:110,Source/RHI/Public/RHI/IRHI*.h; Source/RHI/Public/RHI/ERHI*.h; Source/RHI/Public/RHI/FRHI*Desc.h,Source/RHI/Private/RHIModule.cpp; mock implementations in Tests/RHICoreTests.cpp,Tests/RHICoreTests.cpp; Tests/Main.cpp,.github/workflows/ci.yml; Build/*/Tests/StonerTest,FeatureMapped,"Feature-level evidence seed for RHI core interfaces, lifecycles, and mock contracts."
007-FR-002a,007,FR,FR-002a,"System MUST make the rendering device the authoritative creation and lifetime owner for queues, command buffers, fences, semaphores, and swapchains.",specs/007-rhi-core-interfaces/spec.md:111,Source/RHI/Public/RHI/IRHI*.h; Source/RHI/Public/RHI/ERHI*.h; Source/RHI/Public/RHI/FRHI*Desc.h,Source/RHI/Private/RHIModule.cpp; mock implementations in Tests/RHICoreTests.cpp,Tests/RHICoreTests.cpp; Tests/Main.cpp,.github/workflows/ci.yml; Build/*/Tests/StonerTest,FeatureMapped,"Feature-level evidence seed for RHI core interfaces, lifecycles, and mock contracts."
007-FR-003,007,FR,FR-003,"System MUST define a command buffer lifecycle covering idle, recording, completed, submitted, and resettable states.",specs/007-rhi-core-interfaces/spec.md:112,Source/RHI/Public/RHI/IRHI*.h; Source/RHI/Public/RHI/ERHI*.h; Source/RHI/Public/RHI/FRHI*Desc.h,Source/RHI/Private/RHIModule.cpp; mock implementations in Tests/RHICoreTests.cpp,Tests/RHICoreTests.cpp; Tests/Main.cpp,.github/workflows/ci.yml; Build/*/Tests/StonerTest,FeatureMapped,"Feature-level evidence seed for RHI core interfaces, lifecycles, and mock contracts."
007-FR-004,007,FR,FR-004,"System MUST allow command buffers to represent symbolic draw, dispatch, and barrier-style work requests at the RHI contract level without validating concrete resources or pipeline state objects.",specs/007-rhi-core-interfaces/spec.md:113,Source/RHI/Public/RHI/IRHI*.h; Source/RHI/Public/RHI/ERHI*.h; Source/RHI/Public/RHI/FRHI*Desc.h,Source/RHI/Private/RHIModule.cpp; mock implementations in Tests/RHICoreTests.cpp,Tests/RHICoreTests.cpp; Tests/Main.cpp,.github/workflows/ci.yml; Build/*/Tests/StonerTest,FeatureMapped,"Feature-level evidence seed for RHI core interfaces, lifecycles, and mock contracts."
007-FR-005,007,FR,FR-005,System MUST reject or report invalid command buffer lifecycle transitions without crashing.,specs/007-rhi-core-interfaces/spec.md:114,Source/RHI/Public/RHI/IRHI*.h; Source/RHI/Public/RHI/ERHI*.h; Source/RHI/Public/RHI/FRHI*Desc.h,Source/RHI/Private/RHIModule.cpp; mock implementations in Tests/RHICoreTests.cpp,Tests/RHICoreTests.cpp; Tests/Main.cpp,.github/workflows/ci.yml; Build/*/Tests/StonerTest,FeatureMapped,"Feature-level evidence seed for RHI core interfaces, lifecycles, and mock contracts."
007-FR-006,007,FR,FR-006,System MUST define a command queue contract that accepts compatible completed command buffers for submission.,specs/007-rhi-core-interfaces/spec.md:115,Source/RHI/Public/RHI/IRHI*.h; Source/RHI/Public/RHI/ERHI*.h; Source/RHI/Public/RHI/FRHI*Desc.h,Source/RHI/Private/RHIModule.cpp; mock implementations in Tests/RHICoreTests.cpp,Tests/RHICoreTests.cpp; Tests/Main.cpp,.github/workflows/ci.yml; Build/*/Tests/StonerTest,FeatureMapped,"Feature-level evidence seed for RHI core interfaces, lifecycles, and mock contracts."
007-FR-007,007,FR,FR-007,System MUST define queue idle and completion observation behavior so callers can determine whether submitted work has finished.,specs/007-rhi-core-interfaces/spec.md:116,Source/RHI/Public/RHI/IRHI*.h; Source/RHI/Public/RHI/ERHI*.h; Source/RHI/Public/RHI/FRHI*Desc.h,Source/RHI/Private/RHIModule.cpp; mock implementations in Tests/RHICoreTests.cpp,Tests/RHICoreTests.cpp; Tests/Main.cpp,.github/workflows/ci.yml; Build/*/Tests/StonerTest,FeatureMapped,"Feature-level evidence seed for RHI core interfaces, lifecycles, and mock contracts."
007-FR-008,007,FR,FR-008,"System MUST define fence behavior for signal, wait, reset, and status observation.",specs/007-rhi-core-interfaces/spec.md:117,Source/RHI/Public/RHI/IRHI*.h; Source/RHI/Public/RHI/ERHI*.h; Source/RHI/Public/RHI/FRHI*Desc.h,Source/RHI/Private/RHIModule.cpp; mock implementations in Tests/RHICoreTests.cpp,Tests/RHICoreTests.cpp; Tests/Main.cpp,.github/workflows/ci.yml; Build/*/Tests/StonerTest,FeatureMapped,"Feature-level evidence seed for RHI core interfaces, lifecycles, and mock contracts."
007-FR-009,007,FR,FR-009,System MUST define semaphore behavior for ordering queue submissions without exposing backend-specific handles.,specs/007-rhi-core-interfaces/spec.md:118,Source/RHI/Public/RHI/IRHI*.h; Source/RHI/Public/RHI/ERHI*.h; Source/RHI/Public/RHI/FRHI*Desc.h,Source/RHI/Private/RHIModule.cpp; mock implementations in Tests/RHICoreTests.cpp,Tests/RHICoreTests.cpp; Tests/Main.cpp,.github/workflows/ci.yml; Build/*/Tests/StonerTest,FeatureMapped,"Feature-level evidence seed for RHI core interfaces, lifecycles, and mock contracts."
007-FR-010,007,FR,FR-010,"System MUST define a headless/mockable swapchain contract for acquiring the next presentable frame, presenting a completed frame, and reporting resize or recreation requirements.",specs/007-rhi-core-interfaces/spec.md:119,Source/RHI/Public/RHI/IRHI*.h; Source/RHI/Public/RHI/ERHI*.h; Source/RHI/Public/RHI/FRHI*Desc.h,Source/RHI/Private/RHIModule.cpp; mock implementations in Tests/RHICoreTests.cpp,Tests/RHICoreTests.cpp; Tests/Main.cpp,.github/workflows/ci.yml; Build/*/Tests/StonerTest,FeatureMapped,"Feature-level evidence seed for RHI core interfaces, lifecycles, and mock contracts."
007-FR-011,007,FR,FR-011,"System MUST define a portable format catalog for color, depth, stencil, and common data formats needed by core device and swapchain capabilities.",specs/007-rhi-core-interfaces/spec.md:120,Source/RHI/Public/RHI/IRHI*.h; Source/RHI/Public/RHI/ERHI*.h; Source/RHI/Public/RHI/FRHI*Desc.h,Source/RHI/Private/RHIModule.cpp; mock implementations in Tests/RHICoreTests.cpp,Tests/RHICoreTests.cpp; Tests/Main.cpp,.github/workflows/ci.yml; Build/*/Tests/StonerTest,FeatureMapped,"Feature-level evidence seed for RHI core interfaces, lifecycles, and mock contracts."
007-FR-012,007,FR,FR-012,System MUST provide deterministic mock-test behavior for every public RHI core contract in this feature.,specs/007-rhi-core-interfaces/spec.md:121,Source/RHI/Public/RHI/IRHI*.h; Source/RHI/Public/RHI/ERHI*.h; Source/RHI/Public/RHI/FRHI*Desc.h,Source/RHI/Private/RHIModule.cpp; mock implementations in Tests/RHICoreTests.cpp,Tests/RHICoreTests.cpp; Tests/Main.cpp,.github/workflows/ci.yml; Build/*/Tests/StonerTest,FeatureMapped,"Feature-level evidence seed for RHI core interfaces, lifecycles, and mock contracts."
007-FR-013,007,FR,FR-013,System MUST keep resource and pipeline creation and validation outside this feature; command recording in this phase MUST remain symbolic.,specs/007-rhi-core-interfaces/spec.md:122,Source/RHI/Public/RHI/IRHI*.h; Source/RHI/Public/RHI/ERHI*.h; Source/RHI/Public/RHI/FRHI*Desc.h,Source/RHI/Private/RHIModule.cpp; mock implementations in Tests/RHICoreTests.cpp,Tests/RHICoreTests.cpp; Tests/Main.cpp,.github/workflows/ci.yml; Build/*/Tests/StonerTest,FeatureMapped,"Feature-level evidence seed for RHI core interfaces, lifecycles, and mock contracts."
007-FR-014,007,FR,FR-014,System MUST keep actual graphics backend calls outside this feature.,specs/007-rhi-core-interfaces/spec.md:123,Source/RHI/Public/RHI/IRHI*.h; Source/RHI/Public/RHI/ERHI*.h; Source/RHI/Public/RHI/FRHI*Desc.h,Source/RHI/Private/RHIModule.cpp; mock implementations in Tests/RHICoreTests.cpp,Tests/RHICoreTests.cpp; Tests/Main.cpp,.github/workflows/ci.yml; Build/*/Tests/StonerTest,FeatureMapped,"Feature-level evidence seed for RHI core interfaces, lifecycles, and mock contracts."
007-FR-015,007,FR,FR-015,"System MUST expose explicit result/status values for recoverable operation outcomes, including success, invalid state, unsupported capability, timeout, and resize-required style states where applicable.",specs/007-rhi-core-interfaces/spec.md:124,Source/RHI/Public/RHI/IRHI*.h; Source/RHI/Public/RHI/ERHI*.h; Source/RHI/Public/RHI/FRHI*Desc.h,Source/RHI/Private/RHIModule.cpp; mock implementations in Tests/RHICoreTests.cpp,Tests/RHICoreTests.cpp; Tests/Main.cpp,.github/workflows/ci.yml; Build/*/Tests/StonerTest,FeatureMapped,"Feature-level evidence seed for RHI core interfaces, lifecycles, and mock contracts."
007-FR-016,007,FR,FR-016,"System MUST NOT require real native window binding, platform surface binding, or backend surface ownership for swapchain tests in this phase.",specs/007-rhi-core-interfaces/spec.md:125,Source/RHI/Public/RHI/IRHI*.h; Source/RHI/Public/RHI/ERHI*.h; Source/RHI/Public/RHI/FRHI*Desc.h,Source/RHI/Private/RHIModule.cpp; mock implementations in Tests/RHICoreTests.cpp,Tests/RHICoreTests.cpp; Tests/Main.cpp,.github/workflows/ci.yml; Build/*/Tests/StonerTest,FeatureMapped,"Feature-level evidence seed for RHI core interfaces, lifecycles, and mock contracts."
007-FR-017,007,FR,FR-017,System MUST include lifecycle-state matrix tests and negative-path validation for each RHI core contract introduced by this feature.,specs/007-rhi-core-interfaces/spec.md:126,Source/RHI/Public/RHI/IRHI*.h; Source/RHI/Public/RHI/ERHI*.h; Source/RHI/Public/RHI/FRHI*Desc.h,Source/RHI/Private/RHIModule.cpp; mock implementations in Tests/RHICoreTests.cpp,Tests/RHICoreTests.cpp; Tests/Main.cpp,.github/workflows/ci.yml; Build/*/Tests/StonerTest,FeatureMapped,"Feature-level evidence seed for RHI core interfaces, lifecycles, and mock contracts."
007-SC-001,007,SC,SC-001,A developer can validate device lifecycle and capability discovery through a mock device in under 5 minutes using the project test executable.,specs/007-rhi-core-interfaces/spec.md:143,Source/RHI/Public/RHI/IRHI*.h; Source/RHI/Public/RHI/ERHI*.h; Source/RHI/Public/RHI/FRHI*Desc.h,Source/RHI/Private/RHIModule.cpp; mock implementations in Tests/RHICoreTests.cpp,Tests/RHICoreTests.cpp; Tests/Main.cpp,.github/workflows/ci.yml; Build/*/Tests/StonerTest,FeatureMapped,"Feature-level evidence seed for RHI core interfaces, lifecycles, and mock contracts."
007-SC-002,007,SC,SC-002,"Mock-based tests cover 100% of public RHI core contracts introduced by this feature, including lifecycle-state matrices and negative-path validation.",specs/007-rhi-core-interfaces/spec.md:144,Source/RHI/Public/RHI/IRHI*.h; Source/RHI/Public/RHI/ERHI*.h; Source/RHI/Public/RHI/FRHI*Desc.h,Source/RHI/Private/RHIModule.cpp; mock implementations in Tests/RHICoreTests.cpp,Tests/RHICoreTests.cpp; Tests/Main.cpp,.github/workflows/ci.yml; Build/*/Tests/StonerTest,FeatureMapped,"Feature-level evidence seed for RHI core interfaces, lifecycles, and mock contracts."
007-SC-003,007,SC,SC-003,"Invalid lifecycle actions for command buffers, queues, fences, semaphores, and swapchains are detected without process crashes in all test scenarios.",specs/007-rhi-core-interfaces/spec.md:145,Source/RHI/Public/RHI/IRHI*.h; Source/RHI/Public/RHI/ERHI*.h; Source/RHI/Public/RHI/FRHI*Desc.h,Source/RHI/Private/RHIModule.cpp; mock implementations in Tests/RHICoreTests.cpp,Tests/RHICoreTests.cpp; Tests/Main.cpp,.github/workflows/ci.yml; Build/*/Tests/StonerTest,FeatureMapped,"Feature-level evidence seed for RHI core interfaces, lifecycles, and mock contracts."
007-SC-004,007,SC,SC-004,"A renderer-facing smoke test can record, complete, submit, and observe a mock frame workflow with zero backend-specific dependencies.",specs/007-rhi-core-interfaces/spec.md:146,Source/RHI/Public/RHI/IRHI*.h; Source/RHI/Public/RHI/ERHI*.h; Source/RHI/Public/RHI/FRHI*Desc.h,Source/RHI/Private/RHIModule.cpp; mock implementations in Tests/RHICoreTests.cpp,Tests/RHICoreTests.cpp; Tests/Main.cpp,.github/workflows/ci.yml; Build/*/Tests/StonerTest,FeatureMapped,"Feature-level evidence seed for RHI core interfaces, lifecycles, and mock contracts."
007-SC-005,007,SC,SC-005,Public RHI core behavior can be reviewed without reference to any concrete graphics API or platform-specific presentation implementation.,specs/007-rhi-core-interfaces/spec.md:147,Source/RHI/Public/RHI/IRHI*.h; Source/RHI/Public/RHI/ERHI*.h; Source/RHI/Public/RHI/FRHI*Desc.h,Source/RHI/Private/RHIModule.cpp; mock implementations in Tests/RHICoreTests.cpp,Tests/RHICoreTests.cpp; Tests/Main.cpp,.github/workflows/ci.yml; Build/*/Tests/StonerTest,FeatureMapped,"Feature-level evidence seed for RHI core interfaces, lifecycles, and mock contracts."
007-SC-006,007,SC,SC-006,"The feature supports at least graphics, compute, transfer, and present queue classifications in capability queries and validation scenarios.",specs/007-rhi-core-interfaces/spec.md:148,Source/RHI/Public/RHI/IRHI*.h; Source/RHI/Public/RHI/ERHI*.h; Source/RHI/Public/RHI/FRHI*Desc.h,Source/RHI/Private/RHIModule.cpp; mock implementations in Tests/RHICoreTests.cpp,Tests/RHICoreTests.cpp; Tests/Main.cpp,.github/workflows/ci.yml; Build/*/Tests/StonerTest,FeatureMapped,"Feature-level evidence seed for RHI core interfaces, lifecycles, and mock contracts."
008-FR-001,008,FR,FR-001,"System MUST define buffer resource contracts that expose size, usage intent, lifecycle state, and creation outcome for vertex, index, uniform, and storage buffer use cases.",specs/008-rhi-resource-pipeline/spec.md:126,"Source/RHI/Public/RHI/{IRHIBuffer,IRHITexture,IRHISampler,IRHIShaderModule,IRHIDescriptorSet,IRHIGraphicsPipeline,IRHIComputePipeline,IRHIRenderPass,IRHIFramebuffer}.h",Source/RHI/Public/RHI/FRHI*Desc.h validators; Tests/RHICoreTests.cpp mocks,Tests/RHICoreTests.cpp; Tests/VulkanBackendTests.cpp; Tests/Main.cpp,.github/workflows/ci.yml; Build/*/Tests/StonerTest,FeatureMapped,"Feature-level evidence seed for resource, descriptor, pipeline, render-pass, and framebuffer contracts."
008-FR-002,008,FR,FR-002,"System MUST define texture resource contracts that expose texture dimension type, width, height, depth, mip levels, array layers, sample count, format, usage intent, lifecycle state, and creation outcome.",specs/008-rhi-resource-pipeline/spec.md:127,"Source/RHI/Public/RHI/{IRHIBuffer,IRHITexture,IRHISampler,IRHIShaderModule,IRHIDescriptorSet,IRHIGraphicsPipeline,IRHIComputePipeline,IRHIRenderPass,IRHIFramebuffer}.h",Source/RHI/Public/RHI/FRHI*Desc.h validators; Tests/RHICoreTests.cpp mocks,Tests/RHICoreTests.cpp; Tests/VulkanBackendTests.cpp; Tests/Main.cpp,.github/workflows/ci.yml; Build/*/Tests/StonerTest,FeatureMapped,"Feature-level evidence seed for resource, descriptor, pipeline, render-pass, and framebuffer contracts."
008-FR-003,008,FR,FR-003,"System MUST define sampler contracts that expose filtering, address behavior, comparison behavior, and creation outcome.",specs/008-rhi-resource-pipeline/spec.md:128,"Source/RHI/Public/RHI/{IRHIBuffer,IRHITexture,IRHISampler,IRHIShaderModule,IRHIDescriptorSet,IRHIGraphicsPipeline,IRHIComputePipeline,IRHIRenderPass,IRHIFramebuffer}.h",Source/RHI/Public/RHI/FRHI*Desc.h validators; Tests/RHICoreTests.cpp mocks,Tests/RHICoreTests.cpp; Tests/VulkanBackendTests.cpp; Tests/Main.cpp,.github/workflows/ci.yml; Build/*/Tests/StonerTest,FeatureMapped,"Feature-level evidence seed for resource, descriptor, pipeline, render-pass, and framebuffer contracts."
008-FR-004,008,FR,FR-004,"System MUST define portable, composable usage classifications for buffers and textures, including combinations required for rendering, compute, copying, sampling, storage, and presentation-adjacent workflows.",specs/008-rhi-resource-pipeline/spec.md:129,"Source/RHI/Public/RHI/{IRHIBuffer,IRHITexture,IRHISampler,IRHIShaderModule,IRHIDescriptorSet,IRHIGraphicsPipeline,IRHIComputePipeline,IRHIRenderPass,IRHIFramebuffer}.h",Source/RHI/Public/RHI/FRHI*Desc.h validators; Tests/RHICoreTests.cpp mocks,Tests/RHICoreTests.cpp; Tests/VulkanBackendTests.cpp; Tests/Main.cpp,.github/workflows/ci.yml; Build/*/Tests/StonerTest,FeatureMapped,"Feature-level evidence seed for resource, descriptor, pipeline, render-pass, and framebuffer contracts."
008-FR-005,008,FR,FR-005,System MUST reject invalid or unsupported resource descriptions through explicit status values without returning usable resource objects.,specs/008-rhi-resource-pipeline/spec.md:130,"Source/RHI/Public/RHI/{IRHIBuffer,IRHITexture,IRHISampler,IRHIShaderModule,IRHIDescriptorSet,IRHIGraphicsPipeline,IRHIComputePipeline,IRHIRenderPass,IRHIFramebuffer}.h",Source/RHI/Public/RHI/FRHI*Desc.h validators; Tests/RHICoreTests.cpp mocks,Tests/RHICoreTests.cpp; Tests/VulkanBackendTests.cpp; Tests/Main.cpp,.github/workflows/ci.yml; Build/*/Tests/StonerTest,FeatureMapped,"Feature-level evidence seed for resource, descriptor, pipeline, render-pass, and framebuffer contracts."
008-FR-005a,008,FR,FR-005a,System MUST explicitly reject incompatible usage flag combinations while allowing valid multi-usage resources needed by renderer and render graph workflows.,specs/008-rhi-resource-pipeline/spec.md:131,"Source/RHI/Public/RHI/{IRHIBuffer,IRHITexture,IRHISampler,IRHIShaderModule,IRHIDescriptorSet,IRHIGraphicsPipeline,IRHIComputePipeline,IRHIRenderPass,IRHIFramebuffer}.h",Source/RHI/Public/RHI/FRHI*Desc.h validators; Tests/RHICoreTests.cpp mocks,Tests/RHICoreTests.cpp; Tests/VulkanBackendTests.cpp; Tests/Main.cpp,.github/workflows/ci.yml; Build/*/Tests/StonerTest,FeatureMapped,"Feature-level evidence seed for resource, descriptor, pipeline, render-pass, and framebuffer contracts."
008-FR-006,008,FR,FR-006,"System MUST define shader module contracts that expose declared shader stage, entry point identity, opaque payload identity, lifecycle state, and creation outcome without requiring bytecode validation or a concrete shader compiler in this phase.",specs/008-rhi-resource-pipeline/spec.md:132,"Source/RHI/Public/RHI/{IRHIBuffer,IRHITexture,IRHISampler,IRHIShaderModule,IRHIDescriptorSet,IRHIGraphicsPipeline,IRHIComputePipeline,IRHIRenderPass,IRHIFramebuffer}.h",Source/RHI/Public/RHI/FRHI*Desc.h validators; Tests/RHICoreTests.cpp mocks,Tests/RHICoreTests.cpp; Tests/VulkanBackendTests.cpp; Tests/Main.cpp,.github/workflows/ci.yml; Build/*/Tests/StonerTest,FeatureMapped,"Feature-level evidence seed for resource, descriptor, pipeline, render-pass, and framebuffer contracts."
008-FR-007,008,FR,FR-007,"System MUST define shader stage classifications for vertex, fragment/pixel, compute, and common future-visible stages while explicitly reporting unsupported stages that are outside this feature's scope.",specs/008-rhi-resource-pipeline/spec.md:133,"Source/RHI/Public/RHI/{IRHIBuffer,IRHITexture,IRHISampler,IRHIShaderModule,IRHIDescriptorSet,IRHIGraphicsPipeline,IRHIComputePipeline,IRHIRenderPass,IRHIFramebuffer}.h",Source/RHI/Public/RHI/FRHI*Desc.h validators; Tests/RHICoreTests.cpp mocks,Tests/RHICoreTests.cpp; Tests/VulkanBackendTests.cpp; Tests/Main.cpp,.github/workflows/ci.yml; Build/*/Tests/StonerTest,FeatureMapped,"Feature-level evidence seed for resource, descriptor, pipeline, render-pass, and framebuffer contracts."
008-FR-008,008,FR,FR-008,"System MUST define pipeline layout contracts that describe one or more descriptor set layouts, including set indices, descriptor bindings, descriptor types, binding slots, array counts, and shader stage visibility.",specs/008-rhi-resource-pipeline/spec.md:134,"Source/RHI/Public/RHI/{IRHIBuffer,IRHITexture,IRHISampler,IRHIShaderModule,IRHIDescriptorSet,IRHIGraphicsPipeline,IRHIComputePipeline,IRHIRenderPass,IRHIFramebuffer}.h",Source/RHI/Public/RHI/FRHI*Desc.h validators; Tests/RHICoreTests.cpp mocks,Tests/RHICoreTests.cpp; Tests/VulkanBackendTests.cpp; Tests/Main.cpp,.github/workflows/ci.yml; Build/*/Tests/StonerTest,FeatureMapped,"Feature-level evidence seed for resource, descriptor, pipeline, render-pass, and framebuffer contracts."
008-FR-009,008,FR,FR-009,"System MUST define descriptor set contracts that can bind buffers, textures, samplers, and combined texture-sampler resources according to a specific descriptor set index within a pipeline layout.",specs/008-rhi-resource-pipeline/spec.md:135,"Source/RHI/Public/RHI/{IRHIBuffer,IRHITexture,IRHISampler,IRHIShaderModule,IRHIDescriptorSet,IRHIGraphicsPipeline,IRHIComputePipeline,IRHIRenderPass,IRHIFramebuffer}.h",Source/RHI/Public/RHI/FRHI*Desc.h validators; Tests/RHICoreTests.cpp mocks,Tests/RHICoreTests.cpp; Tests/VulkanBackendTests.cpp; Tests/Main.cpp,.github/workflows/ci.yml; Build/*/Tests/StonerTest,FeatureMapped,"Feature-level evidence seed for resource, descriptor, pipeline, render-pass, and framebuffer contracts."
008-FR-010,008,FR,FR-010,"System MUST reject descriptor updates that target missing bindings, incompatible descriptor types, invalid array indices, unsupported resource usage, or invalidated resources.",specs/008-rhi-resource-pipeline/spec.md:136,"Source/RHI/Public/RHI/{IRHIBuffer,IRHITexture,IRHISampler,IRHIShaderModule,IRHIDescriptorSet,IRHIGraphicsPipeline,IRHIComputePipeline,IRHIRenderPass,IRHIFramebuffer}.h",Source/RHI/Public/RHI/FRHI*Desc.h validators; Tests/RHICoreTests.cpp mocks,Tests/RHICoreTests.cpp; Tests/VulkanBackendTests.cpp; Tests/Main.cpp,.github/workflows/ci.yml; Build/*/Tests/StonerTest,FeatureMapped,"Feature-level evidence seed for resource, descriptor, pipeline, render-pass, and framebuffer contracts."
008-FR-011,008,FR,FR-011,"System MUST define graphics pipeline contracts that describe shader stages, pipeline layout, vertex input, rasterization behavior, blending behavior, depth-stencil behavior, primitive topology, and compatible render target information.",specs/008-rhi-resource-pipeline/spec.md:137,"Source/RHI/Public/RHI/{IRHIBuffer,IRHITexture,IRHISampler,IRHIShaderModule,IRHIDescriptorSet,IRHIGraphicsPipeline,IRHIComputePipeline,IRHIRenderPass,IRHIFramebuffer}.h",Source/RHI/Public/RHI/FRHI*Desc.h validators; Tests/RHICoreTests.cpp mocks,Tests/RHICoreTests.cpp; Tests/VulkanBackendTests.cpp; Tests/Main.cpp,.github/workflows/ci.yml; Build/*/Tests/StonerTest,FeatureMapped,"Feature-level evidence seed for resource, descriptor, pipeline, render-pass, and framebuffer contracts."
008-FR-012,008,FR,FR-012,System MUST define compute pipeline contracts that describe exactly one compute shader stage and one pipeline layout.,specs/008-rhi-resource-pipeline/spec.md:138,"Source/RHI/Public/RHI/{IRHIBuffer,IRHITexture,IRHISampler,IRHIShaderModule,IRHIDescriptorSet,IRHIGraphicsPipeline,IRHIComputePipeline,IRHIRenderPass,IRHIFramebuffer}.h",Source/RHI/Public/RHI/FRHI*Desc.h validators; Tests/RHICoreTests.cpp mocks,Tests/RHICoreTests.cpp; Tests/VulkanBackendTests.cpp; Tests/Main.cpp,.github/workflows/ci.yml; Build/*/Tests/StonerTest,FeatureMapped,"Feature-level evidence seed for resource, descriptor, pipeline, render-pass, and framebuffer contracts."
008-FR-013,008,FR,FR-013,"System MUST reject invalid pipeline descriptions such as missing required stages, incompatible stage combinations, missing layouts, unsupported formats, or attachment incompatibilities.",specs/008-rhi-resource-pipeline/spec.md:139,"Source/RHI/Public/RHI/{IRHIBuffer,IRHITexture,IRHISampler,IRHIShaderModule,IRHIDescriptorSet,IRHIGraphicsPipeline,IRHIComputePipeline,IRHIRenderPass,IRHIFramebuffer}.h",Source/RHI/Public/RHI/FRHI*Desc.h validators; Tests/RHICoreTests.cpp mocks,Tests/RHICoreTests.cpp; Tests/VulkanBackendTests.cpp; Tests/Main.cpp,.github/workflows/ci.yml; Build/*/Tests/StonerTest,FeatureMapped,"Feature-level evidence seed for resource, descriptor, pipeline, render-pass, and framebuffer contracts."
008-FR-014,008,FR,FR-014,"System MUST define single-subpass render pass contracts for attachment descriptions, load/store behavior, and color/depth-stencil attachment roles.",specs/008-rhi-resource-pipeline/spec.md:140,"Source/RHI/Public/RHI/{IRHIBuffer,IRHITexture,IRHISampler,IRHIShaderModule,IRHIDescriptorSet,IRHIGraphicsPipeline,IRHIComputePipeline,IRHIRenderPass,IRHIFramebuffer}.h",Source/RHI/Public/RHI/FRHI*Desc.h validators; Tests/RHICoreTests.cpp mocks,Tests/RHICoreTests.cpp; Tests/VulkanBackendTests.cpp; Tests/Main.cpp,.github/workflows/ci.yml; Build/*/Tests/StonerTest,FeatureMapped,"Feature-level evidence seed for resource, descriptor, pipeline, render-pass, and framebuffer contracts."
008-FR-015,008,FR,FR-015,"System MUST define framebuffer contracts that associate texture attachments with a compatible render pass and expose dimensions, attachment count, and lifecycle state.",specs/008-rhi-resource-pipeline/spec.md:141,"Source/RHI/Public/RHI/{IRHIBuffer,IRHITexture,IRHISampler,IRHIShaderModule,IRHIDescriptorSet,IRHIGraphicsPipeline,IRHIComputePipeline,IRHIRenderPass,IRHIFramebuffer}.h",Source/RHI/Public/RHI/FRHI*Desc.h validators; Tests/RHICoreTests.cpp mocks,Tests/RHICoreTests.cpp; Tests/VulkanBackendTests.cpp; Tests/Main.cpp,.github/workflows/ci.yml; Build/*/Tests/StonerTest,FeatureMapped,"Feature-level evidence seed for resource, descriptor, pipeline, render-pass, and framebuffer contracts."
008-FR-016,008,FR,FR-016,"System MUST reject framebuffer creation when attachments do not match render pass expectations for count, format, dimensions, sample count, or lifecycle validity.",specs/008-rhi-resource-pipeline/spec.md:142,"Source/RHI/Public/RHI/{IRHIBuffer,IRHITexture,IRHISampler,IRHIShaderModule,IRHIDescriptorSet,IRHIGraphicsPipeline,IRHIComputePipeline,IRHIRenderPass,IRHIFramebuffer}.h",Source/RHI/Public/RHI/FRHI*Desc.h validators; Tests/RHICoreTests.cpp mocks,Tests/RHICoreTests.cpp; Tests/VulkanBackendTests.cpp; Tests/Main.cpp,.github/workflows/ci.yml; Build/*/Tests/StonerTest,FeatureMapped,"Feature-level evidence seed for resource, descriptor, pipeline, render-pass, and framebuffer contracts."
008-FR-017,008,FR,FR-017,"System MUST ensure the rendering device remains the authoritative factory/owner for resources, layouts, descriptor sets, shader modules, pipelines, render passes, and framebuffers.",specs/008-rhi-resource-pipeline/spec.md:143,"Source/RHI/Public/RHI/{IRHIBuffer,IRHITexture,IRHISampler,IRHIShaderModule,IRHIDescriptorSet,IRHIGraphicsPipeline,IRHIComputePipeline,IRHIRenderPass,IRHIFramebuffer}.h",Source/RHI/Public/RHI/FRHI*Desc.h validators; Tests/RHICoreTests.cpp mocks,Tests/RHICoreTests.cpp; Tests/VulkanBackendTests.cpp; Tests/Main.cpp,.github/workflows/ci.yml; Build/*/Tests/StonerTest,FeatureMapped,"Feature-level evidence seed for resource, descriptor, pipeline, render-pass, and framebuffer contracts."
008-FR-018,008,FR,FR-018,"System MUST expose explicit lifecycle states for resource and pipeline-family objects, including at least Valid and Invalidated, and MUST reject use of Invalidated objects through explicit status values.",specs/008-rhi-resource-pipeline/spec.md:144,"Source/RHI/Public/RHI/{IRHIBuffer,IRHITexture,IRHISampler,IRHIShaderModule,IRHIDescriptorSet,IRHIGraphicsPipeline,IRHIComputePipeline,IRHIRenderPass,IRHIFramebuffer}.h",Source/RHI/Public/RHI/FRHI*Desc.h validators; Tests/RHICoreTests.cpp mocks,Tests/RHICoreTests.cpp; Tests/VulkanBackendTests.cpp; Tests/Main.cpp,.github/workflows/ci.yml; Build/*/Tests/StonerTest,FeatureMapped,"Feature-level evidence seed for resource, descriptor, pipeline, render-pass, and framebuffer contracts."
008-FR-019,008,FR,FR-019,System MUST provide deterministic mock-test behavior for every public RHI resource and pipeline contract introduced by this feature.,specs/008-rhi-resource-pipeline/spec.md:145,"Source/RHI/Public/RHI/{IRHIBuffer,IRHITexture,IRHISampler,IRHIShaderModule,IRHIDescriptorSet,IRHIGraphicsPipeline,IRHIComputePipeline,IRHIRenderPass,IRHIFramebuffer}.h",Source/RHI/Public/RHI/FRHI*Desc.h validators; Tests/RHICoreTests.cpp mocks,Tests/RHICoreTests.cpp; Tests/VulkanBackendTests.cpp; Tests/Main.cpp,.github/workflows/ci.yml; Build/*/Tests/StonerTest,FeatureMapped,"Feature-level evidence seed for resource, descriptor, pipeline, render-pass, and framebuffer contracts."
008-FR-020,008,FR,FR-020,"System MUST preserve all existing RHI core device, command queue, command buffer, fence, semaphore, swapchain, result, queue type, and format behavior.",specs/008-rhi-resource-pipeline/spec.md:146,"Source/RHI/Public/RHI/{IRHIBuffer,IRHITexture,IRHISampler,IRHIShaderModule,IRHIDescriptorSet,IRHIGraphicsPipeline,IRHIComputePipeline,IRHIRenderPass,IRHIFramebuffer}.h",Source/RHI/Public/RHI/FRHI*Desc.h validators; Tests/RHICoreTests.cpp mocks,Tests/RHICoreTests.cpp; Tests/VulkanBackendTests.cpp; Tests/Main.cpp,.github/workflows/ci.yml; Build/*/Tests/StonerTest,FeatureMapped,"Feature-level evidence seed for resource, descriptor, pipeline, render-pass, and framebuffer contracts."
008-FR-021,008,FR,FR-021,"System MUST keep real graphics backend calls, shader compilation, memory allocation strategy, resource upload scheduling, and render graph execution outside this feature.",specs/008-rhi-resource-pipeline/spec.md:147,"Source/RHI/Public/RHI/{IRHIBuffer,IRHITexture,IRHISampler,IRHIShaderModule,IRHIDescriptorSet,IRHIGraphicsPipeline,IRHIComputePipeline,IRHIRenderPass,IRHIFramebuffer}.h",Source/RHI/Public/RHI/FRHI*Desc.h validators; Tests/RHICoreTests.cpp mocks,Tests/RHICoreTests.cpp; Tests/VulkanBackendTests.cpp; Tests/Main.cpp,.github/workflows/ci.yml; Build/*/Tests/StonerTest,FeatureMapped,"Feature-level evidence seed for resource, descriptor, pipeline, render-pass, and framebuffer contracts."
008-SC-001,008,SC,SC-001,"A developer can validate buffer, texture, sampler, shader module, pipeline layout, descriptor set, graphics pipeline, compute pipeline, render pass, and framebuffer contracts through mock tests in under 5 minutes using the project test executable.",specs/008-rhi-resource-pipeline/spec.md:168,"Source/RHI/Public/RHI/{IRHIBuffer,IRHITexture,IRHISampler,IRHIShaderModule,IRHIDescriptorSet,IRHIGraphicsPipeline,IRHIComputePipeline,IRHIRenderPass,IRHIFramebuffer}.h",Source/RHI/Public/RHI/FRHI*Desc.h validators; Tests/RHICoreTests.cpp mocks,Tests/RHICoreTests.cpp; Tests/VulkanBackendTests.cpp; Tests/Main.cpp,.github/workflows/ci.yml; Build/*/Tests/StonerTest,FeatureMapped,"Feature-level evidence seed for resource, descriptor, pipeline, render-pass, and framebuffer contracts."
008-SC-002,008,SC,SC-002,"Mock-based tests cover 100% of public RHI resource and pipeline contracts introduced by this feature, with at least one success path and one negative path for each contract.",specs/008-rhi-resource-pipeline/spec.md:169,"Source/RHI/Public/RHI/{IRHIBuffer,IRHITexture,IRHISampler,IRHIShaderModule,IRHIDescriptorSet,IRHIGraphicsPipeline,IRHIComputePipeline,IRHIRenderPass,IRHIFramebuffer}.h",Source/RHI/Public/RHI/FRHI*Desc.h validators; Tests/RHICoreTests.cpp mocks,Tests/RHICoreTests.cpp; Tests/VulkanBackendTests.cpp; Tests/Main.cpp,.github/workflows/ci.yml; Build/*/Tests/StonerTest,FeatureMapped,"Feature-level evidence seed for resource, descriptor, pipeline, render-pass, and framebuffer contracts."
008-SC-003,008,SC,SC-003,"Invalid resource descriptions, incompatible descriptor updates, invalid pipeline descriptions, and incompatible framebuffer attachments are detected without process crashes in all test scenarios.",specs/008-rhi-resource-pipeline/spec.md:170,"Source/RHI/Public/RHI/{IRHIBuffer,IRHITexture,IRHISampler,IRHIShaderModule,IRHIDescriptorSet,IRHIGraphicsPipeline,IRHIComputePipeline,IRHIRenderPass,IRHIFramebuffer}.h",Source/RHI/Public/RHI/FRHI*Desc.h validators; Tests/RHICoreTests.cpp mocks,Tests/RHICoreTests.cpp; Tests/VulkanBackendTests.cpp; Tests/Main.cpp,.github/workflows/ci.yml; Build/*/Tests/StonerTest,FeatureMapped,"Feature-level evidence seed for resource, descriptor, pipeline, render-pass, and framebuffer contracts."
008-SC-004,008,SC,SC-004,"A renderer-facing smoke test can describe resources, bind them through a descriptor set, create a compatible pipeline, create a render pass/framebuffer pair, and validate the complete mock setup with zero backend-specific dependencies.",specs/008-rhi-resource-pipeline/spec.md:171,"Source/RHI/Public/RHI/{IRHIBuffer,IRHITexture,IRHISampler,IRHIShaderModule,IRHIDescriptorSet,IRHIGraphicsPipeline,IRHIComputePipeline,IRHIRenderPass,IRHIFramebuffer}.h",Source/RHI/Public/RHI/FRHI*Desc.h validators; Tests/RHICoreTests.cpp mocks,Tests/RHICoreTests.cpp; Tests/VulkanBackendTests.cpp; Tests/Main.cpp,.github/workflows/ci.yml; Build/*/Tests/StonerTest,FeatureMapped,"Feature-level evidence seed for resource, descriptor, pipeline, render-pass, and framebuffer contracts."
008-SC-005,008,SC,SC-005,"Public RHI resource and pipeline behavior can be reviewed without reference to any concrete graphics API, backend implementation, platform-specific presentation implementation, or renderer implementation.",specs/008-rhi-resource-pipeline/spec.md:172,"Source/RHI/Public/RHI/{IRHIBuffer,IRHITexture,IRHISampler,IRHIShaderModule,IRHIDescriptorSet,IRHIGraphicsPipeline,IRHIComputePipeline,IRHIRenderPass,IRHIFramebuffer}.h",Source/RHI/Public/RHI/FRHI*Desc.h validators; Tests/RHICoreTests.cpp mocks,Tests/RHICoreTests.cpp; Tests/VulkanBackendTests.cpp; Tests/Main.cpp,.github/workflows/ci.yml; Build/*/Tests/StonerTest,FeatureMapped,"Feature-level evidence seed for resource, descriptor, pipeline, render-pass, and framebuffer contracts."
008-SC-006,008,SC,SC-006,The feature preserves all existing RHI core test outcomes while adding resource and pipeline validation coverage.,specs/008-rhi-resource-pipeline/spec.md:173,"Source/RHI/Public/RHI/{IRHIBuffer,IRHITexture,IRHISampler,IRHIShaderModule,IRHIDescriptorSet,IRHIGraphicsPipeline,IRHIComputePipeline,IRHIRenderPass,IRHIFramebuffer}.h",Source/RHI/Public/RHI/FRHI*Desc.h validators; Tests/RHICoreTests.cpp mocks,Tests/RHICoreTests.cpp; Tests/VulkanBackendTests.cpp; Tests/Main.cpp,.github/workflows/ci.yml; Build/*/Tests/StonerTest,FeatureMapped,"Feature-level evidence seed for resource, descriptor, pipeline, render-pass, and framebuffer contracts."
009-FR-001,009,FR,FR-001,"System MUST allow a developer to request initialization of the Vulkan backend and receive an explicit success, unsupported, invalid-state, or failed result.",specs/009-vulkan-device-swapchain/spec.md:134,"Source/Backend/Vulkan/Public/VulkanRHI/{FVulkanInstance,FVulkanDevice,FVulkanSurface,FVulkanSwapchain,FVulkanQueue,FVulkanFence,FVulkanSemaphore,FVulkanRuntimeSnapshot}.h","Source/Backend/Vulkan/Private/{FVulkanInstance,FVulkanDevice,FVulkanSurface,FVulkanSwapchain,FVulkanQueue,FVulkanFence,FVulkanSemaphore}.cpp",Tests/VulkanBackendTests.cpp; Tests/VulkanNativeIntegrationTests.cpp,.github/workflows/ci.yml; Build/*/Tests/StonerTest,FeatureMapped,"Feature-level evidence seed for Vulkan instance, device, queue, sync, surface, and swapchain behavior."
009-FR-002,009,FR,FR-002,"System MUST discover available graphics adapters, reject candidates that fail required capability gates, and select one compatible adapter using deterministic scoring that prefers discrete GPUs, stronger queue support, presentation support, and required formats.",specs/009-vulkan-device-swapchain/spec.md:135,"Source/Backend/Vulkan/Public/VulkanRHI/{FVulkanInstance,FVulkanDevice,FVulkanSurface,FVulkanSwapchain,FVulkanQueue,FVulkanFence,FVulkanSemaphore,FVulkanRuntimeSnapshot}.h","Source/Backend/Vulkan/Private/{FVulkanInstance,FVulkanDevice,FVulkanSurface,FVulkanSwapchain,FVulkanQueue,FVulkanFence,FVulkanSemaphore}.cpp",Tests/VulkanBackendTests.cpp; Tests/VulkanNativeIntegrationTests.cpp,.github/workflows/ci.yml; Build/*/Tests/StonerTest,FeatureMapped,"Feature-level evidence seed for Vulkan instance, device, queue, sync, surface, and swapchain behavior."
009-FR-002a,009,FR,FR-002a,"System MUST own adapter identity and rejection data, reject empty identities before scoring, and keep selection deterministic without borrowing caller storage.",specs/009-vulkan-device-swapchain/spec.md:136,"Source/Backend/Vulkan/Public/VulkanRHI/{FVulkanInstance,FVulkanDevice,FVulkanSurface,FVulkanSwapchain,FVulkanQueue,FVulkanFence,FVulkanSemaphore,FVulkanRuntimeSnapshot}.h","Source/Backend/Vulkan/Private/{FVulkanInstance,FVulkanDevice,FVulkanSurface,FVulkanSwapchain,FVulkanQueue,FVulkanFence,FVulkanSemaphore}.cpp",Tests/VulkanBackendTests.cpp; Tests/VulkanNativeIntegrationTests.cpp,.github/workflows/ci.yml; Build/*/Tests/StonerTest,FeatureMapped,"Feature-level evidence seed for Vulkan instance, device, queue, sync, surface, and swapchain behavior."
009-FR-003,009,FR,FR-003,"System MUST expose selected device capabilities through the existing RHI capability model, including queue support, presentation support, synchronization support, supported frame count limits, and supported formats.",specs/009-vulkan-device-swapchain/spec.md:137,"Source/Backend/Vulkan/Public/VulkanRHI/{FVulkanInstance,FVulkanDevice,FVulkanSurface,FVulkanSwapchain,FVulkanQueue,FVulkanFence,FVulkanSemaphore,FVulkanRuntimeSnapshot}.h","Source/Backend/Vulkan/Private/{FVulkanInstance,FVulkanDevice,FVulkanSurface,FVulkanSwapchain,FVulkanQueue,FVulkanFence,FVulkanSemaphore}.cpp",Tests/VulkanBackendTests.cpp; Tests/VulkanNativeIntegrationTests.cpp,.github/workflows/ci.yml; Build/*/Tests/StonerTest,FeatureMapped,"Feature-level evidence seed for Vulkan instance, device, queue, sync, surface, and swapchain behavior."
009-FR-003a,009,FR,FR-003a,System MUST derive public supported formats and format-gated resource creation from the same concrete format set retained by the selected adapter.,specs/009-vulkan-device-swapchain/spec.md:138,"Source/Backend/Vulkan/Public/VulkanRHI/{FVulkanInstance,FVulkanDevice,FVulkanSurface,FVulkanSwapchain,FVulkanQueue,FVulkanFence,FVulkanSemaphore,FVulkanRuntimeSnapshot}.h","Source/Backend/Vulkan/Private/{FVulkanInstance,FVulkanDevice,FVulkanSurface,FVulkanSwapchain,FVulkanQueue,FVulkanFence,FVulkanSemaphore}.cpp",Tests/VulkanBackendTests.cpp; Tests/VulkanNativeIntegrationTests.cpp,.github/workflows/ci.yml; Build/*/Tests/StonerTest,FeatureMapped,"Feature-level evidence seed for Vulkan instance, device, queue, sync, surface, and swapchain behavior."
009-FR-004,009,FR,FR-004,System MUST create an active backend device only when all required initialization steps complete successfully.,specs/009-vulkan-device-swapchain/spec.md:139,"Source/Backend/Vulkan/Public/VulkanRHI/{FVulkanInstance,FVulkanDevice,FVulkanSurface,FVulkanSwapchain,FVulkanQueue,FVulkanFence,FVulkanSemaphore,FVulkanRuntimeSnapshot}.h","Source/Backend/Vulkan/Private/{FVulkanInstance,FVulkanDevice,FVulkanSurface,FVulkanSwapchain,FVulkanQueue,FVulkanFence,FVulkanSemaphore}.cpp",Tests/VulkanBackendTests.cpp; Tests/VulkanNativeIntegrationTests.cpp,.github/workflows/ci.yml; Build/*/Tests/StonerTest,FeatureMapped,"Feature-level evidence seed for Vulkan instance, device, queue, sync, surface, and swapchain behavior."
009-FR-004a,009,FR,FR-004a,System MUST require explicit opt-in for deterministic fallback and MUST NOT report that fallback as an available real Vulkan runtime.,specs/009-vulkan-device-swapchain/spec.md:140,"Source/Backend/Vulkan/Public/VulkanRHI/{FVulkanInstance,FVulkanDevice,FVulkanSurface,FVulkanSwapchain,FVulkanQueue,FVulkanFence,FVulkanSemaphore,FVulkanRuntimeSnapshot}.h","Source/Backend/Vulkan/Private/{FVulkanInstance,FVulkanDevice,FVulkanSurface,FVulkanSwapchain,FVulkanQueue,FVulkanFence,FVulkanSemaphore}.cpp",Tests/VulkanBackendTests.cpp; Tests/VulkanNativeIntegrationTests.cpp,.github/workflows/ci.yml; Build/*/Tests/StonerTest,FeatureMapped,"Feature-level evidence seed for Vulkan instance, device, queue, sync, surface, and swapchain behavior."
009-FR-005,009,FR,FR-005,"System MUST reject or cleanly fail initialization when required runtime support, required extensions, compatible adapters, or required queue capabilities are unavailable.",specs/009-vulkan-device-swapchain/spec.md:141,"Source/Backend/Vulkan/Public/VulkanRHI/{FVulkanInstance,FVulkanDevice,FVulkanSurface,FVulkanSwapchain,FVulkanQueue,FVulkanFence,FVulkanSemaphore,FVulkanRuntimeSnapshot}.h","Source/Backend/Vulkan/Private/{FVulkanInstance,FVulkanDevice,FVulkanSurface,FVulkanSwapchain,FVulkanQueue,FVulkanFence,FVulkanSemaphore}.cpp",Tests/VulkanBackendTests.cpp; Tests/VulkanNativeIntegrationTests.cpp,.github/workflows/ci.yml; Build/*/Tests/StonerTest,FeatureMapped,"Feature-level evidence seed for Vulkan instance, device, queue, sync, surface, and swapchain behavior."
009-FR-005a,009,FR,FR-005a,"System MUST request validation support in debug/development environments when available, and MUST report missing validation support diagnostically without failing backend device initialization.",specs/009-vulkan-device-swapchain/spec.md:142,"Source/Backend/Vulkan/Public/VulkanRHI/{FVulkanInstance,FVulkanDevice,FVulkanSurface,FVulkanSwapchain,FVulkanQueue,FVulkanFence,FVulkanSemaphore,FVulkanRuntimeSnapshot}.h","Source/Backend/Vulkan/Private/{FVulkanInstance,FVulkanDevice,FVulkanSurface,FVulkanSwapchain,FVulkanQueue,FVulkanFence,FVulkanSemaphore}.cpp",Tests/VulkanBackendTests.cpp; Tests/VulkanNativeIntegrationTests.cpp,.github/workflows/ci.yml; Build/*/Tests/StonerTest,FeatureMapped,"Feature-level evidence seed for Vulkan instance, device, queue, sync, surface, and swapchain behavior."
009-FR-006,009,FR,FR-006,"System MUST expose graphics, compute, transfer, and present queue availability according to the selected device capabilities.",specs/009-vulkan-device-swapchain/spec.md:143,"Source/Backend/Vulkan/Public/VulkanRHI/{FVulkanInstance,FVulkanDevice,FVulkanSurface,FVulkanSwapchain,FVulkanQueue,FVulkanFence,FVulkanSemaphore,FVulkanRuntimeSnapshot}.h","Source/Backend/Vulkan/Private/{FVulkanInstance,FVulkanDevice,FVulkanSurface,FVulkanSwapchain,FVulkanQueue,FVulkanFence,FVulkanSemaphore}.cpp",Tests/VulkanBackendTests.cpp; Tests/VulkanNativeIntegrationTests.cpp,.github/workflows/ci.yml; Build/*/Tests/StonerTest,FeatureMapped,"Feature-level evidence seed for Vulkan instance, device, queue, sync, surface, and swapchain behavior."
009-FR-007,009,FR,FR-007,System MUST allow creation of RHI command queues for supported queue types and reject unsupported queue types through explicit status values.,specs/009-vulkan-device-swapchain/spec.md:144,"Source/Backend/Vulkan/Public/VulkanRHI/{FVulkanInstance,FVulkanDevice,FVulkanSurface,FVulkanSwapchain,FVulkanQueue,FVulkanFence,FVulkanSemaphore,FVulkanRuntimeSnapshot}.h","Source/Backend/Vulkan/Private/{FVulkanInstance,FVulkanDevice,FVulkanSurface,FVulkanSwapchain,FVulkanQueue,FVulkanFence,FVulkanSemaphore}.cpp",Tests/VulkanBackendTests.cpp; Tests/VulkanNativeIntegrationTests.cpp,.github/workflows/ci.yml; Build/*/Tests/StonerTest,FeatureMapped,"Feature-level evidence seed for Vulkan instance, device, queue, sync, surface, and swapchain behavior."
009-FR-008,009,FR,FR-008,"System MUST preserve the existing RHI queue contract behavior for queue type query, submitted command count query, explicit submission rejection, and wait-idle behavior where applicable to this phase.",specs/009-vulkan-device-swapchain/spec.md:145,"Source/Backend/Vulkan/Public/VulkanRHI/{FVulkanInstance,FVulkanDevice,FVulkanSurface,FVulkanSwapchain,FVulkanQueue,FVulkanFence,FVulkanSemaphore,FVulkanRuntimeSnapshot}.h","Source/Backend/Vulkan/Private/{FVulkanInstance,FVulkanDevice,FVulkanSurface,FVulkanSwapchain,FVulkanQueue,FVulkanFence,FVulkanSemaphore}.cpp",Tests/VulkanBackendTests.cpp; Tests/VulkanNativeIntegrationTests.cpp,.github/workflows/ci.yml; Build/*/Tests/StonerTest,FeatureMapped,"Feature-level evidence seed for Vulkan instance, device, queue, sync, surface, and swapchain behavior."
009-FR-008a,009,FR,FR-008a,System MUST support queue wait-idle for created backend queues and MUST reject missing or non-executable command buffer submissions explicitly until real command buffer recording is delivered in a later phase.,specs/009-vulkan-device-swapchain/spec.md:146,"Source/Backend/Vulkan/Public/VulkanRHI/{FVulkanInstance,FVulkanDevice,FVulkanSurface,FVulkanSwapchain,FVulkanQueue,FVulkanFence,FVulkanSemaphore,FVulkanRuntimeSnapshot}.h","Source/Backend/Vulkan/Private/{FVulkanInstance,FVulkanDevice,FVulkanSurface,FVulkanSwapchain,FVulkanQueue,FVulkanFence,FVulkanSemaphore}.cpp",Tests/VulkanBackendTests.cpp; Tests/VulkanNativeIntegrationTests.cpp,.github/workflows/ci.yml; Build/*/Tests/StonerTest,FeatureMapped,"Feature-level evidence seed for Vulkan instance, device, queue, sync, surface, and swapchain behavior."
009-FR-009,009,FR,FR-009,System MUST create synchronization objects that satisfy the existing RHI fence and semaphore lifecycle and status contracts.,specs/009-vulkan-device-swapchain/spec.md:147,"Source/Backend/Vulkan/Public/VulkanRHI/{FVulkanInstance,FVulkanDevice,FVulkanSurface,FVulkanSwapchain,FVulkanQueue,FVulkanFence,FVulkanSemaphore,FVulkanRuntimeSnapshot}.h","Source/Backend/Vulkan/Private/{FVulkanInstance,FVulkanDevice,FVulkanSurface,FVulkanSwapchain,FVulkanQueue,FVulkanFence,FVulkanSemaphore}.cpp",Tests/VulkanBackendTests.cpp; Tests/VulkanNativeIntegrationTests.cpp,.github/workflows/ci.yml; Build/*/Tests/StonerTest,FeatureMapped,"Feature-level evidence seed for Vulkan instance, device, queue, sync, surface, and swapchain behavior."
009-FR-010,009,FR,FR-010,"System MUST reject fence, semaphore, queue, and swapchain creation after device shutdown with invalid-state status.",specs/009-vulkan-device-swapchain/spec.md:148,"Source/Backend/Vulkan/Public/VulkanRHI/{FVulkanInstance,FVulkanDevice,FVulkanSurface,FVulkanSwapchain,FVulkanQueue,FVulkanFence,FVulkanSemaphore,FVulkanRuntimeSnapshot}.h","Source/Backend/Vulkan/Private/{FVulkanInstance,FVulkanDevice,FVulkanSurface,FVulkanSwapchain,FVulkanQueue,FVulkanFence,FVulkanSemaphore}.cpp",Tests/VulkanBackendTests.cpp; Tests/VulkanNativeIntegrationTests.cpp,.github/workflows/ci.yml; Build/*/Tests/StonerTest,FeatureMapped,"Feature-level evidence seed for Vulkan instance, device, queue, sync, surface, and swapchain behavior."
009-FR-011,009,FR,FR-011,System MUST allow creation of a presentation surface from the existing Core platform window wrapper when it contains a supported native window handle.,specs/009-vulkan-device-swapchain/spec.md:149,"Source/Backend/Vulkan/Public/VulkanRHI/{FVulkanInstance,FVulkanDevice,FVulkanSurface,FVulkanSwapchain,FVulkanQueue,FVulkanFence,FVulkanSemaphore,FVulkanRuntimeSnapshot}.h","Source/Backend/Vulkan/Private/{FVulkanInstance,FVulkanDevice,FVulkanSurface,FVulkanSwapchain,FVulkanQueue,FVulkanFence,FVulkanSemaphore}.cpp",Tests/VulkanBackendTests.cpp; Tests/VulkanNativeIntegrationTests.cpp,.github/workflows/ci.yml; Build/*/Tests/StonerTest,FeatureMapped,"Feature-level evidence seed for Vulkan instance, device, queue, sync, surface, and swapchain behavior."
009-FR-012,009,FR,FR-012,"System MUST reject missing, null, invalid, or unsupported Core platform window handles without creating a usable surface or swapchain.",specs/009-vulkan-device-swapchain/spec.md:150,"Source/Backend/Vulkan/Public/VulkanRHI/{FVulkanInstance,FVulkanDevice,FVulkanSurface,FVulkanSwapchain,FVulkanQueue,FVulkanFence,FVulkanSemaphore,FVulkanRuntimeSnapshot}.h","Source/Backend/Vulkan/Private/{FVulkanInstance,FVulkanDevice,FVulkanSurface,FVulkanSwapchain,FVulkanQueue,FVulkanFence,FVulkanSemaphore}.cpp",Tests/VulkanBackendTests.cpp; Tests/VulkanNativeIntegrationTests.cpp,.github/workflows/ci.yml; Build/*/Tests/StonerTest,FeatureMapped,"Feature-level evidence seed for Vulkan instance, device, queue, sync, surface, and swapchain behavior."
009-FR-013,009,FR,FR-013,"System MUST create a swapchain only when the selected device, surface, presentation mode, image count, and format are mutually compatible.",specs/009-vulkan-device-swapchain/spec.md:151,"Source/Backend/Vulkan/Public/VulkanRHI/{FVulkanInstance,FVulkanDevice,FVulkanSurface,FVulkanSwapchain,FVulkanQueue,FVulkanFence,FVulkanSemaphore,FVulkanRuntimeSnapshot}.h","Source/Backend/Vulkan/Private/{FVulkanInstance,FVulkanDevice,FVulkanSurface,FVulkanSwapchain,FVulkanQueue,FVulkanFence,FVulkanSemaphore}.cpp",Tests/VulkanBackendTests.cpp; Tests/VulkanNativeIntegrationTests.cpp,.github/workflows/ci.yml; Build/*/Tests/StonerTest,FeatureMapped,"Feature-level evidence seed for Vulkan instance, device, queue, sync, surface, and swapchain behavior."
009-FR-014,009,FR,FR-014,"System MUST expose swapchain frame count, current frame index, acquire-next-frame, and present behavior through the existing RHI swapchain contract.",specs/009-vulkan-device-swapchain/spec.md:152,"Source/Backend/Vulkan/Public/VulkanRHI/{FVulkanInstance,FVulkanDevice,FVulkanSurface,FVulkanSwapchain,FVulkanQueue,FVulkanFence,FVulkanSemaphore,FVulkanRuntimeSnapshot}.h","Source/Backend/Vulkan/Private/{FVulkanInstance,FVulkanDevice,FVulkanSurface,FVulkanSwapchain,FVulkanQueue,FVulkanFence,FVulkanSemaphore}.cpp",Tests/VulkanBackendTests.cpp; Tests/VulkanNativeIntegrationTests.cpp,.github/workflows/ci.yml; Build/*/Tests/StonerTest,FeatureMapped,"Feature-level evidence seed for Vulkan instance, device, queue, sync, surface, and swapchain behavior."
009-FR-015,009,FR,FR-015,"System MUST report resize-required, unavailable, invalid-state, timeout, or failed outcomes explicitly when frame acquisition or presentation cannot proceed normally.",specs/009-vulkan-device-swapchain/spec.md:153,"Source/Backend/Vulkan/Public/VulkanRHI/{FVulkanInstance,FVulkanDevice,FVulkanSurface,FVulkanSwapchain,FVulkanQueue,FVulkanFence,FVulkanSemaphore,FVulkanRuntimeSnapshot}.h","Source/Backend/Vulkan/Private/{FVulkanInstance,FVulkanDevice,FVulkanSurface,FVulkanSwapchain,FVulkanQueue,FVulkanFence,FVulkanSemaphore}.cpp",Tests/VulkanBackendTests.cpp; Tests/VulkanNativeIntegrationTests.cpp,.github/workflows/ci.yml; Build/*/Tests/StonerTest,FeatureMapped,"Feature-level evidence seed for Vulkan instance, device, queue, sync, surface, and swapchain behavior."
009-FR-016,009,FR,FR-016,System MUST support swapchain recreation after resize-required or unavailable presentation state once valid presentation inputs are restored.,specs/009-vulkan-device-swapchain/spec.md:154,"Source/Backend/Vulkan/Public/VulkanRHI/{FVulkanInstance,FVulkanDevice,FVulkanSurface,FVulkanSwapchain,FVulkanQueue,FVulkanFence,FVulkanSemaphore,FVulkanRuntimeSnapshot}.h","Source/Backend/Vulkan/Private/{FVulkanInstance,FVulkanDevice,FVulkanSurface,FVulkanSwapchain,FVulkanQueue,FVulkanFence,FVulkanSemaphore}.cpp",Tests/VulkanBackendTests.cpp; Tests/VulkanNativeIntegrationTests.cpp,.github/workflows/ci.yml; Build/*/Tests/StonerTest,FeatureMapped,"Feature-level evidence seed for Vulkan instance, device, queue, sync, surface, and swapchain behavior."
009-FR-017,009,FR,FR-017,"System MUST ensure backend device shutdown transitions owned queues, synchronization objects, and swapchains into states that cannot be used for new work.",specs/009-vulkan-device-swapchain/spec.md:155,"Source/Backend/Vulkan/Public/VulkanRHI/{FVulkanInstance,FVulkanDevice,FVulkanSurface,FVulkanSwapchain,FVulkanQueue,FVulkanFence,FVulkanSemaphore,FVulkanRuntimeSnapshot}.h","Source/Backend/Vulkan/Private/{FVulkanInstance,FVulkanDevice,FVulkanSurface,FVulkanSwapchain,FVulkanQueue,FVulkanFence,FVulkanSemaphore}.cpp",Tests/VulkanBackendTests.cpp; Tests/VulkanNativeIntegrationTests.cpp,.github/workflows/ci.yml; Build/*/Tests/StonerTest,FeatureMapped,"Feature-level evidence seed for Vulkan instance, device, queue, sync, surface, and swapchain behavior."
009-FR-018,009,FR,FR-018,System MUST preserve existing RHI core and RHI resource/pipeline contract test outcomes while adding backend device and swapchain validation.,specs/009-vulkan-device-swapchain/spec.md:156,"Source/Backend/Vulkan/Public/VulkanRHI/{FVulkanInstance,FVulkanDevice,FVulkanSurface,FVulkanSwapchain,FVulkanQueue,FVulkanFence,FVulkanSemaphore,FVulkanRuntimeSnapshot}.h","Source/Backend/Vulkan/Private/{FVulkanInstance,FVulkanDevice,FVulkanSurface,FVulkanSwapchain,FVulkanQueue,FVulkanFence,FVulkanSemaphore}.cpp",Tests/VulkanBackendTests.cpp; Tests/VulkanNativeIntegrationTests.cpp,.github/workflows/ci.yml; Build/*/Tests/StonerTest,FeatureMapped,"Feature-level evidence seed for Vulkan instance, device, queue, sync, surface, and swapchain behavior."
009-FR-019,009,FR,FR-019,"System MUST provide deterministic test coverage for success paths and negative paths for backend initialization, adapter selection, queue creation, synchronization creation, swapchain creation, frame acquire/present, resize recovery, and shutdown.",specs/009-vulkan-device-swapchain/spec.md:157,"Source/Backend/Vulkan/Public/VulkanRHI/{FVulkanInstance,FVulkanDevice,FVulkanSurface,FVulkanSwapchain,FVulkanQueue,FVulkanFence,FVulkanSemaphore,FVulkanRuntimeSnapshot}.h","Source/Backend/Vulkan/Private/{FVulkanInstance,FVulkanDevice,FVulkanSurface,FVulkanSwapchain,FVulkanQueue,FVulkanFence,FVulkanSemaphore}.cpp",Tests/VulkanBackendTests.cpp; Tests/VulkanNativeIntegrationTests.cpp,.github/workflows/ci.yml; Build/*/Tests/StonerTest,FeatureMapped,"Feature-level evidence seed for Vulkan instance, device, queue, sync, surface, and swapchain behavior."
009-FR-020,009,FR,FR-020,"System MUST keep buffer creation, texture creation, shader module creation, descriptor sets, pipeline creation, command buffer recording, and resource upload scheduling outside this feature's delivered scope.",specs/009-vulkan-device-swapchain/spec.md:158,"Source/Backend/Vulkan/Public/VulkanRHI/{FVulkanInstance,FVulkanDevice,FVulkanSurface,FVulkanSwapchain,FVulkanQueue,FVulkanFence,FVulkanSemaphore,FVulkanRuntimeSnapshot}.h","Source/Backend/Vulkan/Private/{FVulkanInstance,FVulkanDevice,FVulkanSurface,FVulkanSwapchain,FVulkanQueue,FVulkanFence,FVulkanSemaphore}.cpp",Tests/VulkanBackendTests.cpp; Tests/VulkanNativeIntegrationTests.cpp,.github/workflows/ci.yml; Build/*/Tests/StonerTest,FeatureMapped,"Feature-level evidence seed for Vulkan instance, device, queue, sync, surface, and swapchain behavior."
009-FR-021,009,FR,FR-021,"System MUST treat headless backend device initialization as mandatory for the feature MVP, while swapchain and presentation validation are mandatory only in test environments that provide a valid Core platform window wrapper.",specs/009-vulkan-device-swapchain/spec.md:159,"Source/Backend/Vulkan/Public/VulkanRHI/{FVulkanInstance,FVulkanDevice,FVulkanSurface,FVulkanSwapchain,FVulkanQueue,FVulkanFence,FVulkanSemaphore,FVulkanRuntimeSnapshot}.h","Source/Backend/Vulkan/Private/{FVulkanInstance,FVulkanDevice,FVulkanSurface,FVulkanSwapchain,FVulkanQueue,FVulkanFence,FVulkanSemaphore}.cpp",Tests/VulkanBackendTests.cpp; Tests/VulkanNativeIntegrationTests.cpp,.github/workflows/ci.yml; Build/*/Tests/StonerTest,FeatureMapped,"Feature-level evidence seed for Vulkan instance, device, queue, sync, surface, and swapchain behavior."
009-SC-001,009,SC,SC-001,"In a supported development environment, a developer can initialize the Vulkan backend without a presentation surface, create an active device, query capabilities, and shut it down in under 30 seconds using the project verification flow.",specs/009-vulkan-device-swapchain/spec.md:178,"Source/Backend/Vulkan/Public/VulkanRHI/{FVulkanInstance,FVulkanDevice,FVulkanSurface,FVulkanSwapchain,FVulkanQueue,FVulkanFence,FVulkanSemaphore,FVulkanRuntimeSnapshot}.h","Source/Backend/Vulkan/Private/{FVulkanInstance,FVulkanDevice,FVulkanSurface,FVulkanSwapchain,FVulkanQueue,FVulkanFence,FVulkanSemaphore}.cpp",Tests/VulkanBackendTests.cpp; Tests/VulkanNativeIntegrationTests.cpp,.github/workflows/ci.yml; Build/*/Tests/StonerTest,FeatureMapped,"Feature-level evidence seed for Vulkan instance, device, queue, sync, surface, and swapchain behavior."
009-SC-002,009,SC,SC-002,"In unsupported environments, backend initialization reports an explicit unsupported or failed result in under 10 seconds without crashing or leaving a usable partial device.",specs/009-vulkan-device-swapchain/spec.md:179,"Source/Backend/Vulkan/Public/VulkanRHI/{FVulkanInstance,FVulkanDevice,FVulkanSurface,FVulkanSwapchain,FVulkanQueue,FVulkanFence,FVulkanSemaphore,FVulkanRuntimeSnapshot}.h","Source/Backend/Vulkan/Private/{FVulkanInstance,FVulkanDevice,FVulkanSurface,FVulkanSwapchain,FVulkanQueue,FVulkanFence,FVulkanSemaphore}.cpp",Tests/VulkanBackendTests.cpp; Tests/VulkanNativeIntegrationTests.cpp,.github/workflows/ci.yml; Build/*/Tests/StonerTest,FeatureMapped,"Feature-level evidence seed for Vulkan instance, device, queue, sync, surface, and swapchain behavior."
009-SC-002a,009,SC,SC-002a,"In debug/development environments without validation-layer support, backend initialization can still succeed and reports validation unavailability as a diagnostic outcome.",specs/009-vulkan-device-swapchain/spec.md:180,"Source/Backend/Vulkan/Public/VulkanRHI/{FVulkanInstance,FVulkanDevice,FVulkanSurface,FVulkanSwapchain,FVulkanQueue,FVulkanFence,FVulkanSemaphore,FVulkanRuntimeSnapshot}.h","Source/Backend/Vulkan/Private/{FVulkanInstance,FVulkanDevice,FVulkanSurface,FVulkanSwapchain,FVulkanQueue,FVulkanFence,FVulkanSemaphore}.cpp",Tests/VulkanBackendTests.cpp; Tests/VulkanNativeIntegrationTests.cpp,.github/workflows/ci.yml; Build/*/Tests/StonerTest,FeatureMapped,"Feature-level evidence seed for Vulkan instance, device, queue, sync, surface, and swapchain behavior."
009-SC-003,009,SC,SC-003,"Backend validation covers at least one success path and one negative path each for initialization, deterministic adapter selection, required capability rejection, queue creation, synchronization creation, swapchain creation, acquire/present behavior, resize or unavailable presentation, and shutdown.",specs/009-vulkan-device-swapchain/spec.md:181,"Source/Backend/Vulkan/Public/VulkanRHI/{FVulkanInstance,FVulkanDevice,FVulkanSurface,FVulkanSwapchain,FVulkanQueue,FVulkanFence,FVulkanSemaphore,FVulkanRuntimeSnapshot}.h","Source/Backend/Vulkan/Private/{FVulkanInstance,FVulkanDevice,FVulkanSurface,FVulkanSwapchain,FVulkanQueue,FVulkanFence,FVulkanSemaphore}.cpp",Tests/VulkanBackendTests.cpp; Tests/VulkanNativeIntegrationTests.cpp,.github/workflows/ci.yml; Build/*/Tests/StonerTest,FeatureMapped,"Feature-level evidence seed for Vulkan instance, device, queue, sync, surface, and swapchain behavior."
009-SC-004,009,SC,SC-004,"Existing Core, RHI core, and RHI resource/pipeline tests continue to pass after the Vulkan backend device and swapchain feature is added.",specs/009-vulkan-device-swapchain/spec.md:182,"Source/Backend/Vulkan/Public/VulkanRHI/{FVulkanInstance,FVulkanDevice,FVulkanSurface,FVulkanSwapchain,FVulkanQueue,FVulkanFence,FVulkanSemaphore,FVulkanRuntimeSnapshot}.h","Source/Backend/Vulkan/Private/{FVulkanInstance,FVulkanDevice,FVulkanSurface,FVulkanSwapchain,FVulkanQueue,FVulkanFence,FVulkanSemaphore}.cpp",Tests/VulkanBackendTests.cpp; Tests/VulkanNativeIntegrationTests.cpp,.github/workflows/ci.yml; Build/*/Tests/StonerTest,FeatureMapped,"Feature-level evidence seed for Vulkan instance, device, queue, sync, surface, and swapchain behavior."
009-SC-005,009,SC,SC-005,"A supported presentation environment with a valid Core platform window wrapper can create a swapchain, acquire a frame, present that frame, and recreate the swapchain after a resize-required condition with zero process crashes.",specs/009-vulkan-device-swapchain/spec.md:183,"Source/Backend/Vulkan/Public/VulkanRHI/{FVulkanInstance,FVulkanDevice,FVulkanSurface,FVulkanSwapchain,FVulkanQueue,FVulkanFence,FVulkanSemaphore,FVulkanRuntimeSnapshot}.h","Source/Backend/Vulkan/Private/{FVulkanInstance,FVulkanDevice,FVulkanSurface,FVulkanSwapchain,FVulkanQueue,FVulkanFence,FVulkanSemaphore}.cpp",Tests/VulkanBackendTests.cpp; Tests/VulkanNativeIntegrationTests.cpp,.github/workflows/ci.yml; Build/*/Tests/StonerTest,FeatureMapped,"Feature-level evidence seed for Vulkan instance, device, queue, sync, surface, and swapchain behavior."
009-SC-006,009,SC,SC-006,"Renderer-facing code can interact with backend device, queues, synchronization objects, and swapchain through RHI contracts without depending on backend-specific object details.",specs/009-vulkan-device-swapchain/spec.md:184,"Source/Backend/Vulkan/Public/VulkanRHI/{FVulkanInstance,FVulkanDevice,FVulkanSurface,FVulkanSwapchain,FVulkanQueue,FVulkanFence,FVulkanSemaphore,FVulkanRuntimeSnapshot}.h","Source/Backend/Vulkan/Private/{FVulkanInstance,FVulkanDevice,FVulkanSurface,FVulkanSwapchain,FVulkanQueue,FVulkanFence,FVulkanSemaphore}.cpp",Tests/VulkanBackendTests.cpp; Tests/VulkanNativeIntegrationTests.cpp,.github/workflows/ci.yml; Build/*/Tests/StonerTest,FeatureMapped,"Feature-level evidence seed for Vulkan instance, device, queue, sync, surface, and swapchain behavior."
010-FR-001,010,FR,FR-001,"System MUST allow creation of backend-backed buffers through the existing resource creation contract when the backend device is active and the requested description is valid and supported, using the real resource path when runtime support is available and a deterministic fallback allocation path with diagnostics when it is unavailable.",specs/010-vulkan-resource-management/spec.md:127,"Source/Backend/Vulkan/Public/VulkanRHI/{FVulkanBuffer,FVulkanTexture,FVulkanSampler,FVulkanDescriptorPool,FVulkanDescriptorSet,FVulkanMemoryAllocator,FVulkanResourceAllocation,FVulkanUploadStaging}.h","Source/Backend/Vulkan/Private/FVulkan{Buffer,Texture,Sampler,DescriptorPool,DescriptorSet,MemoryAllocator,ResourceAllocation,UploadStaging}.cpp",Tests/VulkanBackendTests.cpp,.github/workflows/ci.yml; Build/*/Tests/StonerTest,FeatureMapped,"Feature-level evidence seed for Vulkan resources, descriptors, uploads, allocation, and lifecycle invalidation."
010-FR-002,010,FR,FR-002,System MUST reject invalid or unsupported buffer descriptions with explicit results and without returning usable partial buffer objects.,specs/010-vulkan-resource-management/spec.md:128,"Source/Backend/Vulkan/Public/VulkanRHI/{FVulkanBuffer,FVulkanTexture,FVulkanSampler,FVulkanDescriptorPool,FVulkanDescriptorSet,FVulkanMemoryAllocator,FVulkanResourceAllocation,FVulkanUploadStaging}.h","Source/Backend/Vulkan/Private/FVulkan{Buffer,Texture,Sampler,DescriptorPool,DescriptorSet,MemoryAllocator,ResourceAllocation,UploadStaging}.cpp",Tests/VulkanBackendTests.cpp,.github/workflows/ci.yml; Build/*/Tests/StonerTest,FeatureMapped,"Feature-level evidence seed for Vulkan resources, descriptors, uploads, allocation, and lifecycle invalidation."
010-FR-003,010,FR,FR-003,"System MUST allow creation of backend-backed textures through the existing resource creation contract when the backend device is active and the requested description is valid and supported, using the real resource path when runtime support is available and a deterministic fallback allocation path with diagnostics when it is unavailable.",specs/010-vulkan-resource-management/spec.md:129,"Source/Backend/Vulkan/Public/VulkanRHI/{FVulkanBuffer,FVulkanTexture,FVulkanSampler,FVulkanDescriptorPool,FVulkanDescriptorSet,FVulkanMemoryAllocator,FVulkanResourceAllocation,FVulkanUploadStaging}.h","Source/Backend/Vulkan/Private/FVulkan{Buffer,Texture,Sampler,DescriptorPool,DescriptorSet,MemoryAllocator,ResourceAllocation,UploadStaging}.cpp",Tests/VulkanBackendTests.cpp,.github/workflows/ci.yml; Build/*/Tests/StonerTest,FeatureMapped,"Feature-level evidence seed for Vulkan resources, descriptors, uploads, allocation, and lifecycle invalidation."
010-FR-004,010,FR,FR-004,System MUST reject invalid or unsupported texture descriptions with explicit results and without returning usable partial texture objects.,specs/010-vulkan-resource-management/spec.md:130,"Source/Backend/Vulkan/Public/VulkanRHI/{FVulkanBuffer,FVulkanTexture,FVulkanSampler,FVulkanDescriptorPool,FVulkanDescriptorSet,FVulkanMemoryAllocator,FVulkanResourceAllocation,FVulkanUploadStaging}.h","Source/Backend/Vulkan/Private/FVulkan{Buffer,Texture,Sampler,DescriptorPool,DescriptorSet,MemoryAllocator,ResourceAllocation,UploadStaging}.cpp",Tests/VulkanBackendTests.cpp,.github/workflows/ci.yml; Build/*/Tests/StonerTest,FeatureMapped,"Feature-level evidence seed for Vulkan resources, descriptors, uploads, allocation, and lifecycle invalidation."
010-FR-005,010,FR,FR-005,System MUST allow creation of backend-backed samplers for supported sampler descriptions and reject unsupported sampler mode combinations explicitly.,specs/010-vulkan-resource-management/spec.md:131,"Source/Backend/Vulkan/Public/VulkanRHI/{FVulkanBuffer,FVulkanTexture,FVulkanSampler,FVulkanDescriptorPool,FVulkanDescriptorSet,FVulkanMemoryAllocator,FVulkanResourceAllocation,FVulkanUploadStaging}.h","Source/Backend/Vulkan/Private/FVulkan{Buffer,Texture,Sampler,DescriptorPool,DescriptorSet,MemoryAllocator,ResourceAllocation,UploadStaging}.cpp",Tests/VulkanBackendTests.cpp,.github/workflows/ci.yml; Build/*/Tests/StonerTest,FeatureMapped,"Feature-level evidence seed for Vulkan resources, descriptors, uploads, allocation, and lifecycle invalidation."
010-FR-006,010,FR,FR-006,"System MUST expose resource lifecycle state consistently for buffers, textures, samplers, descriptor sets, and upload records.",specs/010-vulkan-resource-management/spec.md:132,"Source/Backend/Vulkan/Public/VulkanRHI/{FVulkanBuffer,FVulkanTexture,FVulkanSampler,FVulkanDescriptorPool,FVulkanDescriptorSet,FVulkanMemoryAllocator,FVulkanResourceAllocation,FVulkanUploadStaging}.h","Source/Backend/Vulkan/Private/FVulkan{Buffer,Texture,Sampler,DescriptorPool,DescriptorSet,MemoryAllocator,ResourceAllocation,UploadStaging}.cpp",Tests/VulkanBackendTests.cpp,.github/workflows/ci.yml; Build/*/Tests/StonerTest,FeatureMapped,"Feature-level evidence seed for Vulkan resources, descriptors, uploads, allocation, and lifecycle invalidation."
010-FR-007,010,FR,FR-007,System MUST track backend allocation ownership for buffers and textures so that successful resources can be released or invalidated deterministically.,specs/010-vulkan-resource-management/spec.md:133,"Source/Backend/Vulkan/Public/VulkanRHI/{FVulkanBuffer,FVulkanTexture,FVulkanSampler,FVulkanDescriptorPool,FVulkanDescriptorSet,FVulkanMemoryAllocator,FVulkanResourceAllocation,FVulkanUploadStaging}.h","Source/Backend/Vulkan/Private/FVulkan{Buffer,Texture,Sampler,DescriptorPool,DescriptorSet,MemoryAllocator,ResourceAllocation,UploadStaging}.cpp",Tests/VulkanBackendTests.cpp,.github/workflows/ci.yml; Build/*/Tests/StonerTest,FeatureMapped,"Feature-level evidence seed for Vulkan resources, descriptors, uploads, allocation, and lifecycle invalidation."
010-FR-008,010,FR,FR-008,"System MUST report allocation failure, memory budget exhaustion, unsupported memory requirements, or partial creation failure without leaving usable partial resources.",specs/010-vulkan-resource-management/spec.md:134,"Source/Backend/Vulkan/Public/VulkanRHI/{FVulkanBuffer,FVulkanTexture,FVulkanSampler,FVulkanDescriptorPool,FVulkanDescriptorSet,FVulkanMemoryAllocator,FVulkanResourceAllocation,FVulkanUploadStaging}.h","Source/Backend/Vulkan/Private/FVulkan{Buffer,Texture,Sampler,DescriptorPool,DescriptorSet,MemoryAllocator,ResourceAllocation,UploadStaging}.cpp",Tests/VulkanBackendTests.cpp,.github/workflows/ci.yml; Build/*/Tests/StonerTest,FeatureMapped,"Feature-level evidence seed for Vulkan resources, descriptors, uploads, allocation, and lifecycle invalidation."
010-FR-008a,010,FR,FR-008a,System MUST allow validation to configure resource budget or allocation-count limits so allocation failure and cleanup behavior can be tested deterministically.,specs/010-vulkan-resource-management/spec.md:135,"Source/Backend/Vulkan/Public/VulkanRHI/{FVulkanBuffer,FVulkanTexture,FVulkanSampler,FVulkanDescriptorPool,FVulkanDescriptorSet,FVulkanMemoryAllocator,FVulkanResourceAllocation,FVulkanUploadStaging}.h","Source/Backend/Vulkan/Private/FVulkan{Buffer,Texture,Sampler,DescriptorPool,DescriptorSet,MemoryAllocator,ResourceAllocation,UploadStaging}.cpp",Tests/VulkanBackendTests.cpp,.github/workflows/ci.yml; Build/*/Tests/StonerTest,FeatureMapped,"Feature-level evidence seed for Vulkan resources, descriptors, uploads, allocation, and lifecycle invalidation."
010-FR-009,010,FR,FR-009,System MUST invalidate or release all owned resource allocations when the backend device shuts down.,specs/010-vulkan-resource-management/spec.md:136,"Source/Backend/Vulkan/Public/VulkanRHI/{FVulkanBuffer,FVulkanTexture,FVulkanSampler,FVulkanDescriptorPool,FVulkanDescriptorSet,FVulkanMemoryAllocator,FVulkanResourceAllocation,FVulkanUploadStaging}.h","Source/Backend/Vulkan/Private/FVulkan{Buffer,Texture,Sampler,DescriptorPool,DescriptorSet,MemoryAllocator,ResourceAllocation,UploadStaging}.cpp",Tests/VulkanBackendTests.cpp,.github/workflows/ci.yml; Build/*/Tests/StonerTest,FeatureMapped,"Feature-level evidence seed for Vulkan resources, descriptors, uploads, allocation, and lifecycle invalidation."
010-FR-010,010,FR,FR-010,"System MUST reject buffer, texture, sampler, descriptor, and upload requests after backend device shutdown with invalid-state status.",specs/010-vulkan-resource-management/spec.md:137,"Source/Backend/Vulkan/Public/VulkanRHI/{FVulkanBuffer,FVulkanTexture,FVulkanSampler,FVulkanDescriptorPool,FVulkanDescriptorSet,FVulkanMemoryAllocator,FVulkanResourceAllocation,FVulkanUploadStaging}.h","Source/Backend/Vulkan/Private/FVulkan{Buffer,Texture,Sampler,DescriptorPool,DescriptorSet,MemoryAllocator,ResourceAllocation,UploadStaging}.cpp",Tests/VulkanBackendTests.cpp,.github/workflows/ci.yml; Build/*/Tests/StonerTest,FeatureMapped,"Feature-level evidence seed for Vulkan resources, descriptors, uploads, allocation, and lifecycle invalidation."
010-FR-011,010,FR,FR-011,System MUST allocate descriptor sets only for declared descriptor layouts and set indices from descriptor pools with configurable fixed capacity.,specs/010-vulkan-resource-management/spec.md:138,"Source/Backend/Vulkan/Public/VulkanRHI/{FVulkanBuffer,FVulkanTexture,FVulkanSampler,FVulkanDescriptorPool,FVulkanDescriptorSet,FVulkanMemoryAllocator,FVulkanResourceAllocation,FVulkanUploadStaging}.h","Source/Backend/Vulkan/Private/FVulkan{Buffer,Texture,Sampler,DescriptorPool,DescriptorSet,MemoryAllocator,ResourceAllocation,UploadStaging}.cpp",Tests/VulkanBackendTests.cpp,.github/workflows/ci.yml; Build/*/Tests/StonerTest,FeatureMapped,"Feature-level evidence seed for Vulkan resources, descriptors, uploads, allocation, and lifecycle invalidation."
010-FR-011a,010,FR,FR-011a,"System MUST reject descriptor set allocation with an explicit failure when descriptor pool capacity is exhausted, without invalidating existing descriptor sets.",specs/010-vulkan-resource-management/spec.md:139,"Source/Backend/Vulkan/Public/VulkanRHI/{FVulkanBuffer,FVulkanTexture,FVulkanSampler,FVulkanDescriptorPool,FVulkanDescriptorSet,FVulkanMemoryAllocator,FVulkanResourceAllocation,FVulkanUploadStaging}.h","Source/Backend/Vulkan/Private/FVulkan{Buffer,Texture,Sampler,DescriptorPool,DescriptorSet,MemoryAllocator,ResourceAllocation,UploadStaging}.cpp",Tests/VulkanBackendTests.cpp,.github/workflows/ci.yml; Build/*/Tests/StonerTest,FeatureMapped,"Feature-level evidence seed for Vulkan resources, descriptors, uploads, allocation, and lifecycle invalidation."
010-FR-012,010,FR,FR-012,"System MUST support descriptor updates for buffers, textures, samplers, and combined texture-sampler resources according to the existing descriptor contract.",specs/010-vulkan-resource-management/spec.md:140,"Source/Backend/Vulkan/Public/VulkanRHI/{FVulkanBuffer,FVulkanTexture,FVulkanSampler,FVulkanDescriptorPool,FVulkanDescriptorSet,FVulkanMemoryAllocator,FVulkanResourceAllocation,FVulkanUploadStaging}.h","Source/Backend/Vulkan/Private/FVulkan{Buffer,Texture,Sampler,DescriptorPool,DescriptorSet,MemoryAllocator,ResourceAllocation,UploadStaging}.cpp",Tests/VulkanBackendTests.cpp,.github/workflows/ci.yml; Build/*/Tests/StonerTest,FeatureMapped,"Feature-level evidence seed for Vulkan resources, descriptors, uploads, allocation, and lifecycle invalidation."
010-FR-013,010,FR,FR-013,"System MUST reject descriptor updates when the binding does not exist, the descriptor type is incompatible, the array index is invalid, the resource is missing, or the resource lifecycle is no longer valid.",specs/010-vulkan-resource-management/spec.md:141,"Source/Backend/Vulkan/Public/VulkanRHI/{FVulkanBuffer,FVulkanTexture,FVulkanSampler,FVulkanDescriptorPool,FVulkanDescriptorSet,FVulkanMemoryAllocator,FVulkanResourceAllocation,FVulkanUploadStaging}.h","Source/Backend/Vulkan/Private/FVulkan{Buffer,Texture,Sampler,DescriptorPool,DescriptorSet,MemoryAllocator,ResourceAllocation,UploadStaging}.cpp",Tests/VulkanBackendTests.cpp,.github/workflows/ci.yml; Build/*/Tests/StonerTest,FeatureMapped,"Feature-level evidence seed for Vulkan resources, descriptors, uploads, allocation, and lifecycle invalidation."
010-FR-014,010,FR,FR-014,"System MUST preserve existing bound resource information so tests and future renderer code can query descriptor update outcomes deterministically, including retained binding records whose referenced resources have become invalidated.",specs/010-vulkan-resource-management/spec.md:142,"Source/Backend/Vulkan/Public/VulkanRHI/{FVulkanBuffer,FVulkanTexture,FVulkanSampler,FVulkanDescriptorPool,FVulkanDescriptorSet,FVulkanMemoryAllocator,FVulkanResourceAllocation,FVulkanUploadStaging}.h","Source/Backend/Vulkan/Private/FVulkan{Buffer,Texture,Sampler,DescriptorPool,DescriptorSet,MemoryAllocator,ResourceAllocation,UploadStaging}.cpp",Tests/VulkanBackendTests.cpp,.github/workflows/ci.yml; Build/*/Tests/StonerTest,FeatureMapped,"Feature-level evidence seed for Vulkan resources, descriptors, uploads, allocation, and lifecycle invalidation."
010-FR-015,010,FR,FR-015,System MUST allow validated buffer upload requests to record CPU-visible staging data and destination byte ranges for future command execution without claiming the upload has already executed.,specs/010-vulkan-resource-management/spec.md:143,"Source/Backend/Vulkan/Public/VulkanRHI/{FVulkanBuffer,FVulkanTexture,FVulkanSampler,FVulkanDescriptorPool,FVulkanDescriptorSet,FVulkanMemoryAllocator,FVulkanResourceAllocation,FVulkanUploadStaging}.h","Source/Backend/Vulkan/Private/FVulkan{Buffer,Texture,Sampler,DescriptorPool,DescriptorSet,MemoryAllocator,ResourceAllocation,UploadStaging}.cpp",Tests/VulkanBackendTests.cpp,.github/workflows/ci.yml; Build/*/Tests/StonerTest,FeatureMapped,"Feature-level evidence seed for Vulkan resources, descriptors, uploads, allocation, and lifecycle invalidation."
010-FR-016,010,FR,FR-016,System MUST allow validated texture upload requests to record CPU-visible staging data and destination regions for future command execution without claiming the upload has already executed.,specs/010-vulkan-resource-management/spec.md:144,"Source/Backend/Vulkan/Public/VulkanRHI/{FVulkanBuffer,FVulkanTexture,FVulkanSampler,FVulkanDescriptorPool,FVulkanDescriptorSet,FVulkanMemoryAllocator,FVulkanResourceAllocation,FVulkanUploadStaging}.h","Source/Backend/Vulkan/Private/FVulkan{Buffer,Texture,Sampler,DescriptorPool,DescriptorSet,MemoryAllocator,ResourceAllocation,UploadStaging}.cpp",Tests/VulkanBackendTests.cpp,.github/workflows/ci.yml; Build/*/Tests/StonerTest,FeatureMapped,"Feature-level evidence seed for Vulkan resources, descriptors, uploads, allocation, and lifecycle invalidation."
010-FR-017,010,FR,FR-017,"System MUST reject upload requests with missing source data, out-of-bounds ranges, incompatible texture regions, invalidated destinations, or unsupported transfer paths.",specs/010-vulkan-resource-management/spec.md:145,"Source/Backend/Vulkan/Public/VulkanRHI/{FVulkanBuffer,FVulkanTexture,FVulkanSampler,FVulkanDescriptorPool,FVulkanDescriptorSet,FVulkanMemoryAllocator,FVulkanResourceAllocation,FVulkanUploadStaging}.h","Source/Backend/Vulkan/Private/FVulkan{Buffer,Texture,Sampler,DescriptorPool,DescriptorSet,MemoryAllocator,ResourceAllocation,UploadStaging}.cpp",Tests/VulkanBackendTests.cpp,.github/workflows/ci.yml; Build/*/Tests/StonerTest,FeatureMapped,"Feature-level evidence seed for Vulkan resources, descriptors, uploads, allocation, and lifecycle invalidation."
010-FR-018,010,FR,FR-018,"System MUST preserve existing Core, RHI core, RHI resource/pipeline, and Vulkan device/swapchain test outcomes while adding backend resource validation.",specs/010-vulkan-resource-management/spec.md:146,"Source/Backend/Vulkan/Public/VulkanRHI/{FVulkanBuffer,FVulkanTexture,FVulkanSampler,FVulkanDescriptorPool,FVulkanDescriptorSet,FVulkanMemoryAllocator,FVulkanResourceAllocation,FVulkanUploadStaging}.h","Source/Backend/Vulkan/Private/FVulkan{Buffer,Texture,Sampler,DescriptorPool,DescriptorSet,MemoryAllocator,ResourceAllocation,UploadStaging}.cpp",Tests/VulkanBackendTests.cpp,.github/workflows/ci.yml; Build/*/Tests/StonerTest,FeatureMapped,"Feature-level evidence seed for Vulkan resources, descriptors, uploads, allocation, and lifecycle invalidation."
010-FR-019,010,FR,FR-019,"System MUST provide deterministic test coverage for success paths and negative paths for resource creation, real-runtime or fallback allocation diagnostics, allocation failure, sampler creation, descriptor allocation, descriptor update, upload staging, lifecycle invalidation, and shutdown.",specs/010-vulkan-resource-management/spec.md:147,"Source/Backend/Vulkan/Public/VulkanRHI/{FVulkanBuffer,FVulkanTexture,FVulkanSampler,FVulkanDescriptorPool,FVulkanDescriptorSet,FVulkanMemoryAllocator,FVulkanResourceAllocation,FVulkanUploadStaging}.h","Source/Backend/Vulkan/Private/FVulkan{Buffer,Texture,Sampler,DescriptorPool,DescriptorSet,MemoryAllocator,ResourceAllocation,UploadStaging}.cpp",Tests/VulkanBackendTests.cpp,.github/workflows/ci.yml; Build/*/Tests/StonerTest,FeatureMapped,"Feature-level evidence seed for Vulkan resources, descriptors, uploads, allocation, and lifecycle invalidation."
010-FR-020,010,FR,FR-020,"System MUST keep command recording, queue execution of uploads, shader compilation, pipeline creation, and render graph scheduling outside this feature's delivered scope.",specs/010-vulkan-resource-management/spec.md:148,"Source/Backend/Vulkan/Public/VulkanRHI/{FVulkanBuffer,FVulkanTexture,FVulkanSampler,FVulkanDescriptorPool,FVulkanDescriptorSet,FVulkanMemoryAllocator,FVulkanResourceAllocation,FVulkanUploadStaging}.h","Source/Backend/Vulkan/Private/FVulkan{Buffer,Texture,Sampler,DescriptorPool,DescriptorSet,MemoryAllocator,ResourceAllocation,UploadStaging}.cpp",Tests/VulkanBackendTests.cpp,.github/workflows/ci.yml; Build/*/Tests/StonerTest,FeatureMapped,"Feature-level evidence seed for Vulkan resources, descriptors, uploads, allocation, and lifecycle invalidation."
010-SC-001,010,SC,SC-001,"In a supported development environment, a developer can create at least one valid buffer, texture, and sampler from an active backend device and query their descriptions, lifecycle states, and real-or-fallback allocation diagnostics in under 30 seconds using the project verification flow.",specs/010-vulkan-resource-management/spec.md:167,"Source/Backend/Vulkan/Public/VulkanRHI/{FVulkanBuffer,FVulkanTexture,FVulkanSampler,FVulkanDescriptorPool,FVulkanDescriptorSet,FVulkanMemoryAllocator,FVulkanResourceAllocation,FVulkanUploadStaging}.h","Source/Backend/Vulkan/Private/FVulkan{Buffer,Texture,Sampler,DescriptorPool,DescriptorSet,MemoryAllocator,ResourceAllocation,UploadStaging}.cpp",Tests/VulkanBackendTests.cpp,.github/workflows/ci.yml; Build/*/Tests/StonerTest,FeatureMapped,"Feature-level evidence seed for Vulkan resources, descriptors, uploads, allocation, and lifecycle invalidation."
010-SC-002,010,SC,SC-002,"Invalid or unsupported buffer, texture, and sampler descriptions are rejected with explicit results in 100% of covered negative cases without crashes or usable partial objects.",specs/010-vulkan-resource-management/spec.md:168,"Source/Backend/Vulkan/Public/VulkanRHI/{FVulkanBuffer,FVulkanTexture,FVulkanSampler,FVulkanDescriptorPool,FVulkanDescriptorSet,FVulkanMemoryAllocator,FVulkanResourceAllocation,FVulkanUploadStaging}.h","Source/Backend/Vulkan/Private/FVulkan{Buffer,Texture,Sampler,DescriptorPool,DescriptorSet,MemoryAllocator,ResourceAllocation,UploadStaging}.cpp",Tests/VulkanBackendTests.cpp,.github/workflows/ci.yml; Build/*/Tests/StonerTest,FeatureMapped,"Feature-level evidence seed for Vulkan resources, descriptors, uploads, allocation, and lifecycle invalidation."
010-SC-003,010,SC,SC-003,Resource allocation failure triggered by configured budget or allocation-count limits and device shutdown paths leave zero usable stale resources in the covered lifecycle tests.,specs/010-vulkan-resource-management/spec.md:169,"Source/Backend/Vulkan/Public/VulkanRHI/{FVulkanBuffer,FVulkanTexture,FVulkanSampler,FVulkanDescriptorPool,FVulkanDescriptorSet,FVulkanMemoryAllocator,FVulkanResourceAllocation,FVulkanUploadStaging}.h","Source/Backend/Vulkan/Private/FVulkan{Buffer,Texture,Sampler,DescriptorPool,DescriptorSet,MemoryAllocator,ResourceAllocation,UploadStaging}.cpp",Tests/VulkanBackendTests.cpp,.github/workflows/ci.yml; Build/*/Tests/StonerTest,FeatureMapped,"Feature-level evidence seed for Vulkan resources, descriptors, uploads, allocation, and lifecycle invalidation."
010-SC-004,010,SC,SC-004,"Descriptor validation covers at least one success path and one negative path each for buffer, texture, sampler, combined texture-sampler, missing binding, wrong type, invalid array index, descriptor pool exhaustion, invalidated resource updates, and queries of retained bindings whose resources later become invalidated.",specs/010-vulkan-resource-management/spec.md:170,"Source/Backend/Vulkan/Public/VulkanRHI/{FVulkanBuffer,FVulkanTexture,FVulkanSampler,FVulkanDescriptorPool,FVulkanDescriptorSet,FVulkanMemoryAllocator,FVulkanResourceAllocation,FVulkanUploadStaging}.h","Source/Backend/Vulkan/Private/FVulkan{Buffer,Texture,Sampler,DescriptorPool,DescriptorSet,MemoryAllocator,ResourceAllocation,UploadStaging}.cpp",Tests/VulkanBackendTests.cpp,.github/workflows/ci.yml; Build/*/Tests/StonerTest,FeatureMapped,"Feature-level evidence seed for Vulkan resources, descriptors, uploads, allocation, and lifecycle invalidation."
010-SC-005,010,SC,SC-005,"Upload staging validation covers at least one success path and one negative path each for buffer uploads and texture uploads, including preservation of CPU-visible staging data and destination ranges, without requiring command recording or queue execution.",specs/010-vulkan-resource-management/spec.md:171,"Source/Backend/Vulkan/Public/VulkanRHI/{FVulkanBuffer,FVulkanTexture,FVulkanSampler,FVulkanDescriptorPool,FVulkanDescriptorSet,FVulkanMemoryAllocator,FVulkanResourceAllocation,FVulkanUploadStaging}.h","Source/Backend/Vulkan/Private/FVulkan{Buffer,Texture,Sampler,DescriptorPool,DescriptorSet,MemoryAllocator,ResourceAllocation,UploadStaging}.cpp",Tests/VulkanBackendTests.cpp,.github/workflows/ci.yml; Build/*/Tests/StonerTest,FeatureMapped,"Feature-level evidence seed for Vulkan resources, descriptors, uploads, allocation, and lifecycle invalidation."
010-SC-006,010,SC,SC-006,"Existing Core, RHI core, RHI resource/pipeline, and Vulkan device/swapchain tests continue to pass after backend resource management is added.",specs/010-vulkan-resource-management/spec.md:172,"Source/Backend/Vulkan/Public/VulkanRHI/{FVulkanBuffer,FVulkanTexture,FVulkanSampler,FVulkanDescriptorPool,FVulkanDescriptorSet,FVulkanMemoryAllocator,FVulkanResourceAllocation,FVulkanUploadStaging}.h","Source/Backend/Vulkan/Private/FVulkan{Buffer,Texture,Sampler,DescriptorPool,DescriptorSet,MemoryAllocator,ResourceAllocation,UploadStaging}.cpp",Tests/VulkanBackendTests.cpp,.github/workflows/ci.yml; Build/*/Tests/StonerTest,FeatureMapped,"Feature-level evidence seed for Vulkan resources, descriptors, uploads, allocation, and lifecycle invalidation."
010-SC-007,010,SC,SC-007,"Renderer-facing code can interact with backend buffers, textures, samplers, descriptor sets, and upload records through established contracts without depending on backend-specific allocation details.",specs/010-vulkan-resource-management/spec.md:173,"Source/Backend/Vulkan/Public/VulkanRHI/{FVulkanBuffer,FVulkanTexture,FVulkanSampler,FVulkanDescriptorPool,FVulkanDescriptorSet,FVulkanMemoryAllocator,FVulkanResourceAllocation,FVulkanUploadStaging}.h","Source/Backend/Vulkan/Private/FVulkan{Buffer,Texture,Sampler,DescriptorPool,DescriptorSet,MemoryAllocator,ResourceAllocation,UploadStaging}.cpp",Tests/VulkanBackendTests.cpp,.github/workflows/ci.yml; Build/*/Tests/StonerTest,FeatureMapped,"Feature-level evidence seed for Vulkan resources, descriptors, uploads, allocation, and lifecycle invalidation."
011-FR-001,011,FR,FR-001,System MUST allow command buffer allocation for active backend devices and supported queue types.,specs/011-vulkan-commands-submission/spec.md:108,"Source/Backend/Vulkan/Public/VulkanRHI/{FVulkanCommandBuffer,FVulkanCommandPool,FVulkanCommandSubmission,FVulkanQueue,FVulkanRenderPass,FVulkanFramebuffer}.h","Source/Backend/Vulkan/Private/FVulkan{CommandBuffer,CommandPool,Queue,RenderPass,Framebuffer}.cpp",Tests/VulkanBackendTests.cpp; Tests/RHICoreTests.cpp,.github/workflows/ci.yml; Build/*/Tests/StonerTest,FeatureMapped,"Feature-level evidence seed for command recording, queue submission, barriers, render pass, framebuffer, and uploads."
011-FR-002,011,FR,FR-002,"System MUST reject command buffer allocation when the device is shut down, the queue type is unsupported, queue ownership is unavailable, or command buffer capacity is exhausted.",specs/011-vulkan-commands-submission/spec.md:109,"Source/Backend/Vulkan/Public/VulkanRHI/{FVulkanCommandBuffer,FVulkanCommandPool,FVulkanCommandSubmission,FVulkanQueue,FVulkanRenderPass,FVulkanFramebuffer}.h","Source/Backend/Vulkan/Private/FVulkan{CommandBuffer,CommandPool,Queue,RenderPass,Framebuffer}.cpp",Tests/VulkanBackendTests.cpp; Tests/RHICoreTests.cpp,.github/workflows/ci.yml; Build/*/Tests/StonerTest,FeatureMapped,"Feature-level evidence seed for command recording, queue submission, barriers, render pass, framebuffer, and uploads."
011-FR-003,011,FR,FR-003,"System MUST expose command buffer lifecycle states that distinguish allocated, recording, executable, submitted or pending completion, reset or reusable, invalidated, and failed outcomes.",specs/011-vulkan-commands-submission/spec.md:110,"Source/Backend/Vulkan/Public/VulkanRHI/{FVulkanCommandBuffer,FVulkanCommandPool,FVulkanCommandSubmission,FVulkanQueue,FVulkanRenderPass,FVulkanFramebuffer}.h","Source/Backend/Vulkan/Private/FVulkan{CommandBuffer,CommandPool,Queue,RenderPass,Framebuffer}.cpp",Tests/VulkanBackendTests.cpp; Tests/RHICoreTests.cpp,.github/workflows/ci.yml; Build/*/Tests/StonerTest,FeatureMapped,"Feature-level evidence seed for command recording, queue submission, barriers, render pass, framebuffer, and uploads."
011-FR-004,011,FR,FR-004,System MUST allow command buffers to begin and end recording only through valid lifecycle transitions.,specs/011-vulkan-commands-submission/spec.md:111,"Source/Backend/Vulkan/Public/VulkanRHI/{FVulkanCommandBuffer,FVulkanCommandPool,FVulkanCommandSubmission,FVulkanQueue,FVulkanRenderPass,FVulkanFramebuffer}.h","Source/Backend/Vulkan/Private/FVulkan{CommandBuffer,CommandPool,Queue,RenderPass,Framebuffer}.cpp",Tests/VulkanBackendTests.cpp; Tests/RHICoreTests.cpp,.github/workflows/ci.yml; Build/*/Tests/StonerTest,FeatureMapped,"Feature-level evidence seed for command recording, queue submission, barriers, render pass, framebuffer, and uploads."
011-FR-005,011,FR,FR-005,"System MUST reject recording begin, recording end, reset, or recycle requests that conflict with the current command buffer lifecycle state.",specs/011-vulkan-commands-submission/spec.md:112,"Source/Backend/Vulkan/Public/VulkanRHI/{FVulkanCommandBuffer,FVulkanCommandPool,FVulkanCommandSubmission,FVulkanQueue,FVulkanRenderPass,FVulkanFramebuffer}.h","Source/Backend/Vulkan/Private/FVulkan{CommandBuffer,CommandPool,Queue,RenderPass,Framebuffer}.cpp",Tests/VulkanBackendTests.cpp; Tests/RHICoreTests.cpp,.github/workflows/ci.yml; Build/*/Tests/StonerTest,FeatureMapped,"Feature-level evidence seed for command recording, queue submission, barriers, render pass, framebuffer, and uploads."
011-FR-006,011,FR,FR-006,"System MUST support command buffer reset or recycling once previous work is safe to discard, and MUST prevent reset or recycle while work is still in flight.",specs/011-vulkan-commands-submission/spec.md:113,"Source/Backend/Vulkan/Public/VulkanRHI/{FVulkanCommandBuffer,FVulkanCommandPool,FVulkanCommandSubmission,FVulkanQueue,FVulkanRenderPass,FVulkanFramebuffer}.h","Source/Backend/Vulkan/Private/FVulkan{CommandBuffer,CommandPool,Queue,RenderPass,Framebuffer}.cpp",Tests/VulkanBackendTests.cpp; Tests/RHICoreTests.cpp,.github/workflows/ci.yml; Build/*/Tests/StonerTest,FeatureMapped,"Feature-level evidence seed for command recording, queue submission, barriers, render pass, framebuffer, and uploads."
011-FR-007,011,FR,FR-007,"System MUST record graphics draw and indexed draw commands only when command buffer state, queue capability, render pass scope, and referenced resource lifecycle are valid, and MUST treat them as placeholder commands with missing-pipeline diagnostics until pipeline binding exists.",specs/011-vulkan-commands-submission/spec.md:114,"Source/Backend/Vulkan/Public/VulkanRHI/{FVulkanCommandBuffer,FVulkanCommandPool,FVulkanCommandSubmission,FVulkanQueue,FVulkanRenderPass,FVulkanFramebuffer}.h","Source/Backend/Vulkan/Private/FVulkan{CommandBuffer,CommandPool,Queue,RenderPass,Framebuffer}.cpp",Tests/VulkanBackendTests.cpp; Tests/RHICoreTests.cpp,.github/workflows/ci.yml; Build/*/Tests/StonerTest,FeatureMapped,"Feature-level evidence seed for command recording, queue submission, barriers, render pass, framebuffer, and uploads."
011-FR-008,011,FR,FR-008,"System MUST record compute dispatch commands only when command buffer state, queue capability, and referenced resource lifecycle are valid, and MUST treat them as placeholder commands with missing-pipeline diagnostics until compute pipeline binding exists.",specs/011-vulkan-commands-submission/spec.md:115,"Source/Backend/Vulkan/Public/VulkanRHI/{FVulkanCommandBuffer,FVulkanCommandPool,FVulkanCommandSubmission,FVulkanQueue,FVulkanRenderPass,FVulkanFramebuffer}.h","Source/Backend/Vulkan/Private/FVulkan{CommandBuffer,CommandPool,Queue,RenderPass,Framebuffer}.cpp",Tests/VulkanBackendTests.cpp; Tests/RHICoreTests.cpp,.github/workflows/ci.yml; Build/*/Tests/StonerTest,FeatureMapped,"Feature-level evidence seed for command recording, queue submission, barriers, render pass, framebuffer, and uploads."
011-FR-009,011,FR,FR-009,"System MUST record transfer commands for buffer and texture copy operations only when source and destination resources, ranges, regions, and queue capabilities are valid.",specs/011-vulkan-commands-submission/spec.md:116,"Source/Backend/Vulkan/Public/VulkanRHI/{FVulkanCommandBuffer,FVulkanCommandPool,FVulkanCommandSubmission,FVulkanQueue,FVulkanRenderPass,FVulkanFramebuffer}.h","Source/Backend/Vulkan/Private/FVulkan{CommandBuffer,CommandPool,Queue,RenderPass,Framebuffer}.cpp",Tests/VulkanBackendTests.cpp; Tests/RHICoreTests.cpp,.github/workflows/ci.yml; Build/*/Tests/StonerTest,FeatureMapped,"Feature-level evidence seed for command recording, queue submission, barriers, render pass, framebuffer, and uploads."
011-FR-010,011,FR,FR-010,"System MUST record declarative resource barrier and texture layout transition intent with explicit validation of resource lifecycle, supported usage, and basic before/after state consistency.",specs/011-vulkan-commands-submission/spec.md:117,"Source/Backend/Vulkan/Public/VulkanRHI/{FVulkanCommandBuffer,FVulkanCommandPool,FVulkanCommandSubmission,FVulkanQueue,FVulkanRenderPass,FVulkanFramebuffer}.h","Source/Backend/Vulkan/Private/FVulkan{CommandBuffer,CommandPool,Queue,RenderPass,Framebuffer}.cpp",Tests/VulkanBackendTests.cpp; Tests/RHICoreTests.cpp,.github/workflows/ci.yml; Build/*/Tests/StonerTest,FeatureMapped,"Feature-level evidence seed for command recording, queue submission, barriers, render pass, framebuffer, and uploads."
011-FR-010a,011,FR,FR-010a,System MUST keep full per-resource state tracking across command buffers and render graph-level synchronization conflict detection outside this feature's delivered scope.,specs/011-vulkan-commands-submission/spec.md:118,"Source/Backend/Vulkan/Public/VulkanRHI/{FVulkanCommandBuffer,FVulkanCommandPool,FVulkanCommandSubmission,FVulkanQueue,FVulkanRenderPass,FVulkanFramebuffer}.h","Source/Backend/Vulkan/Private/FVulkan{CommandBuffer,CommandPool,Queue,RenderPass,Framebuffer}.cpp",Tests/VulkanBackendTests.cpp; Tests/RHICoreTests.cpp,.github/workflows/ci.yml; Build/*/Tests/StonerTest,FeatureMapped,"Feature-level evidence seed for command recording, queue submission, barriers, render pass, framebuffer, and uploads."
011-FR-011,011,FR,FR-011,System MUST provide minimal backend validation for single-subpass render passes and compatible framebuffers so render pass begin and end commands can define a valid graphics recording scope.,specs/011-vulkan-commands-submission/spec.md:119,"Source/Backend/Vulkan/Public/VulkanRHI/{FVulkanCommandBuffer,FVulkanCommandPool,FVulkanCommandSubmission,FVulkanQueue,FVulkanRenderPass,FVulkanFramebuffer}.h","Source/Backend/Vulkan/Private/FVulkan{CommandBuffer,CommandPool,Queue,RenderPass,Framebuffer}.cpp",Tests/VulkanBackendTests.cpp; Tests/RHICoreTests.cpp,.github/workflows/ci.yml; Build/*/Tests/StonerTest,FeatureMapped,"Feature-level evidence seed for command recording, queue submission, barriers, render pass, framebuffer, and uploads."
011-FR-011a,011,FR,FR-011a,"System MUST reject nested, missing, out-of-order, incompatible-framebuffer, invalidated-render-pass, and invalidated-framebuffer render pass transitions.",specs/011-vulkan-commands-submission/spec.md:120,"Source/Backend/Vulkan/Public/VulkanRHI/{FVulkanCommandBuffer,FVulkanCommandPool,FVulkanCommandSubmission,FVulkanQueue,FVulkanRenderPass,FVulkanFramebuffer}.h","Source/Backend/Vulkan/Private/FVulkan{CommandBuffer,CommandPool,Queue,RenderPass,Framebuffer}.cpp",Tests/VulkanBackendTests.cpp; Tests/RHICoreTests.cpp,.github/workflows/ci.yml; Build/*/Tests/StonerTest,FeatureMapped,"Feature-level evidence seed for command recording, queue submission, barriers, render pass, framebuffer, and uploads."
011-FR-012,011,FR,FR-012,"System MUST preserve recorded command summaries or diagnostics sufficient for tests and future renderer code to verify command categories, ordering, and rejection reasons deterministically.",specs/011-vulkan-commands-submission/spec.md:121,"Source/Backend/Vulkan/Public/VulkanRHI/{FVulkanCommandBuffer,FVulkanCommandPool,FVulkanCommandSubmission,FVulkanQueue,FVulkanRenderPass,FVulkanFramebuffer}.h","Source/Backend/Vulkan/Private/FVulkan{CommandBuffer,CommandPool,Queue,RenderPass,Framebuffer}.cpp",Tests/VulkanBackendTests.cpp; Tests/RHICoreTests.cpp,.github/workflows/ci.yml; Build/*/Tests/StonerTest,FeatureMapped,"Feature-level evidence seed for command recording, queue submission, barriers, render pass, framebuffer, and uploads."
011-FR-013,011,FR,FR-013,"System MUST submit only ended, executable command buffers to compatible queues and reject missing, still-recording, reset, already consumed, incompatible, or invalidated command buffers.",specs/011-vulkan-commands-submission/spec.md:122,"Source/Backend/Vulkan/Public/VulkanRHI/{FVulkanCommandBuffer,FVulkanCommandPool,FVulkanCommandSubmission,FVulkanQueue,FVulkanRenderPass,FVulkanFramebuffer}.h","Source/Backend/Vulkan/Private/FVulkan{CommandBuffer,CommandPool,Queue,RenderPass,Framebuffer}.cpp",Tests/VulkanBackendTests.cpp; Tests/RHICoreTests.cpp,.github/workflows/ci.yml; Build/*/Tests/StonerTest,FeatureMapped,"Feature-level evidence seed for command recording, queue submission, barriers, render pass, framebuffer, and uploads."
011-FR-013a,011,FR,FR-013a,"System MUST use real queue submission when supported runtime execution is available and MAY use deterministic fallback submission state when runtime execution is unavailable, provided diagnostics explicitly report that no real GPU execution occurred.",specs/011-vulkan-commands-submission/spec.md:123,"Source/Backend/Vulkan/Public/VulkanRHI/{FVulkanCommandBuffer,FVulkanCommandPool,FVulkanCommandSubmission,FVulkanQueue,FVulkanRenderPass,FVulkanFramebuffer}.h","Source/Backend/Vulkan/Private/FVulkan{CommandBuffer,CommandPool,Queue,RenderPass,Framebuffer}.cpp",Tests/VulkanBackendTests.cpp; Tests/RHICoreTests.cpp,.github/workflows/ci.yml; Build/*/Tests/StonerTest,FeatureMapped,"Feature-level evidence seed for command recording, queue submission, barriers, render pass, framebuffer, and uploads."
011-FR-014,011,FR,FR-014,"System MUST update queue submission observability consistently, including successful submission count, last submission result, and wait-idle behavior.",specs/011-vulkan-commands-submission/spec.md:124,"Source/Backend/Vulkan/Public/VulkanRHI/{FVulkanCommandBuffer,FVulkanCommandPool,FVulkanCommandSubmission,FVulkanQueue,FVulkanRenderPass,FVulkanFramebuffer}.h","Source/Backend/Vulkan/Private/FVulkan{CommandBuffer,CommandPool,Queue,RenderPass,Framebuffer}.cpp",Tests/VulkanBackendTests.cpp; Tests/RHICoreTests.cpp,.github/workflows/ci.yml; Build/*/Tests/StonerTest,FeatureMapped,"Feature-level evidence seed for command recording, queue submission, barriers, render pass, framebuffer, and uploads."
011-FR-015,011,FR,FR-015,"System MUST provide completion observation for submitted work through existing synchronization and queue status contracts, including explicit completed, not-ready, timeout, invalid-state, and failed outcomes.",specs/011-vulkan-commands-submission/spec.md:125,"Source/Backend/Vulkan/Public/VulkanRHI/{FVulkanCommandBuffer,FVulkanCommandPool,FVulkanCommandSubmission,FVulkanQueue,FVulkanRenderPass,FVulkanFramebuffer}.h","Source/Backend/Vulkan/Private/FVulkan{CommandBuffer,CommandPool,Queue,RenderPass,Framebuffer}.cpp",Tests/VulkanBackendTests.cpp; Tests/RHICoreTests.cpp,.github/workflows/ci.yml; Build/*/Tests/StonerTest,FeatureMapped,"Feature-level evidence seed for command recording, queue submission, barriers, render pass, framebuffer, and uploads."
011-FR-015a,011,FR,FR-015a,System MUST treat deterministic fallback submissions as immediately complete by default and MUST allow validation to inject not-ready and timeout outcomes for completion-wait testing.,specs/011-vulkan-commands-submission/spec.md:126,"Source/Backend/Vulkan/Public/VulkanRHI/{FVulkanCommandBuffer,FVulkanCommandPool,FVulkanCommandSubmission,FVulkanQueue,FVulkanRenderPass,FVulkanFramebuffer}.h","Source/Backend/Vulkan/Private/FVulkan{CommandBuffer,CommandPool,Queue,RenderPass,Framebuffer}.cpp",Tests/VulkanBackendTests.cpp; Tests/RHICoreTests.cpp,.github/workflows/ci.yml; Build/*/Tests/StonerTest,FeatureMapped,"Feature-level evidence seed for command recording, queue submission, barriers, render pass, framebuffer, and uploads."
011-FR-016,011,FR,FR-016,"System MUST invalidate or release owned command pools, command buffers, and pending submission state when the backend device shuts down.",specs/011-vulkan-commands-submission/spec.md:127,"Source/Backend/Vulkan/Public/VulkanRHI/{FVulkanCommandBuffer,FVulkanCommandPool,FVulkanCommandSubmission,FVulkanQueue,FVulkanRenderPass,FVulkanFramebuffer}.h","Source/Backend/Vulkan/Private/FVulkan{CommandBuffer,CommandPool,Queue,RenderPass,Framebuffer}.cpp",Tests/VulkanBackendTests.cpp; Tests/RHICoreTests.cpp,.github/workflows/ci.yml; Build/*/Tests/StonerTest,FeatureMapped,"Feature-level evidence seed for command recording, queue submission, barriers, render pass, framebuffer, and uploads."
011-FR-017,011,FR,FR-017,"System MUST reject command allocation, recording, reset, recycle, submission, upload scheduling, and completion waiting after backend device shutdown with invalid-state status.",specs/011-vulkan-commands-submission/spec.md:128,"Source/Backend/Vulkan/Public/VulkanRHI/{FVulkanCommandBuffer,FVulkanCommandPool,FVulkanCommandSubmission,FVulkanQueue,FVulkanRenderPass,FVulkanFramebuffer}.h","Source/Backend/Vulkan/Private/FVulkan{CommandBuffer,CommandPool,Queue,RenderPass,Framebuffer}.cpp",Tests/VulkanBackendTests.cpp; Tests/RHICoreTests.cpp,.github/workflows/ci.yml; Build/*/Tests/StonerTest,FeatureMapped,"Feature-level evidence seed for command recording, queue submission, barriers, render pass, framebuffer, and uploads."
011-FR-018,011,FR,FR-018,System MUST allow pending buffer upload records from the resource management phase to be scheduled into compatible command buffers without claiming upload execution before submission.,specs/011-vulkan-commands-submission/spec.md:129,"Source/Backend/Vulkan/Public/VulkanRHI/{FVulkanCommandBuffer,FVulkanCommandPool,FVulkanCommandSubmission,FVulkanQueue,FVulkanRenderPass,FVulkanFramebuffer}.h","Source/Backend/Vulkan/Private/FVulkan{CommandBuffer,CommandPool,Queue,RenderPass,Framebuffer}.cpp",Tests/VulkanBackendTests.cpp; Tests/RHICoreTests.cpp,.github/workflows/ci.yml; Build/*/Tests/StonerTest,FeatureMapped,"Feature-level evidence seed for command recording, queue submission, barriers, render pass, framebuffer, and uploads."
011-FR-019,011,FR,FR-019,System MUST allow pending texture upload records from the resource management phase to be scheduled into compatible command buffers without claiming upload execution before submission.,specs/011-vulkan-commands-submission/spec.md:130,"Source/Backend/Vulkan/Public/VulkanRHI/{FVulkanCommandBuffer,FVulkanCommandPool,FVulkanCommandSubmission,FVulkanQueue,FVulkanRenderPass,FVulkanFramebuffer}.h","Source/Backend/Vulkan/Private/FVulkan{CommandBuffer,CommandPool,Queue,RenderPass,Framebuffer}.cpp",Tests/VulkanBackendTests.cpp; Tests/RHICoreTests.cpp,.github/workflows/ci.yml; Build/*/Tests/StonerTest,FeatureMapped,"Feature-level evidence seed for command recording, queue submission, barriers, render pass, framebuffer, and uploads."
011-FR-020,011,FR,FR-020,"System MUST reject upload scheduling when the upload record is missing, no longer pending, already scheduled, targets invalidated resources, has invalid ranges or regions, or requires unavailable queue capabilities.",specs/011-vulkan-commands-submission/spec.md:131,"Source/Backend/Vulkan/Public/VulkanRHI/{FVulkanCommandBuffer,FVulkanCommandPool,FVulkanCommandSubmission,FVulkanQueue,FVulkanRenderPass,FVulkanFramebuffer}.h","Source/Backend/Vulkan/Private/FVulkan{CommandBuffer,CommandPool,Queue,RenderPass,Framebuffer}.cpp",Tests/VulkanBackendTests.cpp; Tests/RHICoreTests.cpp,.github/workflows/ci.yml; Build/*/Tests/StonerTest,FeatureMapped,"Feature-level evidence seed for command recording, queue submission, barriers, render pass, framebuffer, and uploads."
011-FR-021,011,FR,FR-021,"System MUST preserve existing Core, RHI resource/pipeline, Vulkan device/swapchain, and Vulkan resource management test outcomes while adding backend command validation.",specs/011-vulkan-commands-submission/spec.md:132,"Source/Backend/Vulkan/Public/VulkanRHI/{FVulkanCommandBuffer,FVulkanCommandPool,FVulkanCommandSubmission,FVulkanQueue,FVulkanRenderPass,FVulkanFramebuffer}.h","Source/Backend/Vulkan/Private/FVulkan{CommandBuffer,CommandPool,Queue,RenderPass,Framebuffer}.cpp",Tests/VulkanBackendTests.cpp; Tests/RHICoreTests.cpp,.github/workflows/ci.yml; Build/*/Tests/StonerTest,FeatureMapped,"Feature-level evidence seed for command recording, queue submission, barriers, render pass, framebuffer, and uploads."
011-FR-022,011,FR,FR-022,"System MUST provide deterministic test coverage for command buffer allocation, lifecycle transitions, recording success and rejection paths, render pass scope validation, transfer and barrier validation, queue submission, completion waiting, upload scheduling, reset or recycling, and shutdown invalidation.",specs/011-vulkan-commands-submission/spec.md:133,"Source/Backend/Vulkan/Public/VulkanRHI/{FVulkanCommandBuffer,FVulkanCommandPool,FVulkanCommandSubmission,FVulkanQueue,FVulkanRenderPass,FVulkanFramebuffer}.h","Source/Backend/Vulkan/Private/FVulkan{CommandBuffer,CommandPool,Queue,RenderPass,Framebuffer}.cpp",Tests/VulkanBackendTests.cpp; Tests/RHICoreTests.cpp,.github/workflows/ci.yml; Build/*/Tests/StonerTest,FeatureMapped,"Feature-level evidence seed for command recording, queue submission, barriers, render pass, framebuffer, and uploads."
011-FR-023,011,FR,FR-023,"System MUST keep shader compilation, pipeline creation, full pipeline binding validation, full resource state tracking, multi-subpass render pass modeling, render graph scheduling, multi-threaded command recording, and visible frame rendering outside this feature's delivered scope.",specs/011-vulkan-commands-submission/spec.md:134,"Source/Backend/Vulkan/Public/VulkanRHI/{FVulkanCommandBuffer,FVulkanCommandPool,FVulkanCommandSubmission,FVulkanQueue,FVulkanRenderPass,FVulkanFramebuffer}.h","Source/Backend/Vulkan/Private/FVulkan{CommandBuffer,CommandPool,Queue,RenderPass,Framebuffer}.cpp",Tests/VulkanBackendTests.cpp; Tests/RHICoreTests.cpp,.github/workflows/ci.yml; Build/*/Tests/StonerTest,FeatureMapped,"Feature-level evidence seed for command recording, queue submission, barriers, render pass, framebuffer, and uploads."
011-SC-001,011,SC,SC-001,"In a supported development environment, a developer can allocate a command buffer, begin and end recording, submit it to a compatible queue, wait for completion or idle state, and reset it for reuse in under 30 seconds using the project verification flow.",specs/011-vulkan-commands-submission/spec.md:153,"Source/Backend/Vulkan/Public/VulkanRHI/{FVulkanCommandBuffer,FVulkanCommandPool,FVulkanCommandSubmission,FVulkanQueue,FVulkanRenderPass,FVulkanFramebuffer}.h","Source/Backend/Vulkan/Private/FVulkan{CommandBuffer,CommandPool,Queue,RenderPass,Framebuffer}.cpp",Tests/VulkanBackendTests.cpp; Tests/RHICoreTests.cpp,.github/workflows/ci.yml; Build/*/Tests/StonerTest,FeatureMapped,"Feature-level evidence seed for command recording, queue submission, barriers, render pass, framebuffer, and uploads."
011-SC-002,011,SC,SC-002,"Command lifecycle validation rejects 100% of covered invalid transitions, including double begin, end-before-begin, record-after-end, reset-while-in-flight, submit-while-recording, and use-after-shutdown, without crashes or usable partial state.",specs/011-vulkan-commands-submission/spec.md:154,"Source/Backend/Vulkan/Public/VulkanRHI/{FVulkanCommandBuffer,FVulkanCommandPool,FVulkanCommandSubmission,FVulkanQueue,FVulkanRenderPass,FVulkanFramebuffer}.h","Source/Backend/Vulkan/Private/FVulkan{CommandBuffer,CommandPool,Queue,RenderPass,Framebuffer}.cpp",Tests/VulkanBackendTests.cpp; Tests/RHICoreTests.cpp,.github/workflows/ci.yml; Build/*/Tests/StonerTest,FeatureMapped,"Feature-level evidence seed for command recording, queue submission, barriers, render pass, framebuffer, and uploads."
011-SC-003,011,SC,SC-003,"Command recording validation covers at least one success path and one negative path each for draw, indexed draw, compute dispatch, missing-pipeline diagnostics, buffer copy, texture copy or transition, declarative barrier/layout validation, minimal single-subpass render pass/framebuffer validation, render pass begin/end, and out-of-scope render pass usage.",specs/011-vulkan-commands-submission/spec.md:155,"Source/Backend/Vulkan/Public/VulkanRHI/{FVulkanCommandBuffer,FVulkanCommandPool,FVulkanCommandSubmission,FVulkanQueue,FVulkanRenderPass,FVulkanFramebuffer}.h","Source/Backend/Vulkan/Private/FVulkan{CommandBuffer,CommandPool,Queue,RenderPass,Framebuffer}.cpp",Tests/VulkanBackendTests.cpp; Tests/RHICoreTests.cpp,.github/workflows/ci.yml; Build/*/Tests/StonerTest,FeatureMapped,"Feature-level evidence seed for command recording, queue submission, barriers, render pass, framebuffer, and uploads."
011-SC-004,011,SC,SC-004,"Queue submission validation covers at least one success path and one negative path each for compatible submission, deterministic fallback submission diagnostics when runtime execution is unavailable, immediate fallback completion, injected timeout or not-ready observation, incompatible queue submission, missing command buffer, unrecorded command buffer, already submitted command buffer, completion wait, and wait-idle behavior.",specs/011-vulkan-commands-submission/spec.md:156,"Source/Backend/Vulkan/Public/VulkanRHI/{FVulkanCommandBuffer,FVulkanCommandPool,FVulkanCommandSubmission,FVulkanQueue,FVulkanRenderPass,FVulkanFramebuffer}.h","Source/Backend/Vulkan/Private/FVulkan{CommandBuffer,CommandPool,Queue,RenderPass,Framebuffer}.cpp",Tests/VulkanBackendTests.cpp; Tests/RHICoreTests.cpp,.github/workflows/ci.yml; Build/*/Tests/StonerTest,FeatureMapped,"Feature-level evidence seed for command recording, queue submission, barriers, render pass, framebuffer, and uploads."
011-SC-005,011,SC,SC-005,"Upload scheduling validation covers at least one success path and one negative path each for pending buffer upload scheduling and pending texture upload scheduling, including preservation of destination ranges or regions.",specs/011-vulkan-commands-submission/spec.md:157,"Source/Backend/Vulkan/Public/VulkanRHI/{FVulkanCommandBuffer,FVulkanCommandPool,FVulkanCommandSubmission,FVulkanQueue,FVulkanRenderPass,FVulkanFramebuffer}.h","Source/Backend/Vulkan/Private/FVulkan{CommandBuffer,CommandPool,Queue,RenderPass,Framebuffer}.cpp",Tests/VulkanBackendTests.cpp; Tests/RHICoreTests.cpp,.github/workflows/ci.yml; Build/*/Tests/StonerTest,FeatureMapped,"Feature-level evidence seed for command recording, queue submission, barriers, render pass, framebuffer, and uploads."
011-SC-006,011,SC,SC-006,"Existing Core, RHI, Vulkan device/swapchain, and Vulkan resource management tests continue to pass after command recording and submission are added.",specs/011-vulkan-commands-submission/spec.md:158,"Source/Backend/Vulkan/Public/VulkanRHI/{FVulkanCommandBuffer,FVulkanCommandPool,FVulkanCommandSubmission,FVulkanQueue,FVulkanRenderPass,FVulkanFramebuffer}.h","Source/Backend/Vulkan/Private/FVulkan{CommandBuffer,CommandPool,Queue,RenderPass,Framebuffer}.cpp",Tests/VulkanBackendTests.cpp; Tests/RHICoreTests.cpp,.github/workflows/ci.yml; Build/*/Tests/StonerTest,FeatureMapped,"Feature-level evidence seed for command recording, queue submission, barriers, render pass, framebuffer, and uploads."
011-SC-007,011,SC,SC-007,"Renderer-facing code can interact with backend command buffers, queues, synchronization status, resource barriers, and upload scheduling through established contracts without depending on backend-specific command implementation details.",specs/011-vulkan-commands-submission/spec.md:159,"Source/Backend/Vulkan/Public/VulkanRHI/{FVulkanCommandBuffer,FVulkanCommandPool,FVulkanCommandSubmission,FVulkanQueue,FVulkanRenderPass,FVulkanFramebuffer}.h","Source/Backend/Vulkan/Private/FVulkan{CommandBuffer,CommandPool,Queue,RenderPass,Framebuffer}.cpp",Tests/VulkanBackendTests.cpp; Tests/RHICoreTests.cpp,.github/workflows/ci.yml; Build/*/Tests/StonerTest,FeatureMapped,"Feature-level evidence seed for command recording, queue submission, barriers, render pass, framebuffer, and uploads."
012-FR-001,012,FR,FR-001,"System MUST allow shader module creation for active backend devices when precompiled shader bytecode is structurally valid, supported, matches the declared shader stage, and includes explicit shader interface metadata, using real runtime objects when available and deterministic fallback objects with explicit diagnostics when unavailable.",specs/012-vulkan-pipeline-shader/spec.md:125,"Source/Backend/Vulkan/Public/VulkanRHI/{FVulkanShaderModule,FVulkanPipelineLayout,FVulkanGraphicsPipeline,FVulkanComputePipeline,FVulkanPipelineCache,FVulkanNativeContext}.h","Source/Backend/Vulkan/Private/FVulkan{ShaderModule,PipelineLayout,GraphicsPipeline,ComputePipeline,PipelineCache,NativeContext}.cpp",Tests/VulkanBackendTests.cpp; Tests/VulkanNativeIntegrationTests.cpp; Tests/RHICoreTests.cpp,.github/workflows/ci.yml; Build/*/Tests/StonerTest,FeatureMapped,"Feature-level evidence seed for Vulkan shader validation, pipeline creation, pipeline cache, and native ownership."
012-FR-002,012,FR,FR-002,"System MUST reject empty, structurally malformed, unsupported, wrong-stage, metadata-incompatible, or post-shutdown shader module requests with explicit results and without returning usable partial modules.",specs/012-vulkan-pipeline-shader/spec.md:126,"Source/Backend/Vulkan/Public/VulkanRHI/{FVulkanShaderModule,FVulkanPipelineLayout,FVulkanGraphicsPipeline,FVulkanComputePipeline,FVulkanPipelineCache,FVulkanNativeContext}.h","Source/Backend/Vulkan/Private/FVulkan{ShaderModule,PipelineLayout,GraphicsPipeline,ComputePipeline,PipelineCache,NativeContext}.cpp",Tests/VulkanBackendTests.cpp; Tests/VulkanNativeIntegrationTests.cpp; Tests/RHICoreTests.cpp,.github/workflows/ci.yml; Build/*/Tests/StonerTest,FeatureMapped,"Feature-level evidence seed for Vulkan shader validation, pipeline creation, pipeline cache, and native ownership."
012-FR-003,012,FR,FR-003,"System MUST expose shader module lifecycle state, interface summary, validation mode, and diagnostics consistently so later pipeline creation can distinguish valid, invalidated, unsupported, and failed shader inputs.",specs/012-vulkan-pipeline-shader/spec.md:127,"Source/Backend/Vulkan/Public/VulkanRHI/{FVulkanShaderModule,FVulkanPipelineLayout,FVulkanGraphicsPipeline,FVulkanComputePipeline,FVulkanPipelineCache,FVulkanNativeContext}.h","Source/Backend/Vulkan/Private/FVulkan{ShaderModule,PipelineLayout,GraphicsPipeline,ComputePipeline,PipelineCache,NativeContext}.cpp",Tests/VulkanBackendTests.cpp; Tests/VulkanNativeIntegrationTests.cpp; Tests/RHICoreTests.cpp,.github/workflows/ci.yml; Build/*/Tests/StonerTest,FeatureMapped,"Feature-level evidence seed for Vulkan shader validation, pipeline creation, pipeline cache, and native ownership."
012-FR-003a,012,FR,FR-003a,System MUST use lightweight structural bytecode checks when real runtime validation is unavailable and MUST rely on real runtime creation validation when the backend runtime is available.,specs/012-vulkan-pipeline-shader/spec.md:128,"Source/Backend/Vulkan/Public/VulkanRHI/{FVulkanShaderModule,FVulkanPipelineLayout,FVulkanGraphicsPipeline,FVulkanComputePipeline,FVulkanPipelineCache,FVulkanNativeContext}.h","Source/Backend/Vulkan/Private/FVulkan{ShaderModule,PipelineLayout,GraphicsPipeline,ComputePipeline,PipelineCache,NativeContext}.cpp",Tests/VulkanBackendTests.cpp; Tests/VulkanNativeIntegrationTests.cpp; Tests/RHICoreTests.cpp,.github/workflows/ci.yml; Build/*/Tests/StonerTest,FeatureMapped,"Feature-level evidence seed for Vulkan shader validation, pipeline creation, pipeline cache, and native ownership."
012-FR-004,012,FR,FR-004,"System MUST allow pipeline layout creation from valid descriptor layout declarations and small constant-data ranges while preserving queryable set order, stage visibility, and lifecycle state.",specs/012-vulkan-pipeline-shader/spec.md:129,"Source/Backend/Vulkan/Public/VulkanRHI/{FVulkanShaderModule,FVulkanPipelineLayout,FVulkanGraphicsPipeline,FVulkanComputePipeline,FVulkanPipelineCache,FVulkanNativeContext}.h","Source/Backend/Vulkan/Private/FVulkan{ShaderModule,PipelineLayout,GraphicsPipeline,ComputePipeline,PipelineCache,NativeContext}.cpp",Tests/VulkanBackendTests.cpp; Tests/VulkanNativeIntegrationTests.cpp; Tests/RHICoreTests.cpp,.github/workflows/ci.yml; Build/*/Tests/StonerTest,FeatureMapped,"Feature-level evidence seed for Vulkan shader validation, pipeline creation, pipeline cache, and native ownership."
012-FR-005,012,FR,FR-005,"System MUST reject pipeline layout creation when descriptor declarations are duplicated, missing, incompatible, invalidated, or contain invalid range definitions.",specs/012-vulkan-pipeline-shader/spec.md:130,"Source/Backend/Vulkan/Public/VulkanRHI/{FVulkanShaderModule,FVulkanPipelineLayout,FVulkanGraphicsPipeline,FVulkanComputePipeline,FVulkanPipelineCache,FVulkanNativeContext}.h","Source/Backend/Vulkan/Private/FVulkan{ShaderModule,PipelineLayout,GraphicsPipeline,ComputePipeline,PipelineCache,NativeContext}.cpp",Tests/VulkanBackendTests.cpp; Tests/VulkanNativeIntegrationTests.cpp; Tests/RHICoreTests.cpp,.github/workflows/ci.yml; Build/*/Tests/StonerTest,FeatureMapped,"Feature-level evidence seed for Vulkan shader validation, pipeline creation, pipeline cache, and native ownership."
012-FR-006,012,FR,FR-006,"System MUST allow triangle-ready graphics pipeline creation when shader modules, explicit shader interface metadata, pipeline layout, render target compatibility, vertex input, primitive topology, rasterization, depth/stencil, blend, multisample, and dynamic viewport/scissor requirements are valid and mutually compatible, using real runtime objects when available and deterministic fallback objects with explicit diagnostics when unavailable.",specs/012-vulkan-pipeline-shader/spec.md:131,"Source/Backend/Vulkan/Public/VulkanRHI/{FVulkanShaderModule,FVulkanPipelineLayout,FVulkanGraphicsPipeline,FVulkanComputePipeline,FVulkanPipelineCache,FVulkanNativeContext}.h","Source/Backend/Vulkan/Private/FVulkan{ShaderModule,PipelineLayout,GraphicsPipeline,ComputePipeline,PipelineCache,NativeContext}.cpp",Tests/VulkanBackendTests.cpp; Tests/VulkanNativeIntegrationTests.cpp; Tests/RHICoreTests.cpp,.github/workflows/ci.yml; Build/*/Tests/StonerTest,FeatureMapped,"Feature-level evidence seed for Vulkan shader validation, pipeline creation, pipeline cache, and native ownership."
012-FR-007,012,FR,FR-007,"System MUST reject graphics pipeline creation when required shader stages are missing, shader stages are incompatible, shader interface metadata does not match the layout, vertex input is invalid, primitive topology is invalid, rasterization state is invalid, depth/stencil state is incompatible, blend state is incompatible, multisample state is invalid, dynamic viewport/scissor requirements are invalid, render target compatibility is missing or incompatible, or dependencies are invalidated.",specs/012-vulkan-pipeline-shader/spec.md:132,"Source/Backend/Vulkan/Public/VulkanRHI/{FVulkanShaderModule,FVulkanPipelineLayout,FVulkanGraphicsPipeline,FVulkanComputePipeline,FVulkanPipelineCache,FVulkanNativeContext}.h","Source/Backend/Vulkan/Private/FVulkan{ShaderModule,PipelineLayout,GraphicsPipeline,ComputePipeline,PipelineCache,NativeContext}.cpp",Tests/VulkanBackendTests.cpp; Tests/VulkanNativeIntegrationTests.cpp; Tests/RHICoreTests.cpp,.github/workflows/ci.yml; Build/*/Tests/StonerTest,FeatureMapped,"Feature-level evidence seed for Vulkan shader validation, pipeline creation, pipeline cache, and native ownership."
012-FR-008,012,FR,FR-008,"System MUST allow compute pipeline creation when a valid compute shader module with compatible explicit interface metadata and a compatible pipeline layout are provided, using real runtime objects when available and deterministic fallback objects with explicit diagnostics when unavailable.",specs/012-vulkan-pipeline-shader/spec.md:133,"Source/Backend/Vulkan/Public/VulkanRHI/{FVulkanShaderModule,FVulkanPipelineLayout,FVulkanGraphicsPipeline,FVulkanComputePipeline,FVulkanPipelineCache,FVulkanNativeContext}.h","Source/Backend/Vulkan/Private/FVulkan{ShaderModule,PipelineLayout,GraphicsPipeline,ComputePipeline,PipelineCache,NativeContext}.cpp",Tests/VulkanBackendTests.cpp; Tests/VulkanNativeIntegrationTests.cpp; Tests/RHICoreTests.cpp,.github/workflows/ci.yml; Build/*/Tests/StonerTest,FeatureMapped,"Feature-level evidence seed for Vulkan shader validation, pipeline creation, pipeline cache, and native ownership."
012-FR-009,012,FR,FR-009,"System MUST reject compute pipeline creation when the shader stage is not compute, shader interface metadata does not match the layout, queue capability is unsupported, or dependencies are invalidated.",specs/012-vulkan-pipeline-shader/spec.md:134,"Source/Backend/Vulkan/Public/VulkanRHI/{FVulkanShaderModule,FVulkanPipelineLayout,FVulkanGraphicsPipeline,FVulkanComputePipeline,FVulkanPipelineCache,FVulkanNativeContext}.h","Source/Backend/Vulkan/Private/FVulkan{ShaderModule,PipelineLayout,GraphicsPipeline,ComputePipeline,PipelineCache,NativeContext}.cpp",Tests/VulkanBackendTests.cpp; Tests/VulkanNativeIntegrationTests.cpp; Tests/RHICoreTests.cpp,.github/workflows/ci.yml; Build/*/Tests/StonerTest,FeatureMapped,"Feature-level evidence seed for Vulkan shader validation, pipeline creation, pipeline cache, and native ownership."
012-FR-010,012,FR,FR-010,"System MUST expose graphics and compute pipeline lifecycle, compatibility summaries, runtime mode, and creation diagnostics in a deterministic way for tests and later renderer code.",specs/012-vulkan-pipeline-shader/spec.md:135,"Source/Backend/Vulkan/Public/VulkanRHI/{FVulkanShaderModule,FVulkanPipelineLayout,FVulkanGraphicsPipeline,FVulkanComputePipeline,FVulkanPipelineCache,FVulkanNativeContext}.h","Source/Backend/Vulkan/Private/FVulkan{ShaderModule,PipelineLayout,GraphicsPipeline,ComputePipeline,PipelineCache,NativeContext}.cpp",Tests/VulkanBackendTests.cpp; Tests/VulkanNativeIntegrationTests.cpp; Tests/RHICoreTests.cpp,.github/workflows/ci.yml; Build/*/Tests/StonerTest,FeatureMapped,"Feature-level evidence seed for Vulkan shader validation, pipeline creation, pipeline cache, and native ownership."
012-FR-011,012,FR,FR-011,System MUST allow valid graphics pipelines to be bound to compatible recording command buffers in compatible graphics render pass scope.,specs/012-vulkan-pipeline-shader/spec.md:136,"Source/Backend/Vulkan/Public/VulkanRHI/{FVulkanShaderModule,FVulkanPipelineLayout,FVulkanGraphicsPipeline,FVulkanComputePipeline,FVulkanPipelineCache,FVulkanNativeContext}.h","Source/Backend/Vulkan/Private/FVulkan{ShaderModule,PipelineLayout,GraphicsPipeline,ComputePipeline,PipelineCache,NativeContext}.cpp",Tests/VulkanBackendTests.cpp; Tests/VulkanNativeIntegrationTests.cpp; Tests/RHICoreTests.cpp,.github/workflows/ci.yml; Build/*/Tests/StonerTest,FeatureMapped,"Feature-level evidence seed for Vulkan shader validation, pipeline creation, pipeline cache, and native ownership."
012-FR-012,012,FR,FR-012,System MUST allow valid compute pipelines to be bound to compatible recording command buffers with compute capability.,specs/012-vulkan-pipeline-shader/spec.md:137,"Source/Backend/Vulkan/Public/VulkanRHI/{FVulkanShaderModule,FVulkanPipelineLayout,FVulkanGraphicsPipeline,FVulkanComputePipeline,FVulkanPipelineCache,FVulkanNativeContext}.h","Source/Backend/Vulkan/Private/FVulkan{ShaderModule,PipelineLayout,GraphicsPipeline,ComputePipeline,PipelineCache,NativeContext}.cpp",Tests/VulkanBackendTests.cpp; Tests/VulkanNativeIntegrationTests.cpp; Tests/RHICoreTests.cpp,.github/workflows/ci.yml; Build/*/Tests/StonerTest,FeatureMapped,"Feature-level evidence seed for Vulkan shader validation, pipeline creation, pipeline cache, and native ownership."
012-FR-013,012,FR,FR-013,"System MUST reject pipeline binding when the command buffer is not recording, the queue capability is incompatible, the pipeline kind is wrong for the command category, the render pass scope is missing or incompatible, or the pipeline has been invalidated.",specs/012-vulkan-pipeline-shader/spec.md:138,"Source/Backend/Vulkan/Public/VulkanRHI/{FVulkanShaderModule,FVulkanPipelineLayout,FVulkanGraphicsPipeline,FVulkanComputePipeline,FVulkanPipelineCache,FVulkanNativeContext}.h","Source/Backend/Vulkan/Private/FVulkan{ShaderModule,PipelineLayout,GraphicsPipeline,ComputePipeline,PipelineCache,NativeContext}.cpp",Tests/VulkanBackendTests.cpp; Tests/VulkanNativeIntegrationTests.cpp; Tests/RHICoreTests.cpp,.github/workflows/ci.yml; Build/*/Tests/StonerTest,FeatureMapped,"Feature-level evidence seed for Vulkan shader validation, pipeline creation, pipeline cache, and native ownership."
012-FR-014,012,FR,FR-014,"System MUST update draw and indexed-draw validation so compatible bound graphics pipelines remove missing-pipeline diagnostics while incompatible, missing, or invalidated pipeline state remains explicit.",specs/012-vulkan-pipeline-shader/spec.md:139,"Source/Backend/Vulkan/Public/VulkanRHI/{FVulkanShaderModule,FVulkanPipelineLayout,FVulkanGraphicsPipeline,FVulkanComputePipeline,FVulkanPipelineCache,FVulkanNativeContext}.h","Source/Backend/Vulkan/Private/FVulkan{ShaderModule,PipelineLayout,GraphicsPipeline,ComputePipeline,PipelineCache,NativeContext}.cpp",Tests/VulkanBackendTests.cpp; Tests/VulkanNativeIntegrationTests.cpp; Tests/RHICoreTests.cpp,.github/workflows/ci.yml; Build/*/Tests/StonerTest,FeatureMapped,"Feature-level evidence seed for Vulkan shader validation, pipeline creation, pipeline cache, and native ownership."
012-FR-015,012,FR,FR-015,"System MUST update dispatch validation so compatible bound compute pipelines remove missing-pipeline diagnostics while incompatible, missing, or invalidated pipeline state remains explicit.",specs/012-vulkan-pipeline-shader/spec.md:140,"Source/Backend/Vulkan/Public/VulkanRHI/{FVulkanShaderModule,FVulkanPipelineLayout,FVulkanGraphicsPipeline,FVulkanComputePipeline,FVulkanPipelineCache,FVulkanNativeContext}.h","Source/Backend/Vulkan/Private/FVulkan{ShaderModule,PipelineLayout,GraphicsPipeline,ComputePipeline,PipelineCache,NativeContext}.cpp",Tests/VulkanBackendTests.cpp; Tests/VulkanNativeIntegrationTests.cpp; Tests/RHICoreTests.cpp,.github/workflows/ci.yml; Build/*/Tests/StonerTest,FeatureMapped,"Feature-level evidence seed for Vulkan shader validation, pipeline creation, pipeline cache, and native ownership."
012-FR-016,012,FR,FR-016,System MUST provide deterministic process-local reuse or cache diagnostics for equivalent successful graphics and compute pipeline creation requests.,specs/012-vulkan-pipeline-shader/spec.md:141,"Source/Backend/Vulkan/Public/VulkanRHI/{FVulkanShaderModule,FVulkanPipelineLayout,FVulkanGraphicsPipeline,FVulkanComputePipeline,FVulkanPipelineCache,FVulkanNativeContext}.h","Source/Backend/Vulkan/Private/FVulkan{ShaderModule,PipelineLayout,GraphicsPipeline,ComputePipeline,PipelineCache,NativeContext}.cpp",Tests/VulkanBackendTests.cpp; Tests/VulkanNativeIntegrationTests.cpp; Tests/RHICoreTests.cpp,.github/workflows/ci.yml; Build/*/Tests/StonerTest,FeatureMapped,"Feature-level evidence seed for Vulkan shader validation, pipeline creation, pipeline cache, and native ownership."
012-FR-016a,012,FR,FR-016a,"System MUST keep persistent disk pipeline cache load, save, versioning, and invalidation behavior outside this feature's delivered scope.",specs/012-vulkan-pipeline-shader/spec.md:142,"Source/Backend/Vulkan/Public/VulkanRHI/{FVulkanShaderModule,FVulkanPipelineLayout,FVulkanGraphicsPipeline,FVulkanComputePipeline,FVulkanPipelineCache,FVulkanNativeContext}.h","Source/Backend/Vulkan/Private/FVulkan{ShaderModule,PipelineLayout,GraphicsPipeline,ComputePipeline,PipelineCache,NativeContext}.cpp",Tests/VulkanBackendTests.cpp; Tests/VulkanNativeIntegrationTests.cpp; Tests/RHICoreTests.cpp,.github/workflows/ci.yml; Build/*/Tests/StonerTest,FeatureMapped,"Feature-level evidence seed for Vulkan shader validation, pipeline creation, pipeline cache, and native ownership."
012-FR-017,012,FR,FR-017,"System MUST ensure failed, unsupported, and invalidated pipeline creation requests do not become reusable successful pipeline entries.",specs/012-vulkan-pipeline-shader/spec.md:143,"Source/Backend/Vulkan/Public/VulkanRHI/{FVulkanShaderModule,FVulkanPipelineLayout,FVulkanGraphicsPipeline,FVulkanComputePipeline,FVulkanPipelineCache,FVulkanNativeContext}.h","Source/Backend/Vulkan/Private/FVulkan{ShaderModule,PipelineLayout,GraphicsPipeline,ComputePipeline,PipelineCache,NativeContext}.cpp",Tests/VulkanBackendTests.cpp; Tests/VulkanNativeIntegrationTests.cpp; Tests/RHICoreTests.cpp,.github/workflows/ci.yml; Build/*/Tests/StonerTest,FeatureMapped,"Feature-level evidence seed for Vulkan shader validation, pipeline creation, pipeline cache, and native ownership."
012-FR-018,012,FR,FR-018,"System MUST invalidate or release owned shader modules, pipeline layouts, graphics pipelines, compute pipelines, and reusable pipeline state when the backend device shuts down.",specs/012-vulkan-pipeline-shader/spec.md:144,"Source/Backend/Vulkan/Public/VulkanRHI/{FVulkanShaderModule,FVulkanPipelineLayout,FVulkanGraphicsPipeline,FVulkanComputePipeline,FVulkanPipelineCache,FVulkanNativeContext}.h","Source/Backend/Vulkan/Private/FVulkan{ShaderModule,PipelineLayout,GraphicsPipeline,ComputePipeline,PipelineCache,NativeContext}.cpp",Tests/VulkanBackendTests.cpp; Tests/VulkanNativeIntegrationTests.cpp; Tests/RHICoreTests.cpp,.github/workflows/ci.yml; Build/*/Tests/StonerTest,FeatureMapped,"Feature-level evidence seed for Vulkan shader validation, pipeline creation, pipeline cache, and native ownership."
012-FR-019,012,FR,FR-019,"System MUST reject shader, layout, pipeline, binding, draw validation, dispatch validation, and cache queries after backend device shutdown with invalid-state status.",specs/012-vulkan-pipeline-shader/spec.md:145,"Source/Backend/Vulkan/Public/VulkanRHI/{FVulkanShaderModule,FVulkanPipelineLayout,FVulkanGraphicsPipeline,FVulkanComputePipeline,FVulkanPipelineCache,FVulkanNativeContext}.h","Source/Backend/Vulkan/Private/FVulkan{ShaderModule,PipelineLayout,GraphicsPipeline,ComputePipeline,PipelineCache,NativeContext}.cpp",Tests/VulkanBackendTests.cpp; Tests/VulkanNativeIntegrationTests.cpp; Tests/RHICoreTests.cpp,.github/workflows/ci.yml; Build/*/Tests/StonerTest,FeatureMapped,"Feature-level evidence seed for Vulkan shader validation, pipeline creation, pipeline cache, and native ownership."
012-FR-020,012,FR,FR-020,"System MUST preserve existing Core, RHI, Vulkan device/swapchain, Vulkan resource management, and Vulkan command recording/submission test outcomes while adding pipeline and shader validation.",specs/012-vulkan-pipeline-shader/spec.md:146,"Source/Backend/Vulkan/Public/VulkanRHI/{FVulkanShaderModule,FVulkanPipelineLayout,FVulkanGraphicsPipeline,FVulkanComputePipeline,FVulkanPipelineCache,FVulkanNativeContext}.h","Source/Backend/Vulkan/Private/FVulkan{ShaderModule,PipelineLayout,GraphicsPipeline,ComputePipeline,PipelineCache,NativeContext}.cpp",Tests/VulkanBackendTests.cpp; Tests/VulkanNativeIntegrationTests.cpp; Tests/RHICoreTests.cpp,.github/workflows/ci.yml; Build/*/Tests/StonerTest,FeatureMapped,"Feature-level evidence seed for Vulkan shader validation, pipeline creation, pipeline cache, and native ownership."
012-FR-021,012,FR,FR-021,"System MUST provide deterministic test coverage for shader module success and rejection paths, pipeline layout validation, graphics pipeline creation and binding, compute pipeline creation and binding, cache/reuse behavior, draw/dispatch missing-pipeline diagnostics, dependency invalidation, configured failure limits, and shutdown invalidation.",specs/012-vulkan-pipeline-shader/spec.md:147,"Source/Backend/Vulkan/Public/VulkanRHI/{FVulkanShaderModule,FVulkanPipelineLayout,FVulkanGraphicsPipeline,FVulkanComputePipeline,FVulkanPipelineCache,FVulkanNativeContext}.h","Source/Backend/Vulkan/Private/FVulkan{ShaderModule,PipelineLayout,GraphicsPipeline,ComputePipeline,PipelineCache,NativeContext}.cpp",Tests/VulkanBackendTests.cpp; Tests/VulkanNativeIntegrationTests.cpp; Tests/RHICoreTests.cpp,.github/workflows/ci.yml; Build/*/Tests/StonerTest,FeatureMapped,"Feature-level evidence seed for Vulkan shader validation, pipeline creation, pipeline cache, and native ownership."
012-FR-022,012,FR,FR-022,"System MUST keep runtime shader compilation from source languages, material systems, render graph scheduling, mesh shader pipelines, ray tracing pipelines, visible swapchain presentation, and full triangle demo application flow outside this feature's delivered scope.",specs/012-vulkan-pipeline-shader/spec.md:148,"Source/Backend/Vulkan/Public/VulkanRHI/{FVulkanShaderModule,FVulkanPipelineLayout,FVulkanGraphicsPipeline,FVulkanComputePipeline,FVulkanPipelineCache,FVulkanNativeContext}.h","Source/Backend/Vulkan/Private/FVulkan{ShaderModule,PipelineLayout,GraphicsPipeline,ComputePipeline,PipelineCache,NativeContext}.cpp",Tests/VulkanBackendTests.cpp; Tests/VulkanNativeIntegrationTests.cpp; Tests/RHICoreTests.cpp,.github/workflows/ci.yml; Build/*/Tests/StonerTest,FeatureMapped,"Feature-level evidence seed for Vulkan shader validation, pipeline creation, pipeline cache, and native ownership."
012-SC-001,012,SC,SC-001,"In a supported development environment, a developer can create valid real-runtime or deterministic fallback shader modules, a pipeline layout, one graphics pipeline, one compute pipeline, bind each compatible pipeline to a command buffer, and record validated draw or dispatch work in under 60 seconds using the project verification flow.",specs/012-vulkan-pipeline-shader/spec.md:166,"Source/Backend/Vulkan/Public/VulkanRHI/{FVulkanShaderModule,FVulkanPipelineLayout,FVulkanGraphicsPipeline,FVulkanComputePipeline,FVulkanPipelineCache,FVulkanNativeContext}.h","Source/Backend/Vulkan/Private/FVulkan{ShaderModule,PipelineLayout,GraphicsPipeline,ComputePipeline,PipelineCache,NativeContext}.cpp",Tests/VulkanBackendTests.cpp; Tests/VulkanNativeIntegrationTests.cpp; Tests/RHICoreTests.cpp,.github/workflows/ci.yml; Build/*/Tests/StonerTest,FeatureMapped,"Feature-level evidence seed for Vulkan shader validation, pipeline creation, pipeline cache, and native ownership."
012-SC-002,012,SC,SC-002,"Shader module validation rejects 100% of covered empty, structurally malformed, unsupported, wrong-stage, metadata-incompatible, and post-shutdown inputs without crashes or usable partial modules.",specs/012-vulkan-pipeline-shader/spec.md:167,"Source/Backend/Vulkan/Public/VulkanRHI/{FVulkanShaderModule,FVulkanPipelineLayout,FVulkanGraphicsPipeline,FVulkanComputePipeline,FVulkanPipelineCache,FVulkanNativeContext}.h","Source/Backend/Vulkan/Private/FVulkan{ShaderModule,PipelineLayout,GraphicsPipeline,ComputePipeline,PipelineCache,NativeContext}.cpp",Tests/VulkanBackendTests.cpp; Tests/VulkanNativeIntegrationTests.cpp; Tests/RHICoreTests.cpp,.github/workflows/ci.yml; Build/*/Tests/StonerTest,FeatureMapped,"Feature-level evidence seed for Vulkan shader validation, pipeline creation, pipeline cache, and native ownership."
012-SC-003,012,SC,SC-003,"Pipeline layout validation covers at least one success path and one negative path each for valid descriptor declarations, duplicate declarations, missing dependencies, invalid ranges, and invalidated dependency use.",specs/012-vulkan-pipeline-shader/spec.md:168,"Source/Backend/Vulkan/Public/VulkanRHI/{FVulkanShaderModule,FVulkanPipelineLayout,FVulkanGraphicsPipeline,FVulkanComputePipeline,FVulkanPipelineCache,FVulkanNativeContext}.h","Source/Backend/Vulkan/Private/FVulkan{ShaderModule,PipelineLayout,GraphicsPipeline,ComputePipeline,PipelineCache,NativeContext}.cpp",Tests/VulkanBackendTests.cpp; Tests/VulkanNativeIntegrationTests.cpp; Tests/RHICoreTests.cpp,.github/workflows/ci.yml; Build/*/Tests/StonerTest,FeatureMapped,"Feature-level evidence seed for Vulkan shader validation, pipeline creation, pipeline cache, and native ownership."
012-SC-004,012,SC,SC-004,"Graphics pipeline validation covers at least one success path and one negative path each for required shader stages, incompatible shader stages, invalid layout requirements, invalid vertex input, invalid primitive topology, invalid rasterization state, incompatible depth/stencil state, incompatible blend state, invalid multisample state, invalid dynamic viewport/scissor requirements, incompatible render target scope, invalidated dependencies, and configured creation failure.",specs/012-vulkan-pipeline-shader/spec.md:169,"Source/Backend/Vulkan/Public/VulkanRHI/{FVulkanShaderModule,FVulkanPipelineLayout,FVulkanGraphicsPipeline,FVulkanComputePipeline,FVulkanPipelineCache,FVulkanNativeContext}.h","Source/Backend/Vulkan/Private/FVulkan{ShaderModule,PipelineLayout,GraphicsPipeline,ComputePipeline,PipelineCache,NativeContext}.cpp",Tests/VulkanBackendTests.cpp; Tests/VulkanNativeIntegrationTests.cpp; Tests/RHICoreTests.cpp,.github/workflows/ci.yml; Build/*/Tests/StonerTest,FeatureMapped,"Feature-level evidence seed for Vulkan shader validation, pipeline creation, pipeline cache, and native ownership."
012-SC-005,012,SC,SC-005,"Compute pipeline validation covers at least one success path and one negative path each for valid compute shader use, wrong-stage shader use, invalid layout requirements, unsupported queue capability, invalidated dependencies, and configured creation failure.",specs/012-vulkan-pipeline-shader/spec.md:170,"Source/Backend/Vulkan/Public/VulkanRHI/{FVulkanShaderModule,FVulkanPipelineLayout,FVulkanGraphicsPipeline,FVulkanComputePipeline,FVulkanPipelineCache,FVulkanNativeContext}.h","Source/Backend/Vulkan/Private/FVulkan{ShaderModule,PipelineLayout,GraphicsPipeline,ComputePipeline,PipelineCache,NativeContext}.cpp",Tests/VulkanBackendTests.cpp; Tests/VulkanNativeIntegrationTests.cpp; Tests/RHICoreTests.cpp,.github/workflows/ci.yml; Build/*/Tests/StonerTest,FeatureMapped,"Feature-level evidence seed for Vulkan shader validation, pipeline creation, pipeline cache, and native ownership."
012-SC-006,012,SC,SC-006,"Command recording validation reports missing, compatible, incompatible, wrong-kind, and invalidated pipeline binding states for draw, indexed draw, and dispatch without changing unrelated recorded command state.",specs/012-vulkan-pipeline-shader/spec.md:171,"Source/Backend/Vulkan/Public/VulkanRHI/{FVulkanShaderModule,FVulkanPipelineLayout,FVulkanGraphicsPipeline,FVulkanComputePipeline,FVulkanPipelineCache,FVulkanNativeContext}.h","Source/Backend/Vulkan/Private/FVulkan{ShaderModule,PipelineLayout,GraphicsPipeline,ComputePipeline,PipelineCache,NativeContext}.cpp",Tests/VulkanBackendTests.cpp; Tests/VulkanNativeIntegrationTests.cpp; Tests/RHICoreTests.cpp,.github/workflows/ci.yml; Build/*/Tests/StonerTest,FeatureMapped,"Feature-level evidence seed for Vulkan shader validation, pipeline creation, pipeline cache, and native ownership."
012-SC-007,012,SC,SC-007,"Equivalent successful graphics and compute pipeline requests within the same process produce deterministic reuse diagnostics, while failed and invalidated requests are never reported as reusable successful entries.",specs/012-vulkan-pipeline-shader/spec.md:172,"Source/Backend/Vulkan/Public/VulkanRHI/{FVulkanShaderModule,FVulkanPipelineLayout,FVulkanGraphicsPipeline,FVulkanComputePipeline,FVulkanPipelineCache,FVulkanNativeContext}.h","Source/Backend/Vulkan/Private/FVulkan{ShaderModule,PipelineLayout,GraphicsPipeline,ComputePipeline,PipelineCache,NativeContext}.cpp",Tests/VulkanBackendTests.cpp; Tests/VulkanNativeIntegrationTests.cpp; Tests/RHICoreTests.cpp,.github/workflows/ci.yml; Build/*/Tests/StonerTest,FeatureMapped,"Feature-level evidence seed for Vulkan shader validation, pipeline creation, pipeline cache, and native ownership."
012-SC-008,012,SC,SC-008,"Runtime-unavailable validation covers at least one shader module, graphics pipeline, compute pipeline, bind, draw, and dispatch path where deterministic fallback diagnostics clearly state that no real runtime execution occurred.",specs/012-vulkan-pipeline-shader/spec.md:173,"Source/Backend/Vulkan/Public/VulkanRHI/{FVulkanShaderModule,FVulkanPipelineLayout,FVulkanGraphicsPipeline,FVulkanComputePipeline,FVulkanPipelineCache,FVulkanNativeContext}.h","Source/Backend/Vulkan/Private/FVulkan{ShaderModule,PipelineLayout,GraphicsPipeline,ComputePipeline,PipelineCache,NativeContext}.cpp",Tests/VulkanBackendTests.cpp; Tests/VulkanNativeIntegrationTests.cpp; Tests/RHICoreTests.cpp,.github/workflows/ci.yml; Build/*/Tests/StonerTest,FeatureMapped,"Feature-level evidence seed for Vulkan shader validation, pipeline creation, pipeline cache, and native ownership."
012-SC-009,012,SC,SC-009,"Existing Core, RHI, Vulkan device/swapchain, Vulkan resource management, and Vulkan command recording/submission tests continue to pass after pipeline and shader support is added.",specs/012-vulkan-pipeline-shader/spec.md:174,"Source/Backend/Vulkan/Public/VulkanRHI/{FVulkanShaderModule,FVulkanPipelineLayout,FVulkanGraphicsPipeline,FVulkanComputePipeline,FVulkanPipelineCache,FVulkanNativeContext}.h","Source/Backend/Vulkan/Private/FVulkan{ShaderModule,PipelineLayout,GraphicsPipeline,ComputePipeline,PipelineCache,NativeContext}.cpp",Tests/VulkanBackendTests.cpp; Tests/VulkanNativeIntegrationTests.cpp; Tests/RHICoreTests.cpp,.github/workflows/ci.yml; Build/*/Tests/StonerTest,FeatureMapped,"Feature-level evidence seed for Vulkan shader validation, pipeline creation, pipeline cache, and native ownership."
012-SC-010,012,SC,SC-010,"Renderer-facing code can interact with backend shader modules, pipeline layouts, graphics pipelines, compute pipelines, and command binding validation through established contracts without depending on backend-specific creation details.",specs/012-vulkan-pipeline-shader/spec.md:175,"Source/Backend/Vulkan/Public/VulkanRHI/{FVulkanShaderModule,FVulkanPipelineLayout,FVulkanGraphicsPipeline,FVulkanComputePipeline,FVulkanPipelineCache,FVulkanNativeContext}.h","Source/Backend/Vulkan/Private/FVulkan{ShaderModule,PipelineLayout,GraphicsPipeline,ComputePipeline,PipelineCache,NativeContext}.cpp",Tests/VulkanBackendTests.cpp; Tests/VulkanNativeIntegrationTests.cpp; Tests/RHICoreTests.cpp,.github/workflows/ci.yml; Build/*/Tests/StonerTest,FeatureMapped,"Feature-level evidence seed for Vulkan shader validation, pipeline creation, pipeline cache, and native ownership."
013-FR-001,013,FR,FR-001,"System MUST allow developers to create a render graph builder, add named passes, classify each pass as graphics, compute, copy-like utility, or side-effect-preserving work, and declare the resources each pass reads, writes, creates, imports, or exports.",specs/013-render-graph-foundation/spec.md:125,Source/Renderer/Public/Renderer/FRenderGraph*.h,Source/Renderer/Private/FRenderGraph*.cpp,Tests/RendererRenderGraphTests.cpp; Tests/Main.cpp,.github/workflows/ci.yml; Build/*/Tests/StonerTest,FeatureMapped,"Feature-level evidence seed for render graph declaration, compilation, diagnostics, execution, and dumps."
013-FR-002,013,FR,FR-002,"System MUST represent virtual graph resources with a stable handle, resource kind, usage intent, dimensions or element counts, format or layout requirements, ownership mode, aliasing eligibility, and debug name.",specs/013-render-graph-foundation/spec.md:126,Source/Renderer/Public/Renderer/FRenderGraph*.h,Source/Renderer/Private/FRenderGraph*.cpp,Tests/RendererRenderGraphTests.cpp; Tests/Main.cpp,.github/workflows/ci.yml; Build/*/Tests/StonerTest,FeatureMapped,"Feature-level evidence seed for render graph declaration, compilation, diagnostics, execution, and dumps."
013-FR-003,013,FR,FR-003,"System MUST validate that every transient resource read has a producer, every imported resource has a declared external availability state, and every exported graph output is produced or imported before use.",specs/013-render-graph-foundation/spec.md:127,Source/Renderer/Public/Renderer/FRenderGraph*.h,Source/Renderer/Private/FRenderGraph*.cpp,Tests/RendererRenderGraphTests.cpp; Tests/Main.cpp,.github/workflows/ci.yml; Build/*/Tests/StonerTest,FeatureMapped,"Feature-level evidence seed for render graph declaration, compilation, diagnostics, execution, and dumps."
013-FR-004,013,FR,FR-004,System MUST detect dependency cycles and reject cyclic graphs with a validation result that identifies at least one involved pass or resource.,specs/013-render-graph-foundation/spec.md:128,Source/Renderer/Public/Renderer/FRenderGraph*.h,Source/Renderer/Private/FRenderGraph*.cpp,Tests/RendererRenderGraphTests.cpp; Tests/Main.cpp,.github/workflows/ci.yml; Build/*/Tests/StonerTest,FeatureMapped,"Feature-level evidence seed for render graph declaration, compilation, diagnostics, execution, and dumps."
013-FR-005,013,FR,FR-005,System MUST compile valid graph declarations into a deterministic pass schedule that respects all declared read/write dependencies and preserves stable ordering for otherwise independent passes.,specs/013-render-graph-foundation/spec.md:129,Source/Renderer/Public/Renderer/FRenderGraph*.h,Source/Renderer/Private/FRenderGraph*.cpp,Tests/RendererRenderGraphTests.cpp; Tests/Main.cpp,.github/workflows/ci.yml; Build/*/Tests/StonerTest,FeatureMapped,"Feature-level evidence seed for render graph declaration, compilation, diagnostics, execution, and dumps."
013-FR-006,013,FR,FR-006,System MUST compute first-use and last-use lifetime information for each virtual resource in the compiled graph.,specs/013-render-graph-foundation/spec.md:130,Source/Renderer/Public/Renderer/FRenderGraph*.h,Source/Renderer/Private/FRenderGraph*.cpp,Tests/RendererRenderGraphTests.cpp; Tests/Main.cpp,.github/workflows/ci.yml; Build/*/Tests/StonerTest,FeatureMapped,"Feature-level evidence seed for render graph declaration, compilation, diagnostics, execution, and dumps."
013-FR-007,013,FR,FR-007,"System MUST identify transient resources that are eligible to share backing storage when their lifetimes do not overlap and their resource descriptions are compatible, but MUST NOT reuse backing storage during this phase.",specs/013-render-graph-foundation/spec.md:131,Source/Renderer/Public/Renderer/FRenderGraph*.h,Source/Renderer/Private/FRenderGraph*.cpp,Tests/RendererRenderGraphTests.cpp; Tests/Main.cpp,.github/workflows/ci.yml; Build/*/Tests/StonerTest,FeatureMapped,"Feature-level evidence seed for render graph declaration, compilation, diagnostics, execution, and dumps."
013-FR-008,013,FR,FR-008,"System MUST never mark imported resources, exported resources while externally owned, resources with explicit no-alias policy, or incompatible resource descriptions as aliasable with unrelated transient resources.",specs/013-render-graph-foundation/spec.md:132,Source/Renderer/Public/Renderer/FRenderGraph*.h,Source/Renderer/Private/FRenderGraph*.cpp,Tests/RendererRenderGraphTests.cpp; Tests/Main.cpp,.github/workflows/ci.yml; Build/*/Tests/StonerTest,FeatureMapped,"Feature-level evidence seed for render graph declaration, compilation, diagnostics, execution, and dumps."
013-FR-009,013,FR,FR-009,"System MUST derive inspectable transition or barrier plans for resource access changes between scheduled passes, including read-after-write, write-after-read, write-after-write, graphics-to-compute, and compute-to-graphics cases.",specs/013-render-graph-foundation/spec.md:133,Source/Renderer/Public/Renderer/FRenderGraph*.h,Source/Renderer/Private/FRenderGraph*.cpp,Tests/RendererRenderGraphTests.cpp; Tests/Main.cpp,.github/workflows/ci.yml; Build/*/Tests/StonerTest,FeatureMapped,"Feature-level evidence seed for render graph declaration, compilation, diagnostics, execution, and dumps."
013-FR-010,013,FR,FR-010,System MUST avoid redundant transitions when consecutive usages already match the required access and layout state.,specs/013-render-graph-foundation/spec.md:134,Source/Renderer/Public/Renderer/FRenderGraph*.h,Source/Renderer/Private/FRenderGraph*.cpp,Tests/RendererRenderGraphTests.cpp; Tests/Main.cpp,.github/workflows/ci.yml; Build/*/Tests/StonerTest,FeatureMapped,"Feature-level evidence seed for render graph declaration, compilation, diagnostics, execution, and dumps."
013-FR-011,013,FR,FR-011,"System MUST reject incompatible resource usage declarations, including read-only imported resources written by graph passes, resources used with unsupported access modes, and resource descriptions that cannot satisfy declared usage.",specs/013-render-graph-foundation/spec.md:135,Source/Renderer/Public/Renderer/FRenderGraph*.h,Source/Renderer/Private/FRenderGraph*.cpp,Tests/RendererRenderGraphTests.cpp; Tests/Main.cpp,.github/workflows/ci.yml; Build/*/Tests/StonerTest,FeatureMapped,"Feature-level evidence seed for render graph declaration, compilation, diagnostics, execution, and dumps."
013-FR-012,013,FR,FR-012,System MUST support marking one or more graph outputs and MUST cull passes that cannot affect those outputs unless they are explicitly declared as side-effect-preserving.,specs/013-render-graph-foundation/spec.md:136,Source/Renderer/Public/Renderer/FRenderGraph*.h,Source/Renderer/Private/FRenderGraph*.cpp,Tests/RendererRenderGraphTests.cpp; Tests/Main.cpp,.github/workflows/ci.yml; Build/*/Tests/StonerTest,FeatureMapped,"Feature-level evidence seed for render graph declaration, compilation, diagnostics, execution, and dumps."
013-FR-012a,013,FR,FR-012a,System MUST reject executable graph compilation when no graph output is marked and no side-effect-preserving pass exists.,specs/013-render-graph-foundation/spec.md:137,Source/Renderer/Public/Renderer/FRenderGraph*.h,Source/Renderer/Private/FRenderGraph*.cpp,Tests/RendererRenderGraphTests.cpp; Tests/Main.cpp,.github/workflows/ci.yml; Build/*/Tests/StonerTest,FeatureMapped,"Feature-level evidence seed for render graph declaration, compilation, diagnostics, execution, and dumps."
013-FR-013,013,FR,FR-013,"System MUST expose compiled graph metadata including scheduled pass order, culled passes, resource lifetimes, aliasing decisions, transition plans, and validation diagnostics.",specs/013-render-graph-foundation/spec.md:138,Source/Renderer/Public/Renderer/FRenderGraph*.h,Source/Renderer/Private/FRenderGraph*.cpp,Tests/RendererRenderGraphTests.cpp; Tests/Main.cpp,.github/workflows/ci.yml; Build/*/Tests/StonerTest,FeatureMapped,"Feature-level evidence seed for render graph declaration, compilation, diagnostics, execution, and dumps."
013-FR-014,013,FR,FR-014,"System MUST execute compiled graphs by resolving transient resources through RHI-facing resource creation, validating caller-supplied imported resources, emitting planned resource transitions through RHI-facing command context abstractions, and then invoking pass callbacks in scheduled order through RHI-facing command context abstractions and resource handles only.",specs/013-render-graph-foundation/spec.md:139,Source/Renderer/Public/Renderer/FRenderGraph*.h,Source/Renderer/Private/FRenderGraph*.cpp,Tests/RendererRenderGraphTests.cpp; Tests/Main.cpp,.github/workflows/ci.yml; Build/*/Tests/StonerTest,FeatureMapped,"Feature-level evidence seed for render graph declaration, compilation, diagnostics, execution, and dumps."
013-FR-015,013,FR,FR-015,"System MUST reject execution before successful compilation, execution after graph reset or invalidation, execution when transient resource resolution fails, and execution with missing or invalid required imported resources.",specs/013-render-graph-foundation/spec.md:140,Source/Renderer/Public/Renderer/FRenderGraph*.h,Source/Renderer/Private/FRenderGraph*.cpp,Tests/RendererRenderGraphTests.cpp; Tests/Main.cpp,.github/workflows/ci.yml; Build/*/Tests/StonerTest,FeatureMapped,"Feature-level evidence seed for render graph declaration, compilation, diagnostics, execution, and dumps."
013-FR-016,013,FR,FR-016,"System MUST stop compiled graph execution immediately when a pass reports failure and MUST report the pass name, pass index, and failure category without invoking later scheduled passes.",specs/013-render-graph-foundation/spec.md:141,Source/Renderer/Public/Renderer/FRenderGraph*.h,Source/Renderer/Private/FRenderGraph*.cpp,Tests/RendererRenderGraphTests.cpp; Tests/Main.cpp,.github/workflows/ci.yml; Build/*/Tests/StonerTest,FeatureMapped,"Feature-level evidence seed for render graph declaration, compilation, diagnostics, execution, and dumps."
013-FR-017,013,FR,FR-017,"System MUST allow graph instances to be reset or discarded without leaking virtual resource handles, compiled schedules, transition plans, or pass callback state.",specs/013-render-graph-foundation/spec.md:142,Source/Renderer/Public/Renderer/FRenderGraph*.h,Source/Renderer/Private/FRenderGraph*.cpp,Tests/RendererRenderGraphTests.cpp; Tests/Main.cpp,.github/workflows/ci.yml; Build/*/Tests/StonerTest,FeatureMapped,"Feature-level evidence seed for render graph declaration, compilation, diagnostics, execution, and dumps."
013-FR-018,013,FR,FR-018,System MUST provide deterministic text debug output for both successful and failed graph compilation.,specs/013-render-graph-foundation/spec.md:143,Source/Renderer/Public/Renderer/FRenderGraph*.h,Source/Renderer/Private/FRenderGraph*.cpp,Tests/RendererRenderGraphTests.cpp; Tests/Main.cpp,.github/workflows/ci.yml; Build/*/Tests/StonerTest,FeatureMapped,"Feature-level evidence seed for render graph declaration, compilation, diagnostics, execution, and dumps."
013-FR-019,013,FR,FR-019,"System MUST provide test coverage for graph declaration, dependency ordering, cycle rejection, virtual resource lifetime tracking, aliasing eligibility, transition planning, culling, execution ordering, execution failure, debug dump output, reset, and invalidation.",specs/013-render-graph-foundation/spec.md:144,Source/Renderer/Public/Renderer/FRenderGraph*.h,Source/Renderer/Private/FRenderGraph*.cpp,Tests/RendererRenderGraphTests.cpp; Tests/Main.cpp,.github/workflows/ci.yml; Build/*/Tests/StonerTest,FeatureMapped,"Feature-level evidence seed for render graph declaration, compilation, diagnostics, execution, and dumps."
013-FR-020,013,FR,FR-020,"System MUST preserve existing Core, RHI, and Vulkan backend test outcomes while adding render graph coverage.",specs/013-render-graph-foundation/spec.md:145,Source/Renderer/Public/Renderer/FRenderGraph*.h,Source/Renderer/Private/FRenderGraph*.cpp,Tests/RendererRenderGraphTests.cpp; Tests/Main.cpp,.github/workflows/ci.yml; Build/*/Tests/StonerTest,FeatureMapped,"Feature-level evidence seed for render graph declaration, compilation, diagnostics, execution, and dumps."
013-FR-021,013,FR,FR-021,"System MUST keep material systems, shader permutation management, concrete forward/deferred render passes, scene graph integration, visible swapchain presentation, and triangle demo application flow outside this feature's delivered scope.",specs/013-render-graph-foundation/spec.md:146,Source/Renderer/Public/Renderer/FRenderGraph*.h,Source/Renderer/Private/FRenderGraph*.cpp,Tests/RendererRenderGraphTests.cpp; Tests/Main.cpp,.github/workflows/ci.yml; Build/*/Tests/StonerTest,FeatureMapped,"Feature-level evidence seed for render graph declaration, compilation, diagnostics, execution, and dumps."
013-SC-001,013,SC,SC-001,"A developer can declare, compile, inspect, and execute a representative graph containing at least five passes, four virtual resources, one imported resource, one exported output, and both graphics and compute pass kinds in under 60 seconds using the project verification flow.",specs/013-render-graph-foundation/spec.md:165,Source/Renderer/Public/Renderer/FRenderGraph*.h,Source/Renderer/Private/FRenderGraph*.cpp,Tests/RendererRenderGraphTests.cpp; Tests/Main.cpp,.github/workflows/ci.yml; Build/*/Tests/StonerTest,FeatureMapped,"Feature-level evidence seed for render graph declaration, compilation, diagnostics, execution, and dumps."
013-SC-002,013,SC,SC-002,"Graph compilation rejects 100% of covered cyclic dependency, read-before-write, invalid imported write, incompatible usage, missing output, and execution-before-compile cases without crashes or partially executable schedules.",specs/013-render-graph-foundation/spec.md:166,Source/Renderer/Public/Renderer/FRenderGraph*.h,Source/Renderer/Private/FRenderGraph*.cpp,Tests/RendererRenderGraphTests.cpp; Tests/Main.cpp,.github/workflows/ci.yml; Build/*/Tests/StonerTest,FeatureMapped,"Feature-level evidence seed for render graph declaration, compilation, diagnostics, execution, and dumps."
013-SC-003,013,SC,SC-003,"Compiled schedules are deterministic across at least 20 repeated compilations of the same graph, including pass order, culling decisions, lifetimes, aliasing decisions, transition plans, and debug output.",specs/013-render-graph-foundation/spec.md:167,Source/Renderer/Public/Renderer/FRenderGraph*.h,Source/Renderer/Private/FRenderGraph*.cpp,Tests/RendererRenderGraphTests.cpp; Tests/Main.cpp,.github/workflows/ci.yml; Build/*/Tests/StonerTest,FeatureMapped,"Feature-level evidence seed for render graph declaration, compilation, diagnostics, execution, and dumps."
013-SC-004,013,SC,SC-004,"Resource lifetime tracking covers at least one success and one negative path each for transient resources, imported resources, exported resources, side-effect-preserving passes, and reset or invalidation behavior.",specs/013-render-graph-foundation/spec.md:168,Source/Renderer/Public/Renderer/FRenderGraph*.h,Source/Renderer/Private/FRenderGraph*.cpp,Tests/RendererRenderGraphTests.cpp; Tests/Main.cpp,.github/workflows/ci.yml; Build/*/Tests/StonerTest,FeatureMapped,"Feature-level evidence seed for render graph declaration, compilation, diagnostics, execution, and dumps."
013-SC-005,013,SC,SC-005,"Aliasing eligibility covers at least one success path for compatible non-overlapping transient resources and negative paths for overlapping lifetimes, incompatible descriptions, imported resources, exported external ownership, and explicit no-alias policy, while execution validation confirms eligible resources still receive separate backing storage in this phase.",specs/013-render-graph-foundation/spec.md:169,Source/Renderer/Public/Renderer/FRenderGraph*.h,Source/Renderer/Private/FRenderGraph*.cpp,Tests/RendererRenderGraphTests.cpp; Tests/Main.cpp,.github/workflows/ci.yml; Build/*/Tests/StonerTest,FeatureMapped,"Feature-level evidence seed for render graph declaration, compilation, diagnostics, execution, and dumps."
013-SC-006,013,SC,SC-006,"Transition planning and execution covers at least one success path and one redundant-transition-elision path each for read-after-write, write-after-read, write-after-write, graphics-to-compute, and compute-to-graphics resource usage, with emitted transition records matching the compiled plan.",specs/013-render-graph-foundation/spec.md:170,Source/Renderer/Public/Renderer/FRenderGraph*.h,Source/Renderer/Private/FRenderGraph*.cpp,Tests/RendererRenderGraphTests.cpp; Tests/Main.cpp,.github/workflows/ci.yml; Build/*/Tests/StonerTest,FeatureMapped,"Feature-level evidence seed for render graph declaration, compilation, diagnostics, execution, and dumps."
013-SC-007,013,SC,SC-007,Pass culling removes unused branches from at least one representative graph while preserving explicitly marked side-effect passes and all passes required to produce requested outputs.,specs/013-render-graph-foundation/spec.md:171,Source/Renderer/Public/Renderer/FRenderGraph*.h,Source/Renderer/Private/FRenderGraph*.cpp,Tests/RendererRenderGraphTests.cpp; Tests/Main.cpp,.github/workflows/ci.yml; Build/*/Tests/StonerTest,FeatureMapped,"Feature-level evidence seed for render graph declaration, compilation, diagnostics, execution, and dumps."
013-SC-007a,013,SC,SC-007a,Graph validation covers at least one rejected zero-output graph with no side-effect-preserving pass and at least one accepted zero-output graph containing side-effect-preserving work.,specs/013-render-graph-foundation/spec.md:172,Source/Renderer/Public/Renderer/FRenderGraph*.h,Source/Renderer/Private/FRenderGraph*.cpp,Tests/RendererRenderGraphTests.cpp; Tests/Main.cpp,.github/workflows/ci.yml; Build/*/Tests/StonerTest,FeatureMapped,"Feature-level evidence seed for render graph declaration, compilation, diagnostics, execution, and dumps."
013-SC-008,013,SC,SC-008,"Execution ordering through a mock RHI command context matches the compiled schedule for 100% of covered valid graphs, transient resource resolution and imported resource validation are covered, and pass failure reports include the failing pass name and index.",specs/013-render-graph-foundation/spec.md:173,Source/Renderer/Public/Renderer/FRenderGraph*.h,Source/Renderer/Private/FRenderGraph*.cpp,Tests/RendererRenderGraphTests.cpp; Tests/Main.cpp,.github/workflows/ci.yml; Build/*/Tests/StonerTest,FeatureMapped,"Feature-level evidence seed for render graph declaration, compilation, diagnostics, execution, and dumps."
013-SC-009,013,SC,SC-009,"Existing Core, RHI, and Vulkan backend tests continue to pass after render graph foundation support is added.",specs/013-render-graph-foundation/spec.md:174,Source/Renderer/Public/Renderer/FRenderGraph*.h,Source/Renderer/Private/FRenderGraph*.cpp,Tests/RendererRenderGraphTests.cpp; Tests/Main.cpp,.github/workflows/ci.yml; Build/*/Tests/StonerTest,FeatureMapped,"Feature-level evidence seed for render graph declaration, compilation, diagnostics, execution, and dumps."
013-SC-010,013,SC,SC-010,"Renderer-facing code can use the graph without depending on backend-specific runtime details, and headless tests can validate graph behavior without a physical graphics device.",specs/013-render-graph-foundation/spec.md:175,Source/Renderer/Public/Renderer/FRenderGraph*.h,Source/Renderer/Private/FRenderGraph*.cpp,Tests/RendererRenderGraphTests.cpp; Tests/Main.cpp,.github/workflows/ci.yml; Build/*/Tests/StonerTest,FeatureMapped,"Feature-level evidence seed for render graph declaration, compilation, diagnostics, execution, and dumps."
014-FR-001,014,FR,FR-001,"System MUST allow developers to define materials with a shader reference, material domain, blend mode, render behavior summary, and typed parameter collection.",specs/014-material-shader-system/spec.md:108,"Source/Renderer/Public/Renderer/{FMaterial,FMaterialInstance,FMaterialParameterSet,FMaterialShaderBinding,FMaterialResourceRequirement,FShaderLibrary,FShaderPermutation,FMaterialDiagnostics}.h",Source/Renderer/Private/FMaterial*.cpp; Source/Renderer/Private/FShader*.cpp,Tests/RendererMaterialShaderTests.cpp; Tests/Main.cpp,.github/workflows/ci.yml; Build/*/Tests/StonerTest,FeatureMapped,"Feature-level evidence seed for material, shader record, permutation, binding, diagnostics, and resource requirement behavior."
014-FR-002,014,FR,FR-002,"System MUST support material domains for surface, post-process, UI, and decal use cases.",specs/014-material-shader-system/spec.md:109,"Source/Renderer/Public/Renderer/{FMaterial,FMaterialInstance,FMaterialParameterSet,FMaterialShaderBinding,FMaterialResourceRequirement,FShaderLibrary,FShaderPermutation,FMaterialDiagnostics}.h",Source/Renderer/Private/FMaterial*.cpp; Source/Renderer/Private/FShader*.cpp,Tests/RendererMaterialShaderTests.cpp; Tests/Main.cpp,.github/workflows/ci.yml; Build/*/Tests/StonerTest,FeatureMapped,"Feature-level evidence seed for material, shader record, permutation, binding, diagnostics, and resource requirement behavior."
014-FR-003,014,FR,FR-003,"System MUST support blend behavior categories for opaque, translucent, additive, and masked use cases.",specs/014-material-shader-system/spec.md:110,"Source/Renderer/Public/Renderer/{FMaterial,FMaterialInstance,FMaterialParameterSet,FMaterialShaderBinding,FMaterialResourceRequirement,FShaderLibrary,FShaderPermutation,FMaterialDiagnostics}.h",Source/Renderer/Private/FMaterial*.cpp; Source/Renderer/Private/FShader*.cpp,Tests/RendererMaterialShaderTests.cpp; Tests/Main.cpp,.github/workflows/ci.yml; Build/*/Tests/StonerTest,FeatureMapped,"Feature-level evidence seed for material, shader record, permutation, binding, diagnostics, and resource requirement behavior."
014-FR-004,014,FR,FR-004,"System MUST support typed material parameters for scalar values, vector values, color-like values, and abstract Renderer-level texture/resource references.",specs/014-material-shader-system/spec.md:111,"Source/Renderer/Public/Renderer/{FMaterial,FMaterialInstance,FMaterialParameterSet,FMaterialShaderBinding,FMaterialResourceRequirement,FShaderLibrary,FShaderPermutation,FMaterialDiagnostics}.h",Source/Renderer/Private/FMaterial*.cpp; Source/Renderer/Private/FShader*.cpp,Tests/RendererMaterialShaderTests.cpp; Tests/Main.cpp,.github/workflows/ci.yml; Build/*/Tests/StonerTest,FeatureMapped,"Feature-level evidence seed for material, shader record, permutation, binding, diagnostics, and resource requirement behavior."
014-FR-005,014,FR,FR-005,System MUST reject duplicate parameter names within a material definition.,specs/014-material-shader-system/spec.md:112,"Source/Renderer/Public/Renderer/{FMaterial,FMaterialInstance,FMaterialParameterSet,FMaterialShaderBinding,FMaterialResourceRequirement,FShaderLibrary,FShaderPermutation,FMaterialDiagnostics}.h",Source/Renderer/Private/FMaterial*.cpp; Source/Renderer/Private/FShader*.cpp,Tests/RendererMaterialShaderTests.cpp; Tests/Main.cpp,.github/workflows/ci.yml; Build/*/Tests/StonerTest,FeatureMapped,"Feature-level evidence seed for material, shader record, permutation, binding, diagnostics, and resource requirement behavior."
014-FR-006,014,FR,FR-006,"System MUST validate that each material's domain, blend mode, shader reference, and required parameters form a supported combination.",specs/014-material-shader-system/spec.md:113,"Source/Renderer/Public/Renderer/{FMaterial,FMaterialInstance,FMaterialParameterSet,FMaterialShaderBinding,FMaterialResourceRequirement,FShaderLibrary,FShaderPermutation,FMaterialDiagnostics}.h",Source/Renderer/Private/FMaterial*.cpp; Source/Renderer/Private/FShader*.cpp,Tests/RendererMaterialShaderTests.cpp; Tests/Main.cpp,.github/workflows/ci.yml; Build/*/Tests/StonerTest,FeatureMapped,"Feature-level evidence seed for material, shader record, permutation, binding, diagnostics, and resource requirement behavior."
014-FR-007,014,FR,FR-007,System MUST allow material instances to reference either a base material or another material instance and override selected parameters.,specs/014-material-shader-system/spec.md:114,"Source/Renderer/Public/Renderer/{FMaterial,FMaterialInstance,FMaterialParameterSet,FMaterialShaderBinding,FMaterialResourceRequirement,FShaderLibrary,FShaderPermutation,FMaterialDiagnostics}.h",Source/Renderer/Private/FMaterial*.cpp; Source/Renderer/Private/FShader*.cpp,Tests/RendererMaterialShaderTests.cpp; Tests/Main.cpp,.github/workflows/ci.yml; Build/*/Tests/StonerTest,FeatureMapped,"Feature-level evidence seed for material, shader record, permutation, binding, diagnostics, and resource requirement behavior."
014-FR-008,014,FR,FR-008,System MUST resolve effective material instance parameters by walking the parent chain and applying the nearest override for each parameter.,specs/014-material-shader-system/spec.md:115,"Source/Renderer/Public/Renderer/{FMaterial,FMaterialInstance,FMaterialParameterSet,FMaterialShaderBinding,FMaterialResourceRequirement,FShaderLibrary,FShaderPermutation,FMaterialDiagnostics}.h",Source/Renderer/Private/FMaterial*.cpp; Source/Renderer/Private/FShader*.cpp,Tests/RendererMaterialShaderTests.cpp; Tests/Main.cpp,.github/workflows/ci.yml; Build/*/Tests/StonerTest,FeatureMapped,"Feature-level evidence seed for material, shader record, permutation, binding, diagnostics, and resource requirement behavior."
014-FR-009,014,FR,FR-009,System MUST reject material instance overrides for parameters not defined by the root material.,specs/014-material-shader-system/spec.md:116,"Source/Renderer/Public/Renderer/{FMaterial,FMaterialInstance,FMaterialParameterSet,FMaterialShaderBinding,FMaterialResourceRequirement,FShaderLibrary,FShaderPermutation,FMaterialDiagnostics}.h",Source/Renderer/Private/FMaterial*.cpp; Source/Renderer/Private/FShader*.cpp,Tests/RendererMaterialShaderTests.cpp; Tests/Main.cpp,.github/workflows/ci.yml; Build/*/Tests/StonerTest,FeatureMapped,"Feature-level evidence seed for material, shader record, permutation, binding, diagnostics, and resource requirement behavior."
014-FR-010,014,FR,FR-010,System MUST reject material instance overrides whose value type does not match the parent parameter type.,specs/014-material-shader-system/spec.md:117,"Source/Renderer/Public/Renderer/{FMaterial,FMaterialInstance,FMaterialParameterSet,FMaterialShaderBinding,FMaterialResourceRequirement,FShaderLibrary,FShaderPermutation,FMaterialDiagnostics}.h",Source/Renderer/Private/FMaterial*.cpp; Source/Renderer/Private/FShader*.cpp,Tests/RendererMaterialShaderTests.cpp; Tests/Main.cpp,.github/workflows/ci.yml; Build/*/Tests/StonerTest,FeatureMapped,"Feature-level evidence seed for material, shader record, permutation, binding, diagnostics, and resource requirement behavior."
014-FR-011,014,FR,FR-011,"System MUST maintain a shader library that records explicitly registered precompiled shader identities, allowed permutation flags, available variants, required parameter expectations, and human-readable diagnostics.",specs/014-material-shader-system/spec.md:118,"Source/Renderer/Public/Renderer/{FMaterial,FMaterialInstance,FMaterialParameterSet,FMaterialShaderBinding,FMaterialResourceRequirement,FShaderLibrary,FShaderPermutation,FMaterialDiagnostics}.h",Source/Renderer/Private/FMaterial*.cpp; Source/Renderer/Private/FShader*.cpp,Tests/RendererMaterialShaderTests.cpp; Tests/Main.cpp,.github/workflows/ci.yml; Build/*/Tests/StonerTest,FeatureMapped,"Feature-level evidence seed for material, shader record, permutation, binding, diagnostics, and resource requirement behavior."
014-FR-012,014,FR,FR-012,System MUST represent shader permutations as deterministic feature-flag sets so equivalent requests resolve to the same identity regardless of input order.,specs/014-material-shader-system/spec.md:119,"Source/Renderer/Public/Renderer/{FMaterial,FMaterialInstance,FMaterialParameterSet,FMaterialShaderBinding,FMaterialResourceRequirement,FShaderLibrary,FShaderPermutation,FMaterialDiagnostics}.h",Source/Renderer/Private/FMaterial*.cpp; Source/Renderer/Private/FShader*.cpp,Tests/RendererMaterialShaderTests.cpp; Tests/Main.cpp,.github/workflows/ci.yml; Build/*/Tests/StonerTest,FeatureMapped,"Feature-level evidence seed for material, shader record, permutation, binding, diagnostics, and resource requirement behavior."
014-FR-013,014,FR,FR-013,System MUST select a shader variant for a material when all requested permutation flags and shader requirements are available.,specs/014-material-shader-system/spec.md:120,"Source/Renderer/Public/Renderer/{FMaterial,FMaterialInstance,FMaterialParameterSet,FMaterialShaderBinding,FMaterialResourceRequirement,FShaderLibrary,FShaderPermutation,FMaterialDiagnostics}.h",Source/Renderer/Private/FMaterial*.cpp; Source/Renderer/Private/FShader*.cpp,Tests/RendererMaterialShaderTests.cpp; Tests/Main.cpp,.github/workflows/ci.yml; Build/*/Tests/StonerTest,FeatureMapped,"Feature-level evidence seed for material, shader record, permutation, binding, diagnostics, and resource requirement behavior."
014-FR-014,014,FR,FR-014,"System MUST reject shader selection when the requested shader, requested permutation, or requested permutation flag is unavailable, including a diagnostic that identifies the requested shader and permutation.",specs/014-material-shader-system/spec.md:121,"Source/Renderer/Public/Renderer/{FMaterial,FMaterialInstance,FMaterialParameterSet,FMaterialShaderBinding,FMaterialResourceRequirement,FShaderLibrary,FShaderPermutation,FMaterialDiagnostics}.h",Source/Renderer/Private/FMaterial*.cpp; Source/Renderer/Private/FShader*.cpp,Tests/RendererMaterialShaderTests.cpp; Tests/Main.cpp,.github/workflows/ci.yml; Build/*/Tests/StonerTest,FeatureMapped,"Feature-level evidence seed for material, shader record, permutation, binding, diagnostics, and resource requirement behavior."
014-FR-015,014,FR,FR-015,System MUST expose material and material-instance resource requirements in a stable form suitable for render graph pass declaration.,specs/014-material-shader-system/spec.md:122,"Source/Renderer/Public/Renderer/{FMaterial,FMaterialInstance,FMaterialParameterSet,FMaterialShaderBinding,FMaterialResourceRequirement,FShaderLibrary,FShaderPermutation,FMaterialDiagnostics}.h",Source/Renderer/Private/FMaterial*.cpp; Source/Renderer/Private/FShader*.cpp,Tests/RendererMaterialShaderTests.cpp; Tests/Main.cpp,.github/workflows/ci.yml; Build/*/Tests/StonerTest,FeatureMapped,"Feature-level evidence seed for material, shader record, permutation, binding, diagnostics, and resource requirement behavior."
014-FR-016,014,FR,FR-016,System MUST NOT require material parameters to hold live rendering resources or graph-local handles; resource references MUST remain stable until resolved by later render graph or pipeline code.,specs/014-material-shader-system/spec.md:123,"Source/Renderer/Public/Renderer/{FMaterial,FMaterialInstance,FMaterialParameterSet,FMaterialShaderBinding,FMaterialResourceRequirement,FShaderLibrary,FShaderPermutation,FMaterialDiagnostics}.h",Source/Renderer/Private/FMaterial*.cpp; Source/Renderer/Private/FShader*.cpp,Tests/RendererMaterialShaderTests.cpp; Tests/Main.cpp,.github/workflows/ci.yml; Build/*/Tests/StonerTest,FeatureMapped,"Feature-level evidence seed for material, shader record, permutation, binding, diagnostics, and resource requirement behavior."
014-FR-017,014,FR,FR-017,System MUST detect and reject material instance inheritance cycles with diagnostics that identify the cycle participants.,specs/014-material-shader-system/spec.md:124,"Source/Renderer/Public/Renderer/{FMaterial,FMaterialInstance,FMaterialParameterSet,FMaterialShaderBinding,FMaterialResourceRequirement,FShaderLibrary,FShaderPermutation,FMaterialDiagnostics}.h",Source/Renderer/Private/FMaterial*.cpp; Source/Renderer/Private/FShader*.cpp,Tests/RendererMaterialShaderTests.cpp; Tests/Main.cpp,.github/workflows/ci.yml; Build/*/Tests/StonerTest,FeatureMapped,"Feature-level evidence seed for material, shader record, permutation, binding, diagnostics, and resource requirement behavior."
014-FR-018,014,FR,FR-018,System MUST validate requested permutation flags against the target shader record before selecting a shader variant.,specs/014-material-shader-system/spec.md:125,"Source/Renderer/Public/Renderer/{FMaterial,FMaterialInstance,FMaterialParameterSet,FMaterialShaderBinding,FMaterialResourceRequirement,FShaderLibrary,FShaderPermutation,FMaterialDiagnostics}.h",Source/Renderer/Private/FMaterial*.cpp; Source/Renderer/Private/FShader*.cpp,Tests/RendererMaterialShaderTests.cpp; Tests/Main.cpp,.github/workflows/ci.yml; Build/*/Tests/StonerTest,FeatureMapped,"Feature-level evidence seed for material, shader record, permutation, binding, diagnostics, and resource requirement behavior."
014-FR-019,014,FR,FR-019,"System MUST provide deterministic human-readable text dumps for materials, instances, shader library records, permutation selections, validation failures, diagnostics, and resource requirements.",specs/014-material-shader-system/spec.md:126,"Source/Renderer/Public/Renderer/{FMaterial,FMaterialInstance,FMaterialParameterSet,FMaterialShaderBinding,FMaterialResourceRequirement,FShaderLibrary,FShaderPermutation,FMaterialDiagnostics}.h",Source/Renderer/Private/FMaterial*.cpp; Source/Renderer/Private/FShader*.cpp,Tests/RendererMaterialShaderTests.cpp; Tests/Main.cpp,.github/workflows/ci.yml; Build/*/Tests/StonerTest,FeatureMapped,"Feature-level evidence seed for material, shader record, permutation, binding, diagnostics, and resource requirement behavior."
014-FR-020,014,FR,FR-020,"System MUST keep inspection dump ordering stable for unchanged material, instance, shader record, and diagnostic inputs.",specs/014-material-shader-system/spec.md:127,"Source/Renderer/Public/Renderer/{FMaterial,FMaterialInstance,FMaterialParameterSet,FMaterialShaderBinding,FMaterialResourceRequirement,FShaderLibrary,FShaderPermutation,FMaterialDiagnostics}.h",Source/Renderer/Private/FMaterial*.cpp; Source/Renderer/Private/FShader*.cpp,Tests/RendererMaterialShaderTests.cpp; Tests/Main.cpp,.github/workflows/ci.yml; Build/*/Tests/StonerTest,FeatureMapped,"Feature-level evidence seed for material, shader record, permutation, binding, diagnostics, and resource requirement behavior."
014-FR-021,014,FR,FR-021,System MUST support clearing or invalidating material and shader records so stale objects cannot be accidentally treated as valid.,specs/014-material-shader-system/spec.md:128,"Source/Renderer/Public/Renderer/{FMaterial,FMaterialInstance,FMaterialParameterSet,FMaterialShaderBinding,FMaterialResourceRequirement,FShaderLibrary,FShaderPermutation,FMaterialDiagnostics}.h",Source/Renderer/Private/FMaterial*.cpp; Source/Renderer/Private/FShader*.cpp,Tests/RendererMaterialShaderTests.cpp; Tests/Main.cpp,.github/workflows/ci.yml; Build/*/Tests/StonerTest,FeatureMapped,"Feature-level evidence seed for material, shader record, permutation, binding, diagnostics, and resource requirement behavior."
014-FR-022,014,FR,FR-022,"System MUST include tests for valid material definitions, invalid combinations, instance inheritance, inheritance cycles, override failures, shader variant selection, missing variants, unknown permutation flags, render graph resource declarations, deterministic text dumps, and reset/invalidation behavior.",specs/014-material-shader-system/spec.md:129,"Source/Renderer/Public/Renderer/{FMaterial,FMaterialInstance,FMaterialParameterSet,FMaterialShaderBinding,FMaterialResourceRequirement,FShaderLibrary,FShaderPermutation,FMaterialDiagnostics}.h",Source/Renderer/Private/FMaterial*.cpp; Source/Renderer/Private/FShader*.cpp,Tests/RendererMaterialShaderTests.cpp; Tests/Main.cpp,.github/workflows/ci.yml; Build/*/Tests/StonerTest,FeatureMapped,"Feature-level evidence seed for material, shader record, permutation, binding, diagnostics, and resource requirement behavior."
014-SC-001,014,SC,SC-001,Developers can define and validate at least 8 representative materials covering all supported domains and blend behaviors in the project test workflow.,specs/014-material-shader-system/spec.md:146,"Source/Renderer/Public/Renderer/{FMaterial,FMaterialInstance,FMaterialParameterSet,FMaterialShaderBinding,FMaterialResourceRequirement,FShaderLibrary,FShaderPermutation,FMaterialDiagnostics}.h",Source/Renderer/Private/FMaterial*.cpp; Source/Renderer/Private/FShader*.cpp,Tests/RendererMaterialShaderTests.cpp; Tests/Main.cpp,.github/workflows/ci.yml; Build/*/Tests/StonerTest,FeatureMapped,"Feature-level evidence seed for material, shader record, permutation, binding, diagnostics, and resource requirement behavior."
014-SC-002,014,SC,SC-002,"At least 95% of invalid material, instance, or shader selection cases in the test suite produce diagnostics that identify the failing material or shader request.",specs/014-material-shader-system/spec.md:147,"Source/Renderer/Public/Renderer/{FMaterial,FMaterialInstance,FMaterialParameterSet,FMaterialShaderBinding,FMaterialResourceRequirement,FShaderLibrary,FShaderPermutation,FMaterialDiagnostics}.h",Source/Renderer/Private/FMaterial*.cpp; Source/Renderer/Private/FShader*.cpp,Tests/RendererMaterialShaderTests.cpp; Tests/Main.cpp,.github/workflows/ci.yml; Build/*/Tests/StonerTest,FeatureMapped,"Feature-level evidence seed for material, shader record, permutation, binding, diagnostics, and resource requirement behavior."
014-SC-003,014,SC,SC-003,Equivalent shader permutation requests produce identical selected variant identities across at least 20 repeated resolutions.,specs/014-material-shader-system/spec.md:148,"Source/Renderer/Public/Renderer/{FMaterial,FMaterialInstance,FMaterialParameterSet,FMaterialShaderBinding,FMaterialResourceRequirement,FShaderLibrary,FShaderPermutation,FMaterialDiagnostics}.h",Source/Renderer/Private/FMaterial*.cpp; Source/Renderer/Private/FShader*.cpp,Tests/RendererMaterialShaderTests.cpp; Tests/Main.cpp,.github/workflows/ci.yml; Build/*/Tests/StonerTest,FeatureMapped,"Feature-level evidence seed for material, shader record, permutation, binding, diagnostics, and resource requirement behavior."
014-SC-004,014,SC,SC-004,"A representative material instance set with at least 5 parent materials, 10 instances, 4 parameter types, and 3 shader permutations can be validated, inspected, and resource-summarized in under 60 seconds through the project verification workflow.",specs/014-material-shader-system/spec.md:149,"Source/Renderer/Public/Renderer/{FMaterial,FMaterialInstance,FMaterialParameterSet,FMaterialShaderBinding,FMaterialResourceRequirement,FShaderLibrary,FShaderPermutation,FMaterialDiagnostics}.h",Source/Renderer/Private/FMaterial*.cpp; Source/Renderer/Private/FShader*.cpp,Tests/RendererMaterialShaderTests.cpp; Tests/Main.cpp,.github/workflows/ci.yml; Build/*/Tests/StonerTest,FeatureMapped,"Feature-level evidence seed for material, shader record, permutation, binding, diagnostics, and resource requirement behavior."
014-SC-005,014,SC,SC-005,Material resource requirement summaries can be used to declare a render graph pass in a headless test without requiring visible presentation.,specs/014-material-shader-system/spec.md:150,"Source/Renderer/Public/Renderer/{FMaterial,FMaterialInstance,FMaterialParameterSet,FMaterialShaderBinding,FMaterialResourceRequirement,FShaderLibrary,FShaderPermutation,FMaterialDiagnostics}.h",Source/Renderer/Private/FMaterial*.cpp; Source/Renderer/Private/FShader*.cpp,Tests/RendererMaterialShaderTests.cpp; Tests/Main.cpp,.github/workflows/ci.yml; Build/*/Tests/StonerTest,FeatureMapped,"Feature-level evidence seed for material, shader record, permutation, binding, diagnostics, and resource requirement behavior."
014-SC-006,014,SC,SC-006,Repeated text dump inspection of the same material library produces byte-identical output across at least 20 runs.,specs/014-material-shader-system/spec.md:151,"Source/Renderer/Public/Renderer/{FMaterial,FMaterialInstance,FMaterialParameterSet,FMaterialShaderBinding,FMaterialResourceRequirement,FShaderLibrary,FShaderPermutation,FMaterialDiagnostics}.h",Source/Renderer/Private/FMaterial*.cpp; Source/Renderer/Private/FShader*.cpp,Tests/RendererMaterialShaderTests.cpp; Tests/Main.cpp,.github/workflows/ci.yml; Build/*/Tests/StonerTest,FeatureMapped,"Feature-level evidence seed for material, shader record, permutation, binding, diagnostics, and resource requirement behavior."
015-FR-001,015,FR,FR-001,"System MUST prepare a deterministic forward frame plan and render graph-compatible pass/resource declarations for a view, output target, scene draw inputs, material bindings, and light inputs.",specs/015-forward-rendering-pipeline/spec.md:91,Source/Renderer/Public/Renderer/FForward*.h; Source/Renderer/Public/Renderer/FMeshDrawCommand.h,Source/Renderer/Private/FForward*.cpp; Source/Renderer/Private/FMeshDrawCommand.cpp,Tests/RendererForwardPipelineTests.cpp; Tests/Main.cpp,.github/workflows/ci.yml; Build/*/Tests/StonerTest,FeatureMapped,"Feature-level evidence seed for forward planning, light selection, draw sorting, diagnostics, and render-graph declaration."
015-FR-002,015,FR,FR-002,System MUST include a depth preparation stage that runs before opaque geometry lighting whenever opaque geometry is present.,specs/015-forward-rendering-pipeline/spec.md:92,Source/Renderer/Public/Renderer/FForward*.h; Source/Renderer/Public/Renderer/FMeshDrawCommand.h,Source/Renderer/Private/FForward*.cpp; Source/Renderer/Private/FMeshDrawCommand.cpp,Tests/RendererForwardPipelineTests.cpp; Tests/Main.cpp,.github/workflows/ci.yml; Build/*/Tests/StonerTest,FeatureMapped,"Feature-level evidence seed for forward planning, light selection, draw sorting, diagnostics, and render-graph declaration."
015-FR-003,015,FR,FR-003,System MUST include an opaque geometry stage that accepts compatible opaque material bindings and rejects invalid or incomplete bindings with deterministic diagnostics.,specs/015-forward-rendering-pipeline/spec.md:93,Source/Renderer/Public/Renderer/FForward*.h; Source/Renderer/Public/Renderer/FMeshDrawCommand.h,Source/Renderer/Private/FForward*.cpp; Source/Renderer/Private/FMeshDrawCommand.cpp,Tests/RendererForwardPipelineTests.cpp; Tests/Main.cpp,.github/workflows/ci.yml; Build/*/Tests/StonerTest,FeatureMapped,"Feature-level evidence seed for forward planning, light selection, draw sorting, diagnostics, and render-graph declaration."
015-FR-004,015,FR,FR-004,"System MUST support a full PBR-style metallic-roughness material input set for opaque surfaces, including base color, metallic, roughness, normal-related inputs, occlusion, emissive, alpha, and extension slots.",specs/015-forward-rendering-pipeline/spec.md:94,Source/Renderer/Public/Renderer/FForward*.h; Source/Renderer/Public/Renderer/FMeshDrawCommand.h,Source/Renderer/Private/FForward*.cpp; Source/Renderer/Private/FMeshDrawCommand.cpp,Tests/RendererForwardPipelineTests.cpp; Tests/Main.cpp,.github/workflows/ci.yml; Build/*/Tests/StonerTest,FeatureMapped,"Feature-level evidence seed for forward planning, light selection, draw sorting, diagnostics, and render-graph declaration."
015-FR-005,015,FR,FR-005,System MUST support exactly one primary directional light contribution per frame and report a clear diagnostic when more than one candidate is submitted.,specs/015-forward-rendering-pipeline/spec.md:95,Source/Renderer/Public/Renderer/FForward*.h; Source/Renderer/Public/Renderer/FMeshDrawCommand.h,Source/Renderer/Private/FForward*.cpp; Source/Renderer/Private/FMeshDrawCommand.cpp,Tests/RendererForwardPipelineTests.cpp; Tests/Main.cpp,.github/workflows/ci.yml; Build/*/Tests/StonerTest,FeatureMapped,"Feature-level evidence seed for forward planning, light selection, draw sorting, diagnostics, and render-graph declaration."
015-FR-006,015,FR,FR-006,"System MUST support a configurable point light contribution limit with a default value of 4 lights per frame, and when submitted lights exceed the configured limit, the system MUST sort lights by deterministic influence such as distance and effectiveness before accepting the front N lights.",specs/015-forward-rendering-pipeline/spec.md:96,Source/Renderer/Public/Renderer/FForward*.h; Source/Renderer/Public/Renderer/FMeshDrawCommand.h,Source/Renderer/Private/FForward*.cpp; Source/Renderer/Private/FMeshDrawCommand.cpp,Tests/RendererForwardPipelineTests.cpp; Tests/Main.cpp,.github/workflows/ci.yml; Build/*/Tests/StonerTest,FeatureMapped,"Feature-level evidence seed for forward planning, light selection, draw sorting, diagnostics, and render-graph declaration."
015-FR-007,015,FR,FR-007,"System MUST prepare validated view data for each frame, including camera transform, view-projection information, viewport dimensions, and camera position.",specs/015-forward-rendering-pipeline/spec.md:97,Source/Renderer/Public/Renderer/FForward*.h; Source/Renderer/Public/Renderer/FMeshDrawCommand.h,Source/Renderer/Private/FForward*.cpp; Source/Renderer/Private/FMeshDrawCommand.cpp,Tests/RendererForwardPipelineTests.cpp; Tests/Main.cpp,.github/workflows/ci.yml; Build/*/Tests/StonerTest,FeatureMapped,"Feature-level evidence seed for forward planning, light selection, draw sorting, diagnostics, and render-graph declaration."
015-FR-008,015,FR,FR-008,"System MUST prepare validated light data for each frame, including stable influence ordering and validation of color, intensity, range, position, and direction fields as applicable.",specs/015-forward-rendering-pipeline/spec.md:98,Source/Renderer/Public/Renderer/FForward*.h; Source/Renderer/Public/Renderer/FMeshDrawCommand.h,Source/Renderer/Private/FForward*.cpp; Source/Renderer/Private/FMeshDrawCommand.cpp,Tests/RendererForwardPipelineTests.cpp; Tests/Main.cpp,.github/workflows/ci.yml; Build/*/Tests/StonerTest,FeatureMapped,"Feature-level evidence seed for forward planning, light selection, draw sorting, diagnostics, and render-graph declaration."
015-FR-009,015,FR,FR-009,System MUST support an environment background stage that can render a simple sky contribution when configured and otherwise falls back to a deterministic clear/background behavior.,specs/015-forward-rendering-pipeline/spec.md:99,Source/Renderer/Public/Renderer/FForward*.h; Source/Renderer/Public/Renderer/FMeshDrawCommand.h,Source/Renderer/Private/FForward*.cpp; Source/Renderer/Private/FMeshDrawCommand.cpp,Tests/RendererForwardPipelineTests.cpp; Tests/Main.cpp,.github/workflows/ci.yml; Build/*/Tests/StonerTest,FeatureMapped,"Feature-level evidence seed for forward planning, light selection, draw sorting, diagnostics, and render-graph declaration."
015-FR-010,015,FR,FR-010,System MUST support a transparent geometry stage for compatible transparent materials after opaque geometry and environment background preparation.,specs/015-forward-rendering-pipeline/spec.md:100,Source/Renderer/Public/Renderer/FForward*.h; Source/Renderer/Public/Renderer/FMeshDrawCommand.h,Source/Renderer/Private/FForward*.cpp; Source/Renderer/Private/FMeshDrawCommand.cpp,Tests/RendererForwardPipelineTests.cpp; Tests/Main.cpp,.github/workflows/ci.yml; Build/*/Tests/StonerTest,FeatureMapped,"Feature-level evidence seed for forward planning, light selection, draw sorting, diagnostics, and render-graph declaration."
015-FR-011,015,FR,FR-011,"System MUST sort transparent draw descriptions by camera-space depth from farthest to nearest for the active view, then by stable material id and stable object id for ties.",specs/015-forward-rendering-pipeline/spec.md:101,Source/Renderer/Public/Renderer/FForward*.h; Source/Renderer/Public/Renderer/FMeshDrawCommand.h,Source/Renderer/Private/FForward*.cpp; Source/Renderer/Private/FMeshDrawCommand.cpp,Tests/RendererForwardPipelineTests.cpp; Tests/Main.cpp,.github/workflows/ci.yml; Build/*/Tests/StonerTest,FeatureMapped,"Feature-level evidence seed for forward planning, light selection, draw sorting, diagnostics, and render-graph declaration."
015-FR-012,015,FR,FR-012,System MUST produce reusable draw descriptions for mesh/material/view combinations so repeated frame preparation can demonstrate stable draw identity and ordering.,specs/015-forward-rendering-pipeline/spec.md:102,Source/Renderer/Public/Renderer/FForward*.h; Source/Renderer/Public/Renderer/FMeshDrawCommand.h,Source/Renderer/Private/FForward*.cpp; Source/Renderer/Private/FMeshDrawCommand.cpp,Tests/RendererForwardPipelineTests.cpp; Tests/Main.cpp,.github/workflows/ci.yml; Build/*/Tests/StonerTest,FeatureMapped,"Feature-level evidence seed for forward planning, light selection, draw sorting, diagnostics, and render-graph declaration."
015-FR-013,015,FR,FR-013,System MUST integrate material resource requirements into frame resource declarations without exposing backend-specific resource handles at the Renderer feature boundary.,specs/015-forward-rendering-pipeline/spec.md:103,Source/Renderer/Public/Renderer/FForward*.h; Source/Renderer/Public/Renderer/FMeshDrawCommand.h,Source/Renderer/Private/FForward*.cpp; Source/Renderer/Private/FMeshDrawCommand.cpp,Tests/RendererForwardPipelineTests.cpp; Tests/Main.cpp,.github/workflows/ci.yml; Build/*/Tests/StonerTest,FeatureMapped,"Feature-level evidence seed for forward planning, light selection, draw sorting, diagnostics, and render-graph declaration."
015-FR-014,015,FR,FR-014,"System MUST provide deterministic diagnostics for invalid view data, invalid output targets, unsupported material domains or blends, missing shader/material bindings, incomplete PBR surface inputs, excessive lights, and incompatible transparent objects.",specs/015-forward-rendering-pipeline/spec.md:104,Source/Renderer/Public/Renderer/FForward*.h; Source/Renderer/Public/Renderer/FMeshDrawCommand.h,Source/Renderer/Private/FForward*.cpp; Source/Renderer/Private/FMeshDrawCommand.cpp,Tests/RendererForwardPipelineTests.cpp; Tests/Main.cpp,.github/workflows/ci.yml; Build/*/Tests/StonerTest,FeatureMapped,"Feature-level evidence seed for forward planning, light selection, draw sorting, diagnostics, and render-graph declaration."
015-FR-015,015,FR,FR-015,"System MUST provide a human-readable frame debug dump that includes accepted passes, rejected items, draw counts, light counts, resource requirements, and ordering decisions.",specs/015-forward-rendering-pipeline/spec.md:105,Source/Renderer/Public/Renderer/FForward*.h; Source/Renderer/Public/Renderer/FMeshDrawCommand.h,Source/Renderer/Private/FForward*.cpp; Source/Renderer/Private/FMeshDrawCommand.cpp,Tests/RendererForwardPipelineTests.cpp; Tests/Main.cpp,.github/workflows/ci.yml; Build/*/Tests/StonerTest,FeatureMapped,"Feature-level evidence seed for forward planning, light selection, draw sorting, diagnostics, and render-graph declaration."
015-FR-016,015,FR,FR-016,System MUST allow the forward frame plan to be tested without requiring a real display window or user input system.,specs/015-forward-rendering-pipeline/spec.md:106,Source/Renderer/Public/Renderer/FForward*.h; Source/Renderer/Public/Renderer/FMeshDrawCommand.h,Source/Renderer/Private/FForward*.cpp; Source/Renderer/Private/FMeshDrawCommand.cpp,Tests/RendererForwardPipelineTests.cpp; Tests/Main.cpp,.github/workflows/ci.yml; Build/*/Tests/StonerTest,FeatureMapped,"Feature-level evidence seed for forward planning, light selection, draw sorting, diagnostics, and render-graph declaration."
015-FR-017,015,FR,FR-017,System MUST preserve deterministic behavior across repeated preparation of equivalent frame inputs.,specs/015-forward-rendering-pipeline/spec.md:107,Source/Renderer/Public/Renderer/FForward*.h; Source/Renderer/Public/Renderer/FMeshDrawCommand.h,Source/Renderer/Private/FForward*.cpp; Source/Renderer/Private/FMeshDrawCommand.cpp,Tests/RendererForwardPipelineTests.cpp; Tests/Main.cpp,.github/workflows/ci.yml; Build/*/Tests/StonerTest,FeatureMapped,"Feature-level evidence seed for forward planning, light selection, draw sorting, diagnostics, and render-graph declaration."
015-FR-018,015,FR,FR-018,System MUST allow frames with geometry but no accepted lights to prepare with a constant ambient-only fallback and a deterministic diagnostic.,specs/015-forward-rendering-pipeline/spec.md:108,Source/Renderer/Public/Renderer/FForward*.h; Source/Renderer/Public/Renderer/FMeshDrawCommand.h,Source/Renderer/Private/FForward*.cpp; Source/Renderer/Private/FMeshDrawCommand.cpp,Tests/RendererForwardPipelineTests.cpp; Tests/Main.cpp,.github/workflows/ci.yml; Build/*/Tests/StonerTest,FeatureMapped,"Feature-level evidence seed for forward planning, light selection, draw sorting, diagnostics, and render-graph declaration."
015-FR-019,015,FR,FR-019,"System MUST exclude real GPU execution, presentation to a window or swapchain, shadow mapping, post-processing, deferred rendering, and application-level scene ownership from this feature.",specs/015-forward-rendering-pipeline/spec.md:109,Source/Renderer/Public/Renderer/FForward*.h; Source/Renderer/Public/Renderer/FMeshDrawCommand.h,Source/Renderer/Private/FForward*.cpp; Source/Renderer/Private/FMeshDrawCommand.cpp,Tests/RendererForwardPipelineTests.cpp; Tests/Main.cpp,.github/workflows/ci.yml; Build/*/Tests/StonerTest,FeatureMapped,"Feature-level evidence seed for forward planning, light selection, draw sorting, diagnostics, and render-graph declaration."
015-SC-001,015,SC,SC-001,"A representative scene with one camera, one directional light, at least four opaque objects, and two transparent objects can be prepared into a complete forward frame plan in under 1 second on a development machine.",specs/015-forward-rendering-pipeline/spec.md:125,Source/Renderer/Public/Renderer/FForward*.h; Source/Renderer/Public/Renderer/FMeshDrawCommand.h,Source/Renderer/Private/FForward*.cpp; Source/Renderer/Private/FMeshDrawCommand.cpp,Tests/RendererForwardPipelineTests.cpp; Tests/Main.cpp,.github/workflows/ci.yml; Build/*/Tests/StonerTest,FeatureMapped,"Feature-level evidence seed for forward planning, light selection, draw sorting, diagnostics, and render-graph declaration."
015-SC-002,015,SC,SC-002,"Repeating frame preparation 20 times with identical inputs produces identical pass order, draw order, diagnostics, and debug dump output in 100% of runs.",specs/015-forward-rendering-pipeline/spec.md:126,Source/Renderer/Public/Renderer/FForward*.h; Source/Renderer/Public/Renderer/FMeshDrawCommand.h,Source/Renderer/Private/FForward*.cpp; Source/Renderer/Private/FMeshDrawCommand.cpp,Tests/RendererForwardPipelineTests.cpp; Tests/Main.cpp,.github/workflows/ci.yml; Build/*/Tests/StonerTest,FeatureMapped,"Feature-level evidence seed for forward planning, light selection, draw sorting, diagnostics, and render-graph declaration."
015-SC-003,015,SC,SC-003,"The system reports actionable diagnostics for at least 10 distinct invalid input cases, including invalid view data, missing material binding, incomplete PBR surface inputs, incompatible transparency, excessive point lights, and missing output target.",specs/015-forward-rendering-pipeline/spec.md:127,Source/Renderer/Public/Renderer/FForward*.h; Source/Renderer/Public/Renderer/FMeshDrawCommand.h,Source/Renderer/Private/FForward*.cpp; Source/Renderer/Private/FMeshDrawCommand.cpp,Tests/RendererForwardPipelineTests.cpp; Tests/Main.cpp,.github/workflows/ci.yml; Build/*/Tests/StonerTest,FeatureMapped,"Feature-level evidence seed for forward planning, light selection, draw sorting, diagnostics, and render-graph declaration."
015-SC-004,015,SC,SC-004,"A frame containing more point lights than the configured limit still prepares successfully when at least one valid light and one valid draw remain, defaults to accepting 4 point lights unless configured otherwise, and reports exactly how many lights were accepted and rejected.",specs/015-forward-rendering-pipeline/spec.md:128,Source/Renderer/Public/Renderer/FForward*.h; Source/Renderer/Public/Renderer/FMeshDrawCommand.h,Source/Renderer/Private/FForward*.cpp; Source/Renderer/Private/FMeshDrawCommand.cpp,Tests/RendererForwardPipelineTests.cpp; Tests/Main.cpp,.github/workflows/ci.yml; Build/*/Tests/StonerTest,FeatureMapped,"Feature-level evidence seed for forward planning, light selection, draw sorting, diagnostics, and render-graph declaration."
015-SC-005,015,SC,SC-005,"Transparent objects with distinct camera-space depths are ordered back-to-front correctly in 100% of tested representative cases, and equal-depth ties remain deterministic by material id and object id.",specs/015-forward-rendering-pipeline/spec.md:129,Source/Renderer/Public/Renderer/FForward*.h; Source/Renderer/Public/Renderer/FMeshDrawCommand.h,Source/Renderer/Private/FForward*.cpp; Source/Renderer/Private/FMeshDrawCommand.cpp,Tests/RendererForwardPipelineTests.cpp; Tests/Main.cpp,.github/workflows/ci.yml; Build/*/Tests/StonerTest,FeatureMapped,"Feature-level evidence seed for forward planning, light selection, draw sorting, diagnostics, and render-graph declaration."
015-SC-006,015,SC,SC-006,"Frame preparation and render graph-compatible declaration output can be verified in automated tests without real GPU execution, opening a window, or requiring interactive input.",specs/015-forward-rendering-pipeline/spec.md:130,Source/Renderer/Public/Renderer/FForward*.h; Source/Renderer/Public/Renderer/FMeshDrawCommand.h,Source/Renderer/Private/FForward*.cpp; Source/Renderer/Private/FMeshDrawCommand.cpp,Tests/RendererForwardPipelineTests.cpp; Tests/Main.cpp,.github/workflows/ci.yml; Build/*/Tests/StonerTest,FeatureMapped,"Feature-level evidence seed for forward planning, light selection, draw sorting, diagnostics, and render-graph declaration."
015-SC-007,015,SC,SC-007,A frame with valid geometry and no accepted lights prepares successfully with exactly one ambient-only fallback diagnostic in 100% of tested representative cases.,specs/015-forward-rendering-pipeline/spec.md:131,Source/Renderer/Public/Renderer/FForward*.h; Source/Renderer/Public/Renderer/FMeshDrawCommand.h,Source/Renderer/Private/FForward*.cpp; Source/Renderer/Private/FMeshDrawCommand.cpp,Tests/RendererForwardPipelineTests.cpp; Tests/Main.cpp,.github/workflows/ci.yml; Build/*/Tests/StonerTest,FeatureMapped,"Feature-level evidence seed for forward planning, light selection, draw sorting, diagnostics, and render-graph declaration."
015-SC-008,015,SC,SC-008,Renderer boundary validation confirms this feature introduces no direct graphics API calls or backend-specific resource handles into the Renderer-level public contract.,specs/015-forward-rendering-pipeline/spec.md:132,Source/Renderer/Public/Renderer/FForward*.h; Source/Renderer/Public/Renderer/FMeshDrawCommand.h,Source/Renderer/Private/FForward*.cpp; Source/Renderer/Private/FMeshDrawCommand.cpp,Tests/RendererForwardPipelineTests.cpp; Tests/Main.cpp,.github/workflows/ci.yml; Build/*/Tests/StonerTest,FeatureMapped,"Feature-level evidence seed for forward planning, light selection, draw sorting, diagnostics, and render-graph declaration."
016-FR-001,016,FR,FR-001,"System MUST allow an application developer to create one primary application window from a configuration containing title, client size, display mode, and initial visibility.",specs/016-window-input-system/spec.md:110,"Source/Application/Public/Application/{FWindow,FWindowDesc,FWindowEvent,FInputEvent,FInputManager,FInputState,EKey,EMouseButton,FApplicationLoop,FApplicationDiagnostics}.h","Source/Application/Private/{FWindow,FGlfwWindowDriver,FHeadlessWindowDriver,FInputEvent,FInputManager,FInputState,FApplicationLoop,FApplicationDiagnostics}.cpp",Tests/ApplicationWindowInputTests.cpp; Tests/Main.cpp,.github/workflows/ci.yml; Build/*/Tests/StonerTest,FeatureMapped,"Feature-level evidence seed for window lifecycle, input events/states, headless driver, GLFW mapping, and loop semantics."
016-FR-002,016,FR,FR-002,System MUST validate window creation requests and reject invalid configurations with an actionable diagnostic and no partially active window; v1 MUST define a stable default safe maximum client size of 16384x16384 pixels and treat dimensions above that limit as invalid unless a later feature explicitly revises the bound.,specs/016-window-input-system/spec.md:111,"Source/Application/Public/Application/{FWindow,FWindowDesc,FWindowEvent,FInputEvent,FInputManager,FInputState,EKey,EMouseButton,FApplicationLoop,FApplicationDiagnostics}.h","Source/Application/Private/{FWindow,FGlfwWindowDriver,FHeadlessWindowDriver,FInputEvent,FInputManager,FInputState,FApplicationLoop,FApplicationDiagnostics}.cpp",Tests/ApplicationWindowInputTests.cpp; Tests/Main.cpp,.github/workflows/ci.yml; Build/*/Tests/StonerTest,FeatureMapped,"Feature-level evidence seed for window lifecycle, input events/states, headless driver, GLFW mapping, and loop semantics."
016-FR-003,016,FR,FR-003,"System MUST expose window lifecycle states including uncreated, active, close requested, and destroyed.",specs/016-window-input-system/spec.md:112,"Source/Application/Public/Application/{FWindow,FWindowDesc,FWindowEvent,FInputEvent,FInputManager,FInputState,EKey,EMouseButton,FApplicationLoop,FApplicationDiagnostics}.h","Source/Application/Private/{FWindow,FGlfwWindowDriver,FHeadlessWindowDriver,FInputEvent,FInputManager,FInputState,FApplicationLoop,FApplicationDiagnostics}.cpp",Tests/ApplicationWindowInputTests.cpp; Tests/Main.cpp,.github/workflows/ci.yml; Build/*/Tests/StonerTest,FeatureMapped,"Feature-level evidence seed for window lifecycle, input events/states, headless driver, GLFW mapping, and loop semantics."
016-FR-004,016,FR,FR-004,System MUST allow the application to request window close and to observe user-requested close without forcing immediate teardown.,specs/016-window-input-system/spec.md:113,"Source/Application/Public/Application/{FWindow,FWindowDesc,FWindowEvent,FInputEvent,FInputManager,FInputState,EKey,EMouseButton,FApplicationLoop,FApplicationDiagnostics}.h","Source/Application/Private/{FWindow,FGlfwWindowDriver,FHeadlessWindowDriver,FInputEvent,FInputManager,FInputState,FApplicationLoop,FApplicationDiagnostics}.cpp",Tests/ApplicationWindowInputTests.cpp; Tests/Main.cpp,.github/workflows/ci.yml; Build/*/Tests/StonerTest,FeatureMapped,"Feature-level evidence seed for window lifecycle, input events/states, headless driver, GLFW mapping, and loop semantics."
016-FR-005,016,FR,FR-005,"System MUST support resize observation, including the latest client width and height and whether the window is minimized or temporarily has no drawable area.",specs/016-window-input-system/spec.md:114,"Source/Application/Public/Application/{FWindow,FWindowDesc,FWindowEvent,FInputEvent,FInputManager,FInputState,EKey,EMouseButton,FApplicationLoop,FApplicationDiagnostics}.h","Source/Application/Private/{FWindow,FGlfwWindowDriver,FHeadlessWindowDriver,FInputEvent,FInputManager,FInputState,FApplicationLoop,FApplicationDiagnostics}.cpp",Tests/ApplicationWindowInputTests.cpp; Tests/Main.cpp,.github/workflows/ci.yml; Build/*/Tests/StonerTest,FeatureMapped,"Feature-level evidence seed for window lifecycle, input events/states, headless driver, GLFW mapping, and loop semantics."
016-FR-006,016,FR,FR-006,"System MUST support switching the primary window between windowed and fullscreen-style presentation modes when the runtime environment allows it, including an observable successful transition path in deterministic headless validation.",specs/016-window-input-system/spec.md:115,"Source/Application/Public/Application/{FWindow,FWindowDesc,FWindowEvent,FInputEvent,FInputManager,FInputState,EKey,EMouseButton,FApplicationLoop,FApplicationDiagnostics}.h","Source/Application/Private/{FWindow,FGlfwWindowDriver,FHeadlessWindowDriver,FInputEvent,FInputManager,FInputState,FApplicationLoop,FApplicationDiagnostics}.cpp",Tests/ApplicationWindowInputTests.cpp; Tests/Main.cpp,.github/workflows/ci.yml; Build/*/Tests/StonerTest,FeatureMapped,"Feature-level evidence seed for window lifecycle, input events/states, headless driver, GLFW mapping, and loop semantics."
016-FR-007,016,FR,FR-007,System MUST report display-mode failures without losing the previous valid window state.,specs/016-window-input-system/spec.md:116,"Source/Application/Public/Application/{FWindow,FWindowDesc,FWindowEvent,FInputEvent,FInputManager,FInputState,EKey,EMouseButton,FApplicationLoop,FApplicationDiagnostics}.h","Source/Application/Private/{FWindow,FGlfwWindowDriver,FHeadlessWindowDriver,FInputEvent,FInputManager,FInputState,FApplicationLoop,FApplicationDiagnostics}.cpp",Tests/ApplicationWindowInputTests.cpp; Tests/Main.cpp,.github/workflows/ci.yml; Build/*/Tests/StonerTest,FeatureMapped,"Feature-level evidence seed for window lifecycle, input events/states, headless driver, GLFW mapping, and loop semantics."
016-FR-008,016,FR,FR-008,"System MUST provide a per-frame input snapshot for keyboard keys, mouse buttons, pointer position, and pointer delta.",specs/016-window-input-system/spec.md:117,"Source/Application/Public/Application/{FWindow,FWindowDesc,FWindowEvent,FInputEvent,FInputManager,FInputState,EKey,EMouseButton,FApplicationLoop,FApplicationDiagnostics}.h","Source/Application/Private/{FWindow,FGlfwWindowDriver,FHeadlessWindowDriver,FInputEvent,FInputManager,FInputState,FApplicationLoop,FApplicationDiagnostics}.cpp",Tests/ApplicationWindowInputTests.cpp; Tests/Main.cpp,.github/workflows/ci.yml; Build/*/Tests/StonerTest,FeatureMapped,"Feature-level evidence seed for window lifecycle, input events/states, headless driver, GLFW mapping, and loop semantics."
016-FR-009,016,FR,FR-009,"System MUST distinguish pressed, released, and held states for supported keys and mouse buttons.",specs/016-window-input-system/spec.md:118,"Source/Application/Public/Application/{FWindow,FWindowDesc,FWindowEvent,FInputEvent,FInputManager,FInputState,EKey,EMouseButton,FApplicationLoop,FApplicationDiagnostics}.h","Source/Application/Private/{FWindow,FGlfwWindowDriver,FHeadlessWindowDriver,FInputEvent,FInputManager,FInputState,FApplicationLoop,FApplicationDiagnostics}.cpp",Tests/ApplicationWindowInputTests.cpp; Tests/Main.cpp,.github/workflows/ci.yml; Build/*/Tests/StonerTest,FeatureMapped,"Feature-level evidence seed for window lifecycle, input events/states, headless driver, GLFW mapping, and loop semantics."
016-FR-010,016,FR,FR-010,System MUST reset transient pressed and released states at frame boundaries while preserving held states until release or focus-loss handling.,specs/016-window-input-system/spec.md:119,"Source/Application/Public/Application/{FWindow,FWindowDesc,FWindowEvent,FInputEvent,FInputManager,FInputState,EKey,EMouseButton,FApplicationLoop,FApplicationDiagnostics}.h","Source/Application/Private/{FWindow,FGlfwWindowDriver,FHeadlessWindowDriver,FInputEvent,FInputManager,FInputState,FApplicationLoop,FApplicationDiagnostics}.cpp",Tests/ApplicationWindowInputTests.cpp; Tests/Main.cpp,.github/workflows/ci.yml; Build/*/Tests/StonerTest,FeatureMapped,"Feature-level evidence seed for window lifecycle, input events/states, headless driver, GLFW mapping, and loop semantics."
016-FR-011,016,FR,FR-011,"System MUST define a stable physical input vocabulary covering printable-key positions, navigation keys, function keys, modifier keys, common mouse buttons, and an unknown input value; text character input and keyboard layout translation MUST remain out of scope for v1.",specs/016-window-input-system/spec.md:120,"Source/Application/Public/Application/{FWindow,FWindowDesc,FWindowEvent,FInputEvent,FInputManager,FInputState,EKey,EMouseButton,FApplicationLoop,FApplicationDiagnostics}.h","Source/Application/Private/{FWindow,FGlfwWindowDriver,FHeadlessWindowDriver,FInputEvent,FInputManager,FInputState,FApplicationLoop,FApplicationDiagnostics}.cpp",Tests/ApplicationWindowInputTests.cpp; Tests/Main.cpp,.github/workflows/ci.yml; Build/*/Tests/StonerTest,FeatureMapped,"Feature-level evidence seed for window lifecycle, input events/states, headless driver, GLFW mapping, and loop semantics."
016-FR-012,016,FR,FR-012,"System MUST clear all held keyboard and mouse-button states immediately when the window loses focus, preventing stuck held inputs in subsequent frames.",specs/016-window-input-system/spec.md:121,"Source/Application/Public/Application/{FWindow,FWindowDesc,FWindowEvent,FInputEvent,FInputManager,FInputState,EKey,EMouseButton,FApplicationLoop,FApplicationDiagnostics}.h","Source/Application/Private/{FWindow,FGlfwWindowDriver,FHeadlessWindowDriver,FInputEvent,FInputManager,FInputState,FApplicationLoop,FApplicationDiagnostics}.cpp",Tests/ApplicationWindowInputTests.cpp; Tests/Main.cpp,.github/workflows/ci.yml; Build/*/Tests/StonerTest,FeatureMapped,"Feature-level evidence seed for window lifecycle, input events/states, headless driver, GLFW mapping, and loop semantics."
016-FR-013,016,FR,FR-013,System MUST deliver window and input events in deterministic frame order for a given event sequence.,specs/016-window-input-system/spec.md:122,"Source/Application/Public/Application/{FWindow,FWindowDesc,FWindowEvent,FInputEvent,FInputManager,FInputState,EKey,EMouseButton,FApplicationLoop,FApplicationDiagnostics}.h","Source/Application/Private/{FWindow,FGlfwWindowDriver,FHeadlessWindowDriver,FInputEvent,FInputManager,FInputState,FApplicationLoop,FApplicationDiagnostics}.cpp",Tests/ApplicationWindowInputTests.cpp; Tests/Main.cpp,.github/workflows/ci.yml; Build/*/Tests/StonerTest,FeatureMapped,"Feature-level evidence seed for window lifecycle, input events/states, headless driver, GLFW mapping, and loop semantics."
016-FR-014,016,FR,FR-014,"System MUST allow a minimal application loop to poll events, update input state, observe window state, and decide whether to continue or shut down.",specs/016-window-input-system/spec.md:123,"Source/Application/Public/Application/{FWindow,FWindowDesc,FWindowEvent,FInputEvent,FInputManager,FInputState,EKey,EMouseButton,FApplicationLoop,FApplicationDiagnostics}.h","Source/Application/Private/{FWindow,FGlfwWindowDriver,FHeadlessWindowDriver,FInputEvent,FInputManager,FInputState,FApplicationLoop,FApplicationDiagnostics}.cpp",Tests/ApplicationWindowInputTests.cpp; Tests/Main.cpp,.github/workflows/ci.yml; Build/*/Tests/StonerTest,FeatureMapped,"Feature-level evidence seed for window lifecycle, input events/states, headless driver, GLFW mapping, and loop semantics."
016-FR-015,016,FR,FR-015,System MUST expose resize and close information in a way that downstream rendering or presentation systems can consume without direct coupling.,specs/016-window-input-system/spec.md:124,"Source/Application/Public/Application/{FWindow,FWindowDesc,FWindowEvent,FInputEvent,FInputManager,FInputState,EKey,EMouseButton,FApplicationLoop,FApplicationDiagnostics}.h","Source/Application/Private/{FWindow,FGlfwWindowDriver,FHeadlessWindowDriver,FInputEvent,FInputManager,FInputState,FApplicationLoop,FApplicationDiagnostics}.cpp",Tests/ApplicationWindowInputTests.cpp; Tests/Main.cpp,.github/workflows/ci.yml; Build/*/Tests/StonerTest,FeatureMapped,"Feature-level evidence seed for window lifecycle, input events/states, headless driver, GLFW mapping, and loop semantics."
016-FR-016,016,FR,FR-016,"System MUST provide deterministic headless validation paths for environments where opening a real display-backed window is unavailable, and MUST support real-window smoke validation when display access is available.",specs/016-window-input-system/spec.md:125,"Source/Application/Public/Application/{FWindow,FWindowDesc,FWindowEvent,FInputEvent,FInputManager,FInputState,EKey,EMouseButton,FApplicationLoop,FApplicationDiagnostics}.h","Source/Application/Private/{FWindow,FGlfwWindowDriver,FHeadlessWindowDriver,FInputEvent,FInputManager,FInputState,FApplicationLoop,FApplicationDiagnostics}.cpp",Tests/ApplicationWindowInputTests.cpp; Tests/Main.cpp,.github/workflows/ci.yml; Build/*/Tests/StonerTest,FeatureMapped,"Feature-level evidence seed for window lifecycle, input events/states, headless driver, GLFW mapping, and loop semantics."
016-FR-017,016,FR,FR-017,"System MUST expose a presentation-paused state when the window is minimized or has zero drawable size, while allowing event polling and application updates to continue.",specs/016-window-input-system/spec.md:126,"Source/Application/Public/Application/{FWindow,FWindowDesc,FWindowEvent,FInputEvent,FInputManager,FInputState,EKey,EMouseButton,FApplicationLoop,FApplicationDiagnostics}.h","Source/Application/Private/{FWindow,FGlfwWindowDriver,FHeadlessWindowDriver,FInputEvent,FInputManager,FInputState,FApplicationLoop,FApplicationDiagnostics}.cpp",Tests/ApplicationWindowInputTests.cpp; Tests/Main.cpp,.github/workflows/ci.yml; Build/*/Tests/StonerTest,FeatureMapped,"Feature-level evidence seed for window lifecycle, input events/states, headless driver, GLFW mapping, and loop semantics."
016-FR-018,016,FR,FR-018,"System MUST keep v1 scope to a single primary window and keyboard/mouse input; multi-window, gamepad/controller input, text input composition, and debug UI integration MUST be excluded from this feature.",specs/016-window-input-system/spec.md:127,"Source/Application/Public/Application/{FWindow,FWindowDesc,FWindowEvent,FInputEvent,FInputManager,FInputState,EKey,EMouseButton,FApplicationLoop,FApplicationDiagnostics}.h","Source/Application/Private/{FWindow,FGlfwWindowDriver,FHeadlessWindowDriver,FInputEvent,FInputManager,FInputState,FApplicationLoop,FApplicationDiagnostics}.cpp",Tests/ApplicationWindowInputTests.cpp; Tests/Main.cpp,.github/workflows/ci.yml; Build/*/Tests/StonerTest,FeatureMapped,"Feature-level evidence seed for window lifecycle, input events/states, headless driver, GLFW mapping, and loop semantics."
016-SC-001,016,SC,SC-001,"A developer can create, observe, close, and destroy a primary window through the documented flow in under 10 minutes.",specs/016-window-input-system/spec.md:143,"Source/Application/Public/Application/{FWindow,FWindowDesc,FWindowEvent,FInputEvent,FInputManager,FInputState,EKey,EMouseButton,FApplicationLoop,FApplicationDiagnostics}.h","Source/Application/Private/{FWindow,FGlfwWindowDriver,FHeadlessWindowDriver,FInputEvent,FInputManager,FInputState,FApplicationLoop,FApplicationDiagnostics}.cpp",Tests/ApplicationWindowInputTests.cpp; Tests/Main.cpp,.github/workflows/ci.yml; Build/*/Tests/StonerTest,FeatureMapped,"Feature-level evidence seed for window lifecycle, input events/states, headless driver, GLFW mapping, and loop semantics."
016-SC-002,016,SC,SC-002,"100% of covered keyboard and mouse transition tests produce the expected pressed, held, released, pointer position, and pointer delta states.",specs/016-window-input-system/spec.md:144,"Source/Application/Public/Application/{FWindow,FWindowDesc,FWindowEvent,FInputEvent,FInputManager,FInputState,EKey,EMouseButton,FApplicationLoop,FApplicationDiagnostics}.h","Source/Application/Private/{FWindow,FGlfwWindowDriver,FHeadlessWindowDriver,FInputEvent,FInputManager,FInputState,FApplicationLoop,FApplicationDiagnostics}.cpp",Tests/ApplicationWindowInputTests.cpp; Tests/Main.cpp,.github/workflows/ci.yml; Build/*/Tests/StonerTest,FeatureMapped,"Feature-level evidence seed for window lifecycle, input events/states, headless driver, GLFW mapping, and loop semantics."
016-SC-003,016,SC,SC-003,Resize and close notifications become observable no later than the next event polling cycle in all covered scenarios.,specs/016-window-input-system/spec.md:145,"Source/Application/Public/Application/{FWindow,FWindowDesc,FWindowEvent,FInputEvent,FInputManager,FInputState,EKey,EMouseButton,FApplicationLoop,FApplicationDiagnostics}.h","Source/Application/Private/{FWindow,FGlfwWindowDriver,FHeadlessWindowDriver,FInputEvent,FInputManager,FInputState,FApplicationLoop,FApplicationDiagnostics}.cpp",Tests/ApplicationWindowInputTests.cpp; Tests/Main.cpp,.github/workflows/ci.yml; Build/*/Tests/StonerTest,FeatureMapped,"Feature-level evidence seed for window lifecycle, input events/states, headless driver, GLFW mapping, and loop semantics."
016-SC-004,016,SC,SC-004,"Invalid window configurations, unavailable display access, unsupported display-mode changes, and unknown input identifiers complete without crashes in all covered tests.",specs/016-window-input-system/spec.md:146,"Source/Application/Public/Application/{FWindow,FWindowDesc,FWindowEvent,FInputEvent,FInputManager,FInputState,EKey,EMouseButton,FApplicationLoop,FApplicationDiagnostics}.h","Source/Application/Private/{FWindow,FGlfwWindowDriver,FHeadlessWindowDriver,FInputEvent,FInputManager,FInputState,FApplicationLoop,FApplicationDiagnostics}.cpp",Tests/ApplicationWindowInputTests.cpp; Tests/Main.cpp,.github/workflows/ci.yml; Build/*/Tests/StonerTest,FeatureMapped,"Feature-level evidence seed for window lifecycle, input events/states, headless driver, GLFW mapping, and loop semantics."
016-SC-005,016,SC,SC-005,"A representative minimal application loop can run for at least 300 frames or until close request, whichever comes first, without lifecycle or input-state inconsistencies.",specs/016-window-input-system/spec.md:147,"Source/Application/Public/Application/{FWindow,FWindowDesc,FWindowEvent,FInputEvent,FInputManager,FInputState,EKey,EMouseButton,FApplicationLoop,FApplicationDiagnostics}.h","Source/Application/Private/{FWindow,FGlfwWindowDriver,FHeadlessWindowDriver,FInputEvent,FInputManager,FInputState,FApplicationLoop,FApplicationDiagnostics}.cpp",Tests/ApplicationWindowInputTests.cpp; Tests/Main.cpp,.github/workflows/ci.yml; Build/*/Tests/StonerTest,FeatureMapped,"Feature-level evidence seed for window lifecycle, input events/states, headless driver, GLFW mapping, and loop semantics."
016-SC-006,016,SC,SC-006,"The same feature behavior is verifiable on Windows, macOS, and Linux through deterministic headless validation, with a CI or equivalent platform matrix covering all three operating systems; real-window smoke validation passes when display access is available and no-display environments report a controlled unavailable-runtime result.",specs/016-window-input-system/spec.md:148,"Source/Application/Public/Application/{FWindow,FWindowDesc,FWindowEvent,FInputEvent,FInputManager,FInputState,EKey,EMouseButton,FApplicationLoop,FApplicationDiagnostics}.h","Source/Application/Private/{FWindow,FGlfwWindowDriver,FHeadlessWindowDriver,FInputEvent,FInputManager,FInputState,FApplicationLoop,FApplicationDiagnostics}.cpp",Tests/ApplicationWindowInputTests.cpp; Tests/Main.cpp,.github/workflows/ci.yml; Build/*/Tests/StonerTest,FeatureMapped,"Feature-level evidence seed for window lifecycle, input events/states, headless driver, GLFW mapping, and loop semantics."
017-FR-001,017,FR,FR-001,System MUST allow an application developer to create and reset a world that owns scene entities and their attached scene components.,specs/017-scene-graph-ecs/spec.md:128,"Source/Application/Public/Application/{FWorld,FEntity,FEntityHierarchy,FTransformComponent,FMeshComponent,FLightComponent,FCameraComponent,FRenderSystem,FSceneDiagnostics,FSceneRenderSummary}.h","Source/Application/Private/{FWorld,FEntity,FEntityHierarchy,FTransformComponent,FMeshComponent,FLightComponent,FCameraComponent,FRenderSystem,FSceneDiagnostics,FSceneRenderSummary}.cpp",Tests/ApplicationSceneEcsTests.cpp; Tests/Main.cpp,.github/workflows/ci.yml; Build/*/Tests/StonerTest,FeatureMapped,"Feature-level evidence seed for ECS handles, components, hierarchy, transforms, render collection, and scene diagnostics."
017-FR-002,017,FR,FR-002,System MUST create lightweight entity handles with identity and generation/version validation so destroyed slots may be reused without stale handles modifying unrelated new entities.,specs/017-scene-graph-ecs/spec.md:129,"Source/Application/Public/Application/{FWorld,FEntity,FEntityHierarchy,FTransformComponent,FMeshComponent,FLightComponent,FCameraComponent,FRenderSystem,FSceneDiagnostics,FSceneRenderSummary}.h","Source/Application/Private/{FWorld,FEntity,FEntityHierarchy,FTransformComponent,FMeshComponent,FLightComponent,FCameraComponent,FRenderSystem,FSceneDiagnostics,FSceneRenderSummary}.cpp",Tests/ApplicationSceneEcsTests.cpp; Tests/Main.cpp,.github/workflows/ci.yml; Build/*/Tests/StonerTest,FeatureMapped,"Feature-level evidence seed for ECS handles, components, hierarchy, transforms, render collection, and scene diagnostics."
017-FR-003,017,FR,FR-003,"System MUST allow entities to be destroyed safely; destroying an entity MUST recursively destroy all descendants, invalidate their handles, and remove attached components deterministically.",specs/017-scene-graph-ecs/spec.md:130,"Source/Application/Public/Application/{FWorld,FEntity,FEntityHierarchy,FTransformComponent,FMeshComponent,FLightComponent,FCameraComponent,FRenderSystem,FSceneDiagnostics,FSceneRenderSummary}.h","Source/Application/Private/{FWorld,FEntity,FEntityHierarchy,FTransformComponent,FMeshComponent,FLightComponent,FCameraComponent,FRenderSystem,FSceneDiagnostics,FSceneRenderSummary}.cpp",Tests/ApplicationSceneEcsTests.cpp; Tests/Main.cpp,.github/workflows/ci.yml; Build/*/Tests/StonerTest,FeatureMapped,"Feature-level evidence seed for ECS handles, components, hierarchy, transforms, render collection, and scene diagnostics."
017-FR-004,017,FR,FR-004,"System MUST support attaching, reading, explicitly updating, explicitly replacing, and removing transform, mesh, light, and camera components on live entities.",specs/017-scene-graph-ecs/spec.md:131,"Source/Application/Public/Application/{FWorld,FEntity,FEntityHierarchy,FTransformComponent,FMeshComponent,FLightComponent,FCameraComponent,FRenderSystem,FSceneDiagnostics,FSceneRenderSummary}.h","Source/Application/Private/{FWorld,FEntity,FEntityHierarchy,FTransformComponent,FMeshComponent,FLightComponent,FCameraComponent,FRenderSystem,FSceneDiagnostics,FSceneRenderSummary}.cpp",Tests/ApplicationSceneEcsTests.cpp; Tests/Main.cpp,.github/workflows/ci.yml; Build/*/Tests/StonerTest,FeatureMapped,"Feature-level evidence seed for ECS handles, components, hierarchy, transforms, render collection, and scene diagnostics."
017-FR-005,017,FR,FR-005,"System MUST reject duplicate component add requests for single-instance component types, preserve the existing component unchanged, and report invalid entity, missing component, duplicate component, invalid component data, and unsupported operation outcomes with stable result statuses or diagnostics.",specs/017-scene-graph-ecs/spec.md:132,"Source/Application/Public/Application/{FWorld,FEntity,FEntityHierarchy,FTransformComponent,FMeshComponent,FLightComponent,FCameraComponent,FRenderSystem,FSceneDiagnostics,FSceneRenderSummary}.h","Source/Application/Private/{FWorld,FEntity,FEntityHierarchy,FTransformComponent,FMeshComponent,FLightComponent,FCameraComponent,FRenderSystem,FSceneDiagnostics,FSceneRenderSummary}.cpp",Tests/ApplicationSceneEcsTests.cpp; Tests/Main.cpp,.github/workflows/ci.yml; Build/*/Tests/StonerTest,FeatureMapped,"Feature-level evidence seed for ECS handles, components, hierarchy, transforms, render collection, and scene diagnostics."
017-FR-006,017,FR,FR-006,System MUST support local transforms for entities and world transforms derived from parent-child relationships.,specs/017-scene-graph-ecs/spec.md:133,"Source/Application/Public/Application/{FWorld,FEntity,FEntityHierarchy,FTransformComponent,FMeshComponent,FLightComponent,FCameraComponent,FRenderSystem,FSceneDiagnostics,FSceneRenderSummary}.h","Source/Application/Private/{FWorld,FEntity,FEntityHierarchy,FTransformComponent,FMeshComponent,FLightComponent,FCameraComponent,FRenderSystem,FSceneDiagnostics,FSceneRenderSummary}.cpp",Tests/ApplicationSceneEcsTests.cpp; Tests/Main.cpp,.github/workflows/ci.yml; Build/*/Tests/StonerTest,FeatureMapped,"Feature-level evidence seed for ECS handles, components, hierarchy, transforms, render collection, and scene diagnostics."
017-FR-007,017,FR,FR-007,"System MUST allow entities to be parented, unparented, and reparented while preserving a deterministic hierarchy state; reparenting MUST preserve world transform by default and MUST provide an explicit option to preserve local transform instead. If exact preservation or propagation would require affine shear outside the editable TRS representation, the operation MUST return `InvalidHierarchyOperation` without hierarchy or transform mutation.",specs/017-scene-graph-ecs/spec.md:134,"Source/Application/Public/Application/{FWorld,FEntity,FEntityHierarchy,FTransformComponent,FMeshComponent,FLightComponent,FCameraComponent,FRenderSystem,FSceneDiagnostics,FSceneRenderSummary}.h","Source/Application/Private/{FWorld,FEntity,FEntityHierarchy,FTransformComponent,FMeshComponent,FLightComponent,FCameraComponent,FRenderSystem,FSceneDiagnostics,FSceneRenderSummary}.cpp",Tests/ApplicationSceneEcsTests.cpp; Tests/Main.cpp,.github/workflows/ci.yml; Build/*/Tests/StonerTest,FeatureMapped,"Feature-level evidence seed for ECS handles, components, hierarchy, transforms, render collection, and scene diagnostics."
017-FR-008,017,FR,FR-008,"System MUST reject hierarchy changes that would create cycles, self-parenting, or references to invalid parent or child entities.",specs/017-scene-graph-ecs/spec.md:135,"Source/Application/Public/Application/{FWorld,FEntity,FEntityHierarchy,FTransformComponent,FMeshComponent,FLightComponent,FCameraComponent,FRenderSystem,FSceneDiagnostics,FSceneRenderSummary}.h","Source/Application/Private/{FWorld,FEntity,FEntityHierarchy,FTransformComponent,FMeshComponent,FLightComponent,FCameraComponent,FRenderSystem,FSceneDiagnostics,FSceneRenderSummary}.cpp",Tests/ApplicationSceneEcsTests.cpp; Tests/Main.cpp,.github/workflows/ci.yml; Build/*/Tests/StonerTest,FeatureMapped,"Feature-level evidence seed for ECS handles, components, hierarchy, transforms, render collection, and scene diagnostics."
017-FR-009,017,FR,FR-009,"System MUST define deterministic transform propagation and subtree operation ordering as topological order: parents before children, roots in creation order, and siblings in insertion order, independent of the internal storage layout.",specs/017-scene-graph-ecs/spec.md:136,"Source/Application/Public/Application/{FWorld,FEntity,FEntityHierarchy,FTransformComponent,FMeshComponent,FLightComponent,FCameraComponent,FRenderSystem,FSceneDiagnostics,FSceneRenderSummary}.h","Source/Application/Private/{FWorld,FEntity,FEntityHierarchy,FTransformComponent,FMeshComponent,FLightComponent,FCameraComponent,FRenderSystem,FSceneDiagnostics,FSceneRenderSummary}.cpp",Tests/ApplicationSceneEcsTests.cpp; Tests/Main.cpp,.github/workflows/ci.yml; Build/*/Tests/StonerTest,FeatureMapped,"Feature-level evidence seed for ECS handles, components, hierarchy, transforms, render collection, and scene diagnostics."
017-FR-010,017,FR,FR-010,System MUST provide mesh scene data that can identify renderable objects without requiring ownership of live graphics resources.,specs/017-scene-graph-ecs/spec.md:137,"Source/Application/Public/Application/{FWorld,FEntity,FEntityHierarchy,FTransformComponent,FMeshComponent,FLightComponent,FCameraComponent,FRenderSystem,FSceneDiagnostics,FSceneRenderSummary}.h","Source/Application/Private/{FWorld,FEntity,FEntityHierarchy,FTransformComponent,FMeshComponent,FLightComponent,FCameraComponent,FRenderSystem,FSceneDiagnostics,FSceneRenderSummary}.cpp",Tests/ApplicationSceneEcsTests.cpp; Tests/Main.cpp,.github/workflows/ci.yml; Build/*/Tests/StonerTest,FeatureMapped,"Feature-level evidence seed for ECS handles, components, hierarchy, transforms, render collection, and scene diagnostics."
017-FR-011,017,FR,FR-011,"System MUST provide light scene data for directional and point-light style inputs, including color, intensity, and range where range is meaningful.",specs/017-scene-graph-ecs/spec.md:138,"Source/Application/Public/Application/{FWorld,FEntity,FEntityHierarchy,FTransformComponent,FMeshComponent,FLightComponent,FCameraComponent,FRenderSystem,FSceneDiagnostics,FSceneRenderSummary}.h","Source/Application/Private/{FWorld,FEntity,FEntityHierarchy,FTransformComponent,FMeshComponent,FLightComponent,FCameraComponent,FRenderSystem,FSceneDiagnostics,FSceneRenderSummary}.cpp",Tests/ApplicationSceneEcsTests.cpp; Tests/Main.cpp,.github/workflows/ci.yml; Build/*/Tests/StonerTest,FeatureMapped,"Feature-level evidence seed for ECS handles, components, hierarchy, transforms, render collection, and scene diagnostics."
017-FR-012,017,FR,FR-012,"System MUST provide camera scene data with projection intent, field-of-view or orthographic extent, near/far ranges, and active-camera identification.",specs/017-scene-graph-ecs/spec.md:139,"Source/Application/Public/Application/{FWorld,FEntity,FEntityHierarchy,FTransformComponent,FMeshComponent,FLightComponent,FCameraComponent,FRenderSystem,FSceneDiagnostics,FSceneRenderSummary}.h","Source/Application/Private/{FWorld,FEntity,FEntityHierarchy,FTransformComponent,FMeshComponent,FLightComponent,FCameraComponent,FRenderSystem,FSceneDiagnostics,FSceneRenderSummary}.cpp",Tests/ApplicationSceneEcsTests.cpp; Tests/Main.cpp,.github/workflows/ci.yml; Build/*/Tests/StonerTest,FeatureMapped,"Feature-level evidence seed for ECS handles, components, hierarchy, transforms, render collection, and scene diagnostics."
017-FR-013,017,FR,FR-013,"System MUST provide a render-collection flow that gathers renderable mesh instances, lights, and cameras into deterministic per-category summaries; within each category, items MUST be emitted in ascending entity identity order by slot index then generation, unless an explicit optional sort key applies, and entity identity MUST remain the final tie-breaker.",specs/017-scene-graph-ecs/spec.md:140,"Source/Application/Public/Application/{FWorld,FEntity,FEntityHierarchy,FTransformComponent,FMeshComponent,FLightComponent,FCameraComponent,FRenderSystem,FSceneDiagnostics,FSceneRenderSummary}.h","Source/Application/Private/{FWorld,FEntity,FEntityHierarchy,FTransformComponent,FMeshComponent,FLightComponent,FCameraComponent,FRenderSystem,FSceneDiagnostics,FSceneRenderSummary}.cpp",Tests/ApplicationSceneEcsTests.cpp; Tests/Main.cpp,.github/workflows/ci.yml; Build/*/Tests/StonerTest,FeatureMapped,"Feature-level evidence seed for ECS handles, components, hierarchy, transforms, render collection, and scene diagnostics."
017-FR-014,017,FR,FR-014,System MUST reject or omit incomplete renderable entities during render collection without preventing valid entities from being collected.,specs/017-scene-graph-ecs/spec.md:141,"Source/Application/Public/Application/{FWorld,FEntity,FEntityHierarchy,FTransformComponent,FMeshComponent,FLightComponent,FCameraComponent,FRenderSystem,FSceneDiagnostics,FSceneRenderSummary}.h","Source/Application/Private/{FWorld,FEntity,FEntityHierarchy,FTransformComponent,FMeshComponent,FLightComponent,FCameraComponent,FRenderSystem,FSceneDiagnostics,FSceneRenderSummary}.cpp",Tests/ApplicationSceneEcsTests.cpp; Tests/Main.cpp,.github/workflows/ci.yml; Build/*/Tests/StonerTest,FeatureMapped,"Feature-level evidence seed for ECS handles, components, hierarchy, transforms, render collection, and scene diagnostics."
017-FR-015,017,FR,FR-015,"System MUST keep Application scene ownership separate from Renderer frame planning, RHI resource ownership, and backend graphics API objects.",specs/017-scene-graph-ecs/spec.md:142,"Source/Application/Public/Application/{FWorld,FEntity,FEntityHierarchy,FTransformComponent,FMeshComponent,FLightComponent,FCameraComponent,FRenderSystem,FSceneDiagnostics,FSceneRenderSummary}.h","Source/Application/Private/{FWorld,FEntity,FEntityHierarchy,FTransformComponent,FMeshComponent,FLightComponent,FCameraComponent,FRenderSystem,FSceneDiagnostics,FSceneRenderSummary}.cpp",Tests/ApplicationSceneEcsTests.cpp; Tests/Main.cpp,.github/workflows/ci.yml; Build/*/Tests/StonerTest,FeatureMapped,"Feature-level evidence seed for ECS handles, components, hierarchy, transforms, render collection, and scene diagnostics."
017-FR-016,017,FR,FR-016,"System MUST include deterministic validation coverage for entity lifecycle, component operations, hierarchy transforms, invalid operation diagnostics, render collection, and stable ordering.",specs/017-scene-graph-ecs/spec.md:143,"Source/Application/Public/Application/{FWorld,FEntity,FEntityHierarchy,FTransformComponent,FMeshComponent,FLightComponent,FCameraComponent,FRenderSystem,FSceneDiagnostics,FSceneRenderSummary}.h","Source/Application/Private/{FWorld,FEntity,FEntityHierarchy,FTransformComponent,FMeshComponent,FLightComponent,FCameraComponent,FRenderSystem,FSceneDiagnostics,FSceneRenderSummary}.cpp",Tests/ApplicationSceneEcsTests.cpp; Tests/Main.cpp,.github/workflows/ci.yml; Build/*/Tests/StonerTest,FeatureMapped,"Feature-level evidence seed for ECS handles, components, hierarchy, transforms, render collection, and scene diagnostics."
017-FR-017,017,FR,FR-017,"System MUST keep v1 scope to one world, basic component storage, transform hierarchy, and render-relevant scene collection; physics, animation, scripting, serialization, editor UI, full archetype query optimization, and multi-world scheduling MUST remain out of scope.",specs/017-scene-graph-ecs/spec.md:144,"Source/Application/Public/Application/{FWorld,FEntity,FEntityHierarchy,FTransformComponent,FMeshComponent,FLightComponent,FCameraComponent,FRenderSystem,FSceneDiagnostics,FSceneRenderSummary}.h","Source/Application/Private/{FWorld,FEntity,FEntityHierarchy,FTransformComponent,FMeshComponent,FLightComponent,FCameraComponent,FRenderSystem,FSceneDiagnostics,FSceneRenderSummary}.cpp",Tests/ApplicationSceneEcsTests.cpp; Tests/Main.cpp,.github/workflows/ci.yml; Build/*/Tests/StonerTest,FeatureMapped,"Feature-level evidence seed for ECS handles, components, hierarchy, transforms, render collection, and scene diagnostics."
017-SC-001,017,SC,SC-001,"A developer can create a world, add at least 100 entities, attach supported components, destroy selected entities, and verify valid versus stale handles without crashes.",specs/017-scene-graph-ecs/spec.md:161,"Source/Application/Public/Application/{FWorld,FEntity,FEntityHierarchy,FTransformComponent,FMeshComponent,FLightComponent,FCameraComponent,FRenderSystem,FSceneDiagnostics,FSceneRenderSummary}.h","Source/Application/Private/{FWorld,FEntity,FEntityHierarchy,FTransformComponent,FMeshComponent,FLightComponent,FCameraComponent,FRenderSystem,FSceneDiagnostics,FSceneRenderSummary}.cpp",Tests/ApplicationSceneEcsTests.cpp; Tests/Main.cpp,.github/workflows/ci.yml; Build/*/Tests/StonerTest,FeatureMapped,"Feature-level evidence seed for ECS handles, components, hierarchy, transforms, render collection, and scene diagnostics."
017-SC-002,017,SC,SC-002,"100% of covered hierarchy tests produce expected world transforms, topological parent-before-child operation order, root creation ordering, sibling insertion ordering, and cycle-rejection behavior for representative parent-child chains.",specs/017-scene-graph-ecs/spec.md:162,"Source/Application/Public/Application/{FWorld,FEntity,FEntityHierarchy,FTransformComponent,FMeshComponent,FLightComponent,FCameraComponent,FRenderSystem,FSceneDiagnostics,FSceneRenderSummary}.h","Source/Application/Private/{FWorld,FEntity,FEntityHierarchy,FTransformComponent,FMeshComponent,FLightComponent,FCameraComponent,FRenderSystem,FSceneDiagnostics,FSceneRenderSummary}.cpp",Tests/ApplicationSceneEcsTests.cpp; Tests/Main.cpp,.github/workflows/ci.yml; Build/*/Tests/StonerTest,FeatureMapped,"Feature-level evidence seed for ECS handles, components, hierarchy, transforms, render collection, and scene diagnostics."
017-SC-003,017,SC,SC-003,"Render collection for a representative scene containing at least 10 mesh entities, 4 lights, and 2 cameras completes with stable accepted/rejected counts and deterministic per-category entity-identity ordering across 20 repeated runs.",specs/017-scene-graph-ecs/spec.md:163,"Source/Application/Public/Application/{FWorld,FEntity,FEntityHierarchy,FTransformComponent,FMeshComponent,FLightComponent,FCameraComponent,FRenderSystem,FSceneDiagnostics,FSceneRenderSummary}.h","Source/Application/Private/{FWorld,FEntity,FEntityHierarchy,FTransformComponent,FMeshComponent,FLightComponent,FCameraComponent,FRenderSystem,FSceneDiagnostics,FSceneRenderSummary}.cpp",Tests/ApplicationSceneEcsTests.cpp; Tests/Main.cpp,.github/workflows/ci.yml; Build/*/Tests/StonerTest,FeatureMapped,"Feature-level evidence seed for ECS handles, components, hierarchy, transforms, render collection, and scene diagnostics."
017-SC-004,017,SC,SC-004,"Invalid entity, component, hierarchy, camera, light, and mesh operations complete without corrupting prior valid world state in all covered tests.",specs/017-scene-graph-ecs/spec.md:164,"Source/Application/Public/Application/{FWorld,FEntity,FEntityHierarchy,FTransformComponent,FMeshComponent,FLightComponent,FCameraComponent,FRenderSystem,FSceneDiagnostics,FSceneRenderSummary}.h","Source/Application/Private/{FWorld,FEntity,FEntityHierarchy,FTransformComponent,FMeshComponent,FLightComponent,FCameraComponent,FRenderSystem,FSceneDiagnostics,FSceneRenderSummary}.cpp",Tests/ApplicationSceneEcsTests.cpp; Tests/Main.cpp,.github/workflows/ci.yml; Build/*/Tests/StonerTest,FeatureMapped,"Feature-level evidence seed for ECS handles, components, hierarchy, transforms, render collection, and scene diagnostics."
017-SC-005,017,SC,SC-005,A developer can inspect diagnostics for an invalid scene operation and identify the failing entity or component category within one validation step.,specs/017-scene-graph-ecs/spec.md:165,"Source/Application/Public/Application/{FWorld,FEntity,FEntityHierarchy,FTransformComponent,FMeshComponent,FLightComponent,FCameraComponent,FRenderSystem,FSceneDiagnostics,FSceneRenderSummary}.h","Source/Application/Private/{FWorld,FEntity,FEntityHierarchy,FTransformComponent,FMeshComponent,FLightComponent,FCameraComponent,FRenderSystem,FSceneDiagnostics,FSceneRenderSummary}.cpp",Tests/ApplicationSceneEcsTests.cpp; Tests/Main.cpp,.github/workflows/ci.yml; Build/*/Tests/StonerTest,FeatureMapped,"Feature-level evidence seed for ECS handles, components, hierarchy, transforms, render collection, and scene diagnostics."
017-SC-006,017,SC,SC-006,"The feature behavior is verifiable on Windows, macOS, and Linux through deterministic automated build/test coverage or an explicitly documented temporary validation gap and follow-up task.",specs/017-scene-graph-ecs/spec.md:166,"Source/Application/Public/Application/{FWorld,FEntity,FEntityHierarchy,FTransformComponent,FMeshComponent,FLightComponent,FCameraComponent,FRenderSystem,FSceneDiagnostics,FSceneRenderSummary}.h","Source/Application/Private/{FWorld,FEntity,FEntityHierarchy,FTransformComponent,FMeshComponent,FLightComponent,FCameraComponent,FRenderSystem,FSceneDiagnostics,FSceneRenderSummary}.cpp",Tests/ApplicationSceneEcsTests.cpp; Tests/Main.cpp,.github/workflows/ci.yml; Build/*/Tests/StonerTest,FeatureMapped,"Feature-level evidence seed for ECS handles, components, hierarchy, transforms, render collection, and scene diagnostics."
018-FR-001,018,FR,FR-001,The project MUST provide a standalone demo application that can be built and launched independently from the test executable.,specs/018-triangle-demo-integration/spec.md:116,Demo/StonerDemo/Private/*.h; Source/Backend/Vulkan/Public/VulkanRHI/FVulkanNativeContext.h,Demo/StonerDemo/Private/*.cpp; Source/Backend/Vulkan/Private/FVulkanNativeContext.cpp; .github/scripts/run_triangle_demo_validation.py,Tests/TriangleDemoIntegrationTests.cpp; Tests/VulkanNativeIntegrationTests.cpp; Tests/Main.cpp,"Validation/018/completion.md; Validation/018/{Windows,macOS,Linux}; .github/workflows/ci.yml",FeatureMapped,"Feature-level evidence seed for demo integration, deterministic/native modes, validation monitoring, and visible evidence."
018-FR-002,018,FR,FR-002,The demo MUST create and own one primary visible window through the existing Application window boundary.,specs/018-triangle-demo-integration/spec.md:117,Demo/StonerDemo/Private/*.h; Source/Backend/Vulkan/Public/VulkanRHI/FVulkanNativeContext.h,Demo/StonerDemo/Private/*.cpp; Source/Backend/Vulkan/Private/FVulkanNativeContext.cpp; .github/scripts/run_triangle_demo_validation.py,Tests/TriangleDemoIntegrationTests.cpp; Tests/VulkanNativeIntegrationTests.cpp; Tests/Main.cpp,"Validation/018/completion.md; Validation/018/{Windows,macOS,Linux}; .github/workflows/ci.yml",FeatureMapped,"Feature-level evidence seed for demo integration, deterministic/native modes, validation monitoring, and visible evidence."
018-FR-003,018,FR,FR-003,"The visible demo path MUST initialize a real graphics device and presentation path through the established Renderer, RHI, and backend boundaries; it MUST NOT report visible success when only simulated execution occurred.",specs/018-triangle-demo-integration/spec.md:118,Demo/StonerDemo/Private/*.h; Source/Backend/Vulkan/Public/VulkanRHI/FVulkanNativeContext.h,Demo/StonerDemo/Private/*.cpp; Source/Backend/Vulkan/Private/FVulkanNativeContext.cpp; .github/scripts/run_triangle_demo_validation.py,Tests/TriangleDemoIntegrationTests.cpp; Tests/VulkanNativeIntegrationTests.cpp; Tests/Main.cpp,"Validation/018/completion.md; Validation/018/{Windows,macOS,Linux}; .github/workflows/ci.yml",FeatureMapped,"Feature-level evidence seed for demo integration, deterministic/native modes, validation monitoring, and visible evidence."
018-FR-004,018,FR,FR-004,The demo MUST define exactly one non-degenerate triangle with three vertices and distinguishable per-vertex colors.,specs/018-triangle-demo-integration/spec.md:119,Demo/StonerDemo/Private/*.h; Source/Backend/Vulkan/Public/VulkanRHI/FVulkanNativeContext.h,Demo/StonerDemo/Private/*.cpp; Source/Backend/Vulkan/Private/FVulkanNativeContext.cpp; .github/scripts/run_triangle_demo_validation.py,Tests/TriangleDemoIntegrationTests.cpp; Tests/VulkanNativeIntegrationTests.cpp; Tests/Main.cpp,"Validation/018/completion.md; Validation/018/{Windows,macOS,Linux}; .github/workflows/ci.yml",FeatureMapped,"Feature-level evidence seed for demo integration, deterministic/native modes, validation monitoring, and visible evidence."
018-FR-005,018,FR,FR-005,"The demo MUST provide the required vertex and fragment processing inputs as repository-owned, reproducible application assets and MUST reject missing, empty, malformed, or incompatible inputs before drawing.",specs/018-triangle-demo-integration/spec.md:120,Demo/StonerDemo/Private/*.h; Source/Backend/Vulkan/Public/VulkanRHI/FVulkanNativeContext.h,Demo/StonerDemo/Private/*.cpp; Source/Backend/Vulkan/Private/FVulkanNativeContext.cpp; .github/scripts/run_triangle_demo_validation.py,Tests/TriangleDemoIntegrationTests.cpp; Tests/VulkanNativeIntegrationTests.cpp; Tests/Main.cpp,"Validation/018/completion.md; Validation/018/{Windows,macOS,Linux}; .github/workflows/ci.yml",FeatureMapped,"Feature-level evidence seed for demo integration, deterministic/native modes, validation monitoring, and visible evidence."
018-FR-006,018,FR,FR-006,The demo MUST create and populate the graphics resource required to supply triangle vertex data before that resource is used by a draw.,specs/018-triangle-demo-integration/spec.md:121,Demo/StonerDemo/Private/*.h; Source/Backend/Vulkan/Public/VulkanRHI/FVulkanNativeContext.h,Demo/StonerDemo/Private/*.cpp; Source/Backend/Vulkan/Private/FVulkanNativeContext.cpp; .github/scripts/run_triangle_demo_validation.py,Tests/TriangleDemoIntegrationTests.cpp; Tests/VulkanNativeIntegrationTests.cpp; Tests/Main.cpp,"Validation/018/completion.md; Validation/018/{Windows,macOS,Linux}; .github/workflows/ci.yml",FeatureMapped,"Feature-level evidence seed for demo integration, deterministic/native modes, validation monitoring, and visible evidence."
018-FR-007,018,FR,FR-007,The demo MUST prepare a forward-rendering frame containing one triangle draw and one final presentation output through the existing Renderer and render-graph boundaries.,specs/018-triangle-demo-integration/spec.md:122,Demo/StonerDemo/Private/*.h; Source/Backend/Vulkan/Public/VulkanRHI/FVulkanNativeContext.h,Demo/StonerDemo/Private/*.cpp; Source/Backend/Vulkan/Private/FVulkanNativeContext.cpp; .github/scripts/run_triangle_demo_validation.py,Tests/TriangleDemoIntegrationTests.cpp; Tests/VulkanNativeIntegrationTests.cpp; Tests/Main.cpp,"Validation/018/completion.md; Validation/018/{Windows,macOS,Linux}; .github/workflows/ci.yml",FeatureMapped,"Feature-level evidence seed for demo integration, deterministic/native modes, validation monitoring, and visible evidence."
018-FR-008,018,FR,FR-008,"The backend execution path MUST translate the prepared frame into an actual render-target transition, render scope, pipeline and vertex-data binding, triangle draw, and presentation-ready transition without exposing backend API objects to Application or Renderer callers.",specs/018-triangle-demo-integration/spec.md:123,Demo/StonerDemo/Private/*.h; Source/Backend/Vulkan/Public/VulkanRHI/FVulkanNativeContext.h,Demo/StonerDemo/Private/*.cpp; Source/Backend/Vulkan/Private/FVulkanNativeContext.cpp; .github/scripts/run_triangle_demo_validation.py,Tests/TriangleDemoIntegrationTests.cpp; Tests/VulkanNativeIntegrationTests.cpp; Tests/Main.cpp,"Validation/018/completion.md; Validation/018/{Windows,macOS,Linux}; .github/workflows/ci.yml",FeatureMapped,"Feature-level evidence seed for demo integration, deterministic/native modes, validation monitoring, and visible evidence."
018-FR-009,018,FR,FR-009,"Each drawable frame MUST process window/input events and then perform frame acquisition, command preparation, submission, completion coordination, and presentation in a valid deterministic order.",specs/018-triangle-demo-integration/spec.md:124,Demo/StonerDemo/Private/*.h; Source/Backend/Vulkan/Public/VulkanRHI/FVulkanNativeContext.h,Demo/StonerDemo/Private/*.cpp; Source/Backend/Vulkan/Private/FVulkanNativeContext.cpp; .github/scripts/run_triangle_demo_validation.py,Tests/TriangleDemoIntegrationTests.cpp; Tests/VulkanNativeIntegrationTests.cpp; Tests/Main.cpp,"Validation/018/completion.md; Validation/018/{Windows,macOS,Linux}; .github/workflows/ci.yml",FeatureMapped,"Feature-level evidence seed for demo integration, deterministic/native modes, validation monitoring, and visible evidence."
018-FR-010,018,FR,FR-010,The demo MUST prevent frame resources and presentation images from being reused while prior work that owns them remains incomplete.,specs/018-triangle-demo-integration/spec.md:125,Demo/StonerDemo/Private/*.h; Source/Backend/Vulkan/Public/VulkanRHI/FVulkanNativeContext.h,Demo/StonerDemo/Private/*.cpp; Source/Backend/Vulkan/Private/FVulkanNativeContext.cpp; .github/scripts/run_triangle_demo_validation.py,Tests/TriangleDemoIntegrationTests.cpp; Tests/VulkanNativeIntegrationTests.cpp; Tests/Main.cpp,"Validation/018/completion.md; Validation/018/{Windows,macOS,Linux}; .github/workflows/ci.yml",FeatureMapped,"Feature-level evidence seed for demo integration, deterministic/native modes, validation monitoring, and visible evidence."
018-FR-011,018,FR,FR-011,The demo MUST react to non-zero window size changes and recoverable stale-presentation conditions by refreshing only the affected presentation-dependent state before rendering resumes.,specs/018-triangle-demo-integration/spec.md:126,Demo/StonerDemo/Private/*.h; Source/Backend/Vulkan/Public/VulkanRHI/FVulkanNativeContext.h,Demo/StonerDemo/Private/*.cpp; Source/Backend/Vulkan/Private/FVulkanNativeContext.cpp; .github/scripts/run_triangle_demo_validation.py,Tests/TriangleDemoIntegrationTests.cpp; Tests/VulkanNativeIntegrationTests.cpp; Tests/Main.cpp,"Validation/018/completion.md; Validation/018/{Windows,macOS,Linux}; .github/workflows/ci.yml",FeatureMapped,"Feature-level evidence seed for demo integration, deterministic/native modes, validation monitoring, and visible evidence."
018-FR-012,018,FR,FR-012,"While the window is minimized or has zero drawable size, the demo MUST continue processing events and input while skipping draw submission and presentation.",specs/018-triangle-demo-integration/spec.md:127,Demo/StonerDemo/Private/*.h; Source/Backend/Vulkan/Public/VulkanRHI/FVulkanNativeContext.h,Demo/StonerDemo/Private/*.cpp; Source/Backend/Vulkan/Private/FVulkanNativeContext.cpp; .github/scripts/run_triangle_demo_validation.py,Tests/TriangleDemoIntegrationTests.cpp; Tests/VulkanNativeIntegrationTests.cpp; Tests/Main.cpp,"Validation/018/completion.md; Validation/018/{Windows,macOS,Linux}; .github/workflows/ci.yml",FeatureMapped,"Feature-level evidence seed for demo integration, deterministic/native modes, validation monitoring, and visible evidence."
018-FR-013,018,FR,FR-013,The demo MUST resume rendering after a valid drawable size returns without restarting the process or retaining invalid presentation-dependent resources.,specs/018-triangle-demo-integration/spec.md:128,Demo/StonerDemo/Private/*.h; Source/Backend/Vulkan/Public/VulkanRHI/FVulkanNativeContext.h,Demo/StonerDemo/Private/*.cpp; Source/Backend/Vulkan/Private/FVulkanNativeContext.cpp; .github/scripts/run_triangle_demo_validation.py,Tests/TriangleDemoIntegrationTests.cpp; Tests/VulkanNativeIntegrationTests.cpp; Tests/Main.cpp,"Validation/018/completion.md; Validation/018/{Windows,macOS,Linux}; .github/workflows/ci.yml",FeatureMapped,"Feature-level evidence seed for demo integration, deterministic/native modes, validation monitoring, and visible evidence."
018-FR-014,018,FR,FR-014,The demo MUST run interactively by default and allow the user to terminate it through the window close action or the project's supported physical keyboard exit action; a separate validation mode MUST accept a configurable positive frame budget and exit automatically with success only after completing that budget without failure.,specs/018-triangle-demo-integration/spec.md:129,Demo/StonerDemo/Private/*.h; Source/Backend/Vulkan/Public/VulkanRHI/FVulkanNativeContext.h,Demo/StonerDemo/Private/*.cpp; Source/Backend/Vulkan/Private/FVulkanNativeContext.cpp; .github/scripts/run_triangle_demo_validation.py,Tests/TriangleDemoIntegrationTests.cpp; Tests/VulkanNativeIntegrationTests.cpp; Tests/Main.cpp,"Validation/018/completion.md; Validation/018/{Windows,macOS,Linux}; .github/workflows/ci.yml",FeatureMapped,"Feature-level evidence seed for demo integration, deterministic/native modes, validation monitoring, and visible evidence."
018-FR-015,018,FR,FR-015,"Normal exit, partial initialization failure, and non-recoverable frame failure MUST release owned resources in dependency-safe order and produce an unambiguous success or failure result.",specs/018-triangle-demo-integration/spec.md:130,Demo/StonerDemo/Private/*.h; Source/Backend/Vulkan/Public/VulkanRHI/FVulkanNativeContext.h,Demo/StonerDemo/Private/*.cpp; Source/Backend/Vulkan/Private/FVulkanNativeContext.cpp; .github/scripts/run_triangle_demo_validation.py,Tests/TriangleDemoIntegrationTests.cpp; Tests/VulkanNativeIntegrationTests.cpp; Tests/Main.cpp,"Validation/018/completion.md; Validation/018/{Windows,macOS,Linux}; .github/workflows/ci.yml",FeatureMapped,"Feature-level evidence seed for demo integration, deterministic/native modes, validation monitoring, and visible evidence."
018-FR-016,018,FR,FR-016,"Diagnostics MUST identify the lifecycle stage responsible for initialization, frame, recovery, or shutdown failures without exposing unstable native object addresses as identifiers.",specs/018-triangle-demo-integration/spec.md:131,Demo/StonerDemo/Private/*.h; Source/Backend/Vulkan/Public/VulkanRHI/FVulkanNativeContext.h,Demo/StonerDemo/Private/*.cpp; Source/Backend/Vulkan/Private/FVulkanNativeContext.cpp; .github/scripts/run_triangle_demo_validation.py,Tests/TriangleDemoIntegrationTests.cpp; Tests/VulkanNativeIntegrationTests.cpp; Tests/Main.cpp,"Validation/018/completion.md; Validation/018/{Windows,macOS,Linux}; .github/workflows/ci.yml",FeatureMapped,"Feature-level evidence seed for demo integration, deterministic/native modes, validation monitoring, and visible evidence."
018-FR-017,018,FR,FR-017,"The feature MUST provide deterministic headless integration coverage for initialization ordering, frame ordering, resize/minimize handling, recoverable and fatal failures, and cleanup when real presentation is unavailable.",specs/018-triangle-demo-integration/spec.md:132,Demo/StonerDemo/Private/*.h; Source/Backend/Vulkan/Public/VulkanRHI/FVulkanNativeContext.h,Demo/StonerDemo/Private/*.cpp; Source/Backend/Vulkan/Private/FVulkanNativeContext.cpp; .github/scripts/run_triangle_demo_validation.py,Tests/TriangleDemoIntegrationTests.cpp; Tests/VulkanNativeIntegrationTests.cpp; Tests/Main.cpp,"Validation/018/completion.md; Validation/018/{Windows,macOS,Linux}; .github/workflows/ci.yml",FeatureMapped,"Feature-level evidence seed for demo integration, deterministic/native modes, validation monitoring, and visible evidence."
018-FR-018,018,FR,FR-018,"Automated validation MUST build the demo and run applicable deterministic integration coverage on Windows, macOS, and Linux; Feature 018 completion MUST include human-verified real-window triangle presentation on Windows and macOS with a retained screenshot and matching run log for each platform, while Linux CI MUST additionally execute the real Vulkan backend without a window through a CPU software Vulkan device.",specs/018-triangle-demo-integration/spec.md:133,Demo/StonerDemo/Private/*.h; Source/Backend/Vulkan/Public/VulkanRHI/FVulkanNativeContext.h,Demo/StonerDemo/Private/*.cpp; Source/Backend/Vulkan/Private/FVulkanNativeContext.cpp; .github/scripts/run_triangle_demo_validation.py,Tests/TriangleDemoIntegrationTests.cpp; Tests/VulkanNativeIntegrationTests.cpp; Tests/Main.cpp,"Validation/018/completion.md; Validation/018/{Windows,macOS,Linux}; .github/workflows/ci.yml",FeatureMapped,"Feature-level evidence seed for demo integration, deterministic/native modes, validation monitoring, and visible evidence."
018-FR-019,018,FR,FR-019,Validation mode MUST report demo-owned live resource counts and sample process memory after a configurable warm-up interval; successful endurance validation MUST keep steady-state memory growth within a configured platform-aware limit and normal shutdown MUST leave zero demo-owned live resources.,specs/018-triangle-demo-integration/spec.md:134,Demo/StonerDemo/Private/*.h; Source/Backend/Vulkan/Public/VulkanRHI/FVulkanNativeContext.h,Demo/StonerDemo/Private/*.cpp; Source/Backend/Vulkan/Private/FVulkanNativeContext.cpp; .github/scripts/run_triangle_demo_validation.py,Tests/TriangleDemoIntegrationTests.cpp; Tests/VulkanNativeIntegrationTests.cpp; Tests/Main.cpp,"Validation/018/completion.md; Validation/018/{Windows,macOS,Linux}; .github/workflows/ci.yml",FeatureMapped,"Feature-level evidence seed for demo integration, deterministic/native modes, validation monitoring, and visible evidence."
018-FR-020,018,FR,FR-020,"Existing Core, RHI, backend, Renderer, Application, and scene/ECS regression outcomes MUST remain passing after the integration feature is added.",specs/018-triangle-demo-integration/spec.md:135,Demo/StonerDemo/Private/*.h; Source/Backend/Vulkan/Public/VulkanRHI/FVulkanNativeContext.h,Demo/StonerDemo/Private/*.cpp; Source/Backend/Vulkan/Private/FVulkanNativeContext.cpp; .github/scripts/run_triangle_demo_validation.py,Tests/TriangleDemoIntegrationTests.cpp; Tests/VulkanNativeIntegrationTests.cpp; Tests/Main.cpp,"Validation/018/completion.md; Validation/018/{Windows,macOS,Linux}; .github/workflows/ci.yml",FeatureMapped,"Feature-level evidence seed for demo integration, deterministic/native modes, validation monitoring, and visible evidence."
018-FR-021,018,FR,FR-021,"The feature MUST keep scope to one hardcoded colored triangle, one window, the forward path, and the initial desktop backend; Android and other mobile targets, scene/ECS-driven geometry, asset catalogs, runtime shader compilation, textures, materials beyond vertex color, depth testing, lighting, complex geometry, editor UI, deferred rendering, post-processing, meshlets, ray tracing, and global illumination MUST remain out of scope.",specs/018-triangle-demo-integration/spec.md:136,Demo/StonerDemo/Private/*.h; Source/Backend/Vulkan/Public/VulkanRHI/FVulkanNativeContext.h,Demo/StonerDemo/Private/*.cpp; Source/Backend/Vulkan/Private/FVulkanNativeContext.cpp; .github/scripts/run_triangle_demo_validation.py,Tests/TriangleDemoIntegrationTests.cpp; Tests/VulkanNativeIntegrationTests.cpp; Tests/Main.cpp,"Validation/018/completion.md; Validation/018/{Windows,macOS,Linux}; .github/workflows/ci.yml",FeatureMapped,"Feature-level evidence seed for demo integration, deterministic/native modes, validation monitoring, and visible evidence."
018-SC-001,018,SC,SC-001,"On both Windows and macOS validation machines, a developer can launch the demo, record no more than 5,000 milliseconds from process startup to the first successful presentation, see one correctly colored non-degenerate triangle, and retain one screenshot plus the matching successful run log as validation evidence.",specs/018-triangle-demo-integration/spec.md:152,Demo/StonerDemo/Private/*.h; Source/Backend/Vulkan/Public/VulkanRHI/FVulkanNativeContext.h,Demo/StonerDemo/Private/*.cpp; Source/Backend/Vulkan/Private/FVulkanNativeContext.cpp; .github/scripts/run_triangle_demo_validation.py,Tests/TriangleDemoIntegrationTests.cpp; Tests/VulkanNativeIntegrationTests.cpp; Tests/Main.cpp,"Validation/018/completion.md; Validation/018/{Windows,macOS,Linux}; .github/workflows/ci.yml",FeatureMapped,"Feature-level evidence seed for demo integration, deterministic/native modes, validation monitoring, and visible evidence."
018-SC-002,018,SC,SC-002,"Every successful bounded validation run completes 100% of its configured drawable-frame budget without error-level diagnostics, invalid resource reuse, or presentation-order violations, including when the selected budget exceeds 300 frames.",specs/018-triangle-demo-integration/spec.md:153,Demo/StonerDemo/Private/*.h; Source/Backend/Vulkan/Public/VulkanRHI/FVulkanNativeContext.h,Demo/StonerDemo/Private/*.cpp; Source/Backend/Vulkan/Private/FVulkanNativeContext.cpp; .github/scripts/run_triangle_demo_validation.py,Tests/TriangleDemoIntegrationTests.cpp; Tests/VulkanNativeIntegrationTests.cpp; Tests/Main.cpp,"Validation/018/completion.md; Validation/018/{Windows,macOS,Linux}; .github/workflows/ci.yml",FeatureMapped,"Feature-level evidence seed for demo integration, deterministic/native modes, validation monitoring, and visible evidence."
018-SC-003,018,SC,SC-003,"Across at least 20 resize, minimize, and restore cycles, event processing remains responsive and every observed cycle records no more than 2,000 milliseconds from the first observed valid non-zero drawable extent after restore to the first successful presentation of the replacement generation.",specs/018-triangle-demo-integration/spec.md:154,Demo/StonerDemo/Private/*.h; Source/Backend/Vulkan/Public/VulkanRHI/FVulkanNativeContext.h,Demo/StonerDemo/Private/*.cpp; Source/Backend/Vulkan/Private/FVulkanNativeContext.cpp; .github/scripts/run_triangle_demo_validation.py,Tests/TriangleDemoIntegrationTests.cpp; Tests/VulkanNativeIntegrationTests.cpp; Tests/Main.cpp,"Validation/018/completion.md; Validation/018/{Windows,macOS,Linux}; .github/workflows/ci.yml",FeatureMapped,"Feature-level evidence seed for demo integration, deterministic/native modes, validation monitoring, and visible evidence."
018-SC-004,018,SC,SC-004,"All covered normal-exit, partial-startup-failure, recoverable-presentation, and fatal-frame scenarios complete without hangs or crashes and leave zero live demo-owned resources after shutdown.",specs/018-triangle-demo-integration/spec.md:155,Demo/StonerDemo/Private/*.h; Source/Backend/Vulkan/Public/VulkanRHI/FVulkanNativeContext.h,Demo/StonerDemo/Private/*.cpp; Source/Backend/Vulkan/Private/FVulkanNativeContext.cpp; .github/scripts/run_triangle_demo_validation.py,Tests/TriangleDemoIntegrationTests.cpp; Tests/VulkanNativeIntegrationTests.cpp; Tests/Main.cpp,"Validation/018/completion.md; Validation/018/{Windows,macOS,Linux}; .github/workflows/ci.yml",FeatureMapped,"Feature-level evidence seed for demo integration, deterministic/native modes, validation monitoring, and visible evidence."
018-SC-005,018,SC,SC-005,"For every injected startup or frame failure, a developer can identify the primary failing lifecycle stage from the first stable error diagnostic without inspecting native backend object addresses.",specs/018-triangle-demo-integration/spec.md:156,Demo/StonerDemo/Private/*.h; Source/Backend/Vulkan/Public/VulkanRHI/FVulkanNativeContext.h,Demo/StonerDemo/Private/*.cpp; Source/Backend/Vulkan/Private/FVulkanNativeContext.cpp; .github/scripts/run_triangle_demo_validation.py,Tests/TriangleDemoIntegrationTests.cpp; Tests/VulkanNativeIntegrationTests.cpp; Tests/Main.cpp,"Validation/018/completion.md; Validation/018/{Windows,macOS,Linux}; .github/workflows/ci.yml",FeatureMapped,"Feature-level evidence seed for demo integration, deterministic/native modes, validation monitoring, and visible evidence."
018-SC-006,018,SC,SC-006,"Deterministic headless integration runs produce identical frame-stage ordering, result categories, and normalized diagnostic output across 20 repeated executions on the same platform.",specs/018-triangle-demo-integration/spec.md:157,Demo/StonerDemo/Private/*.h; Source/Backend/Vulkan/Public/VulkanRHI/FVulkanNativeContext.h,Demo/StonerDemo/Private/*.cpp; Source/Backend/Vulkan/Private/FVulkanNativeContext.cpp; .github/scripts/run_triangle_demo_validation.py,Tests/TriangleDemoIntegrationTests.cpp; Tests/VulkanNativeIntegrationTests.cpp; Tests/Main.cpp,"Validation/018/completion.md; Validation/018/{Windows,macOS,Linux}; .github/workflows/ci.yml",FeatureMapped,"Feature-level evidence seed for demo integration, deterministic/native modes, validation monitoring, and visible evidence."
018-SC-007,018,SC,SC-007,"Windows, macOS, and Linux automated jobs all build the standalone demo and pass their applicable deterministic integration coverage; Windows and macOS additionally have recorded real-window triangle success, while Linux additionally passes a no-window integration run through a CPU software Vulkan device.",specs/018-triangle-demo-integration/spec.md:158,Demo/StonerDemo/Private/*.h; Source/Backend/Vulkan/Public/VulkanRHI/FVulkanNativeContext.h,Demo/StonerDemo/Private/*.cpp; Source/Backend/Vulkan/Private/FVulkanNativeContext.cpp; .github/scripts/run_triangle_demo_validation.py,Tests/TriangleDemoIntegrationTests.cpp; Tests/VulkanNativeIntegrationTests.cpp; Tests/Main.cpp,"Validation/018/completion.md; Validation/018/{Windows,macOS,Linux}; .github/workflows/ci.yml",FeatureMapped,"Feature-level evidence seed for demo integration, deterministic/native modes, validation monitoring, and visible evidence."
018-SC-008,018,SC,SC-008,100% of the existing regression suite remains passing after the demo integration is introduced.,specs/018-triangle-demo-integration/spec.md:159,Demo/StonerDemo/Private/*.h; Source/Backend/Vulkan/Public/VulkanRHI/FVulkanNativeContext.h,Demo/StonerDemo/Private/*.cpp; Source/Backend/Vulkan/Private/FVulkanNativeContext.cpp; .github/scripts/run_triangle_demo_validation.py,Tests/TriangleDemoIntegrationTests.cpp; Tests/VulkanNativeIntegrationTests.cpp; Tests/Main.cpp,"Validation/018/completion.md; Validation/018/{Windows,macOS,Linux}; .github/workflows/ci.yml",FeatureMapped,"Feature-level evidence seed for demo integration, deterministic/native modes, validation monitoring, and visible evidence."
018-SC-009,018,SC,SC-009,100% of successful endurance runs remain within their configured steady-state memory-growth limit and report zero demo-owned live resources after shutdown.,specs/018-triangle-demo-integration/spec.md:160,Demo/StonerDemo/Private/*.h; Source/Backend/Vulkan/Public/VulkanRHI/FVulkanNativeContext.h,Demo/StonerDemo/Private/*.cpp; Source/Backend/Vulkan/Private/FVulkanNativeContext.cpp; .github/scripts/run_triangle_demo_validation.py,Tests/TriangleDemoIntegrationTests.cpp; Tests/VulkanNativeIntegrationTests.cpp; Tests/Main.cpp,"Validation/018/completion.md; Validation/018/{Windows,macOS,Linux}; .github/workflows/ci.yml",FeatureMapped,"Feature-level evidence seed for demo integration, deterministic/native modes, validation monitoring, and visible evidence."
019-FR-001,019,FR,FR-001,The Renderer MUST offer deferred rendering as an explicit alternative to the existing forward path without changing the established default path.,specs/019-deferred-rendering-pipeline/spec.md:121,Source/Renderer/Public/Renderer/FDeferred*.h; Source/Renderer/Public/Renderer/FRendererComparisonReport.h; Source/Backend/Vulkan/Public/VulkanRHI/FVulkanNativeContext.h,Source/Renderer/Private/FDeferred*.cpp; Source/Renderer/Private/FRendererComparisonReport.cpp; Source/Backend/Vulkan/Private/FVulkanNativeOffscreenSession.cpp; .github/scripts/run_deferred_validation.py,Tests/DeferredRenderingTests.cpp; Tests/DeferredNativeIntegrationTests.cpp; Tests/RendererComparisonTests.cpp; Tests/Main.cpp,Validation/019/completion.md; Validation/019/Linux/deferred-readback-report.txt; Validation/019/Linux/renderer-comparison-report.txt; .github/workflows/ci.yml,FeatureMapped,"Feature-level evidence seed for deferred planning, execution, native readback, comparison artifacts, and validation wrappers."
019-FR-002,019,FR,FR-002,"The deferred path MUST accept a validated active view, output target, opaque draw set, material bindings, and directional, point, and spot light inputs.",specs/019-deferred-rendering-pipeline/spec.md:122,Source/Renderer/Public/Renderer/FDeferred*.h; Source/Renderer/Public/Renderer/FRendererComparisonReport.h; Source/Backend/Vulkan/Public/VulkanRHI/FVulkanNativeContext.h,Source/Renderer/Private/FDeferred*.cpp; Source/Renderer/Private/FRendererComparisonReport.cpp; Source/Backend/Vulkan/Private/FVulkanNativeOffscreenSession.cpp; .github/scripts/run_deferred_validation.py,Tests/DeferredRenderingTests.cpp; Tests/DeferredNativeIntegrationTests.cpp; Tests/RendererComparisonTests.cpp; Tests/Main.cpp,Validation/019/completion.md; Validation/019/Linux/deferred-readback-report.txt; Validation/019/Linux/renderer-comparison-report.txt; .github/workflows/ci.yml,FeatureMapped,"Feature-level evidence seed for deferred planning, execution, native readback, comparison artifacts, and validation wrappers."
019-FR-003,019,FR,FR-003,"The deferred path MUST prepare a deterministic surface-data stage that records, for each visible opaque surface, base color, normalized world-space normal, metallic value, roughness value, emissive contribution, ambient occlusion, and depth sufficient for inverse-view-projection world-space position reconstruction.",specs/019-deferred-rendering-pipeline/spec.md:123,Source/Renderer/Public/Renderer/FDeferred*.h; Source/Renderer/Public/Renderer/FRendererComparisonReport.h; Source/Backend/Vulkan/Public/VulkanRHI/FVulkanNativeContext.h,Source/Renderer/Private/FDeferred*.cpp; Source/Renderer/Private/FRendererComparisonReport.cpp; Source/Backend/Vulkan/Private/FVulkanNativeOffscreenSession.cpp; .github/scripts/run_deferred_validation.py,Tests/DeferredRenderingTests.cpp; Tests/DeferredNativeIntegrationTests.cpp; Tests/RendererComparisonTests.cpp; Tests/Main.cpp,Validation/019/completion.md; Validation/019/Linux/deferred-readback-report.txt; Validation/019/Linux/renderer-comparison-report.txt; .github/workflows/ci.yml,FeatureMapped,"Feature-level evidence seed for deferred planning, execution, native readback, comparison artifacts, and validation wrappers."
019-FR-004,019,FR,FR-004,"The surface-data contract MUST define each stored semantic, value range, coordinate space, clear value, precision expectation, and compatibility rule while allowing concrete storage formats to be selected during planning; depth clear and comparison behavior MUST be derived consistently for standard-Z and reversed-Z conventions.",specs/019-deferred-rendering-pipeline/spec.md:124,Source/Renderer/Public/Renderer/FDeferred*.h; Source/Renderer/Public/Renderer/FRendererComparisonReport.h; Source/Backend/Vulkan/Public/VulkanRHI/FVulkanNativeContext.h,Source/Renderer/Private/FDeferred*.cpp; Source/Renderer/Private/FRendererComparisonReport.cpp; Source/Backend/Vulkan/Private/FVulkanNativeOffscreenSession.cpp; .github/scripts/run_deferred_validation.py,Tests/DeferredRenderingTests.cpp; Tests/DeferredNativeIntegrationTests.cpp; Tests/RendererComparisonTests.cpp; Tests/Main.cpp,Validation/019/completion.md; Validation/019/Linux/deferred-readback-report.txt; Validation/019/Linux/renderer-comparison-report.txt; .github/workflows/ci.yml,FeatureMapped,"Feature-level evidence seed for deferred planning, execution, native readback, comparison artifacts, and validation wrappers."
019-FR-005,019,FR,FR-005,"Deferred-compatible materials MUST reuse the existing material and instance authoring data; the renderer MUST report unsupported domains, blend modes, permutations, or missing required surface inputs before execution.",specs/019-deferred-rendering-pipeline/spec.md:125,Source/Renderer/Public/Renderer/FDeferred*.h; Source/Renderer/Public/Renderer/FRendererComparisonReport.h; Source/Backend/Vulkan/Public/VulkanRHI/FVulkanNativeContext.h,Source/Renderer/Private/FDeferred*.cpp; Source/Renderer/Private/FRendererComparisonReport.cpp; Source/Backend/Vulkan/Private/FVulkanNativeOffscreenSession.cpp; .github/scripts/run_deferred_validation.py,Tests/DeferredRenderingTests.cpp; Tests/DeferredNativeIntegrationTests.cpp; Tests/RendererComparisonTests.cpp; Tests/Main.cpp,Validation/019/completion.md; Validation/019/Linux/deferred-readback-report.txt; Validation/019/Linux/renderer-comparison-report.txt; .github/workflows/ci.yml,FeatureMapped,"Feature-level evidence seed for deferred planning, execution, native readback, comparison artifacts, and validation wrappers."
019-FR-006,019,FR,FR-006,"Opaque and compatible masked geometry MUST participate in the surface-data stage, with alpha used only to determine masked coverage; transparent blended geometry MUST be excluded from that stage and remain eligible for the established forward-transparent stage after deferred composition.",specs/019-deferred-rendering-pipeline/spec.md:126,Source/Renderer/Public/Renderer/FDeferred*.h; Source/Renderer/Public/Renderer/FRendererComparisonReport.h; Source/Backend/Vulkan/Public/VulkanRHI/FVulkanNativeContext.h,Source/Renderer/Private/FDeferred*.cpp; Source/Renderer/Private/FRendererComparisonReport.cpp; Source/Backend/Vulkan/Private/FVulkanNativeOffscreenSession.cpp; .github/scripts/run_deferred_validation.py,Tests/DeferredRenderingTests.cpp; Tests/DeferredNativeIntegrationTests.cpp; Tests/RendererComparisonTests.cpp; Tests/Main.cpp,Validation/019/completion.md; Validation/019/Linux/deferred-readback-report.txt; Validation/019/Linux/renderer-comparison-report.txt; .github/workflows/ci.yml,FeatureMapped,"Feature-level evidence seed for deferred planning, execution, native readback, comparison artifacts, and validation wrappers."
019-FR-007,019,FR,FR-007,Geometry visibility and depth resolution MUST occur once per deferred frame and MUST NOT be repeated independently for every accepted light.,specs/019-deferred-rendering-pipeline/spec.md:127,Source/Renderer/Public/Renderer/FDeferred*.h; Source/Renderer/Public/Renderer/FRendererComparisonReport.h; Source/Backend/Vulkan/Public/VulkanRHI/FVulkanNativeContext.h,Source/Renderer/Private/FDeferred*.cpp; Source/Renderer/Private/FRendererComparisonReport.cpp; Source/Backend/Vulkan/Private/FVulkanNativeOffscreenSession.cpp; .github/scripts/run_deferred_validation.py,Tests/DeferredRenderingTests.cpp; Tests/DeferredNativeIntegrationTests.cpp; Tests/RendererComparisonTests.cpp; Tests/Main.cpp,Validation/019/completion.md; Validation/019/Linux/deferred-readback-report.txt; Validation/019/Linux/renderer-comparison-report.txt; .github/workflows/ci.yml,FeatureMapped,"Feature-level evidence seed for deferred planning, execution, native readback, comparison artifacts, and validation wrappers."
019-FR-008,019,FR,FR-008,"The deferred path MUST prepare a lighting accumulation stage that reads the declared surface data and evaluates every accepted directional, point, and spot light without applying the forward renderer's local-light count limit.",specs/019-deferred-rendering-pipeline/spec.md:128,Source/Renderer/Public/Renderer/FDeferred*.h; Source/Renderer/Public/Renderer/FRendererComparisonReport.h; Source/Backend/Vulkan/Public/VulkanRHI/FVulkanNativeContext.h,Source/Renderer/Private/FDeferred*.cpp; Source/Renderer/Private/FRendererComparisonReport.cpp; Source/Backend/Vulkan/Private/FVulkanNativeOffscreenSession.cpp; .github/scripts/run_deferred_validation.py,Tests/DeferredRenderingTests.cpp; Tests/DeferredNativeIntegrationTests.cpp; Tests/RendererComparisonTests.cpp; Tests/Main.cpp,Validation/019/completion.md; Validation/019/Linux/deferred-readback-report.txt; Validation/019/Linux/renderer-comparison-report.txt; .github/workflows/ci.yml,FeatureMapped,"Feature-level evidence seed for deferred planning, execution, native readback, comparison artifacts, and validation wrappers."
019-FR-009,019,FR,FR-009,"Directional lights MUST contribute across the active view; point and spot lights MUST declare bounded influence regions from validated light shape and range data, and spot inner/outer cone angles MUST use radians with `0 <= inner <= outer < pi/2`.",specs/019-deferred-rendering-pipeline/spec.md:129,Source/Renderer/Public/Renderer/FDeferred*.h; Source/Renderer/Public/Renderer/FRendererComparisonReport.h; Source/Backend/Vulkan/Public/VulkanRHI/FVulkanNativeContext.h,Source/Renderer/Private/FDeferred*.cpp; Source/Renderer/Private/FRendererComparisonReport.cpp; Source/Backend/Vulkan/Private/FVulkanNativeOffscreenSession.cpp; .github/scripts/run_deferred_validation.py,Tests/DeferredRenderingTests.cpp; Tests/DeferredNativeIntegrationTests.cpp; Tests/RendererComparisonTests.cpp; Tests/Main.cpp,Validation/019/completion.md; Validation/019/Linux/deferred-readback-report.txt; Validation/019/Linux/renderer-comparison-report.txt; .github/workflows/ci.yml,FeatureMapped,"Feature-level evidence seed for deferred planning, execution, native readback, comparison artifacts, and validation wrappers."
019-FR-010,019,FR,FR-010,"Local lights that cannot affect the active view MUST be omitted before execution; lights MUST be ordered by directional, point, then spot type, and within each type by ascending stable entity identity without an additional influence-order key.",specs/019-deferred-rendering-pipeline/spec.md:130,Source/Renderer/Public/Renderer/FDeferred*.h; Source/Renderer/Public/Renderer/FRendererComparisonReport.h; Source/Backend/Vulkan/Public/VulkanRHI/FVulkanNativeContext.h,Source/Renderer/Private/FDeferred*.cpp; Source/Renderer/Private/FRendererComparisonReport.cpp; Source/Backend/Vulkan/Private/FVulkanNativeOffscreenSession.cpp; .github/scripts/run_deferred_validation.py,Tests/DeferredRenderingTests.cpp; Tests/DeferredNativeIntegrationTests.cpp; Tests/RendererComparisonTests.cpp; Tests/Main.cpp,Validation/019/completion.md; Validation/019/Linux/deferred-readback-report.txt; Validation/019/Linux/renderer-comparison-report.txt; .github/workflows/ci.yml,FeatureMapped,"Feature-level evidence seed for deferred planning, execution, native readback, comparison artifacts, and validation wrappers."
019-FR-011,019,FR,FR-011,"The lighting stage MUST preserve independent diffuse and specular material response using the existing metallic-roughness and ambient-occlusion surface semantics and MUST support deterministic ambient-only, emissive-only, and no-light outcomes.",specs/019-deferred-rendering-pipeline/spec.md:131,Source/Renderer/Public/Renderer/FDeferred*.h; Source/Renderer/Public/Renderer/FRendererComparisonReport.h; Source/Backend/Vulkan/Public/VulkanRHI/FVulkanNativeContext.h,Source/Renderer/Private/FDeferred*.cpp; Source/Renderer/Private/FRendererComparisonReport.cpp; Source/Backend/Vulkan/Private/FVulkanNativeOffscreenSession.cpp; .github/scripts/run_deferred_validation.py,Tests/DeferredRenderingTests.cpp; Tests/DeferredNativeIntegrationTests.cpp; Tests/RendererComparisonTests.cpp; Tests/Main.cpp,Validation/019/completion.md; Validation/019/Linux/deferred-readback-report.txt; Validation/019/Linux/renderer-comparison-report.txt; .github/workflows/ci.yml,FeatureMapped,"Feature-level evidence seed for deferred planning, execution, native readback, comparison artifacts, and validation wrappers."
019-FR-012,019,FR,FR-012,The deferred path MUST prepare a composition stage that combines accumulated lighting with required surface contributions into exactly one final renderer output suitable for downstream presentation or later post-processing.,specs/019-deferred-rendering-pipeline/spec.md:132,Source/Renderer/Public/Renderer/FDeferred*.h; Source/Renderer/Public/Renderer/FRendererComparisonReport.h; Source/Backend/Vulkan/Public/VulkanRHI/FVulkanNativeContext.h,Source/Renderer/Private/FDeferred*.cpp; Source/Renderer/Private/FRendererComparisonReport.cpp; Source/Backend/Vulkan/Private/FVulkanNativeOffscreenSession.cpp; .github/scripts/run_deferred_validation.py,Tests/DeferredRenderingTests.cpp; Tests/DeferredNativeIntegrationTests.cpp; Tests/RendererComparisonTests.cpp; Tests/Main.cpp,Validation/019/completion.md; Validation/019/Linux/deferred-readback-report.txt; Validation/019/Linux/renderer-comparison-report.txt; .github/workflows/ci.yml,FeatureMapped,"Feature-level evidence seed for deferred planning, execution, native readback, comparison artifacts, and validation wrappers."
019-FR-013,019,FR,FR-013,"Transparent forward work, when present, MUST execute after deferred composition against the same active view and final output, with deterministic cross-path ordering.",specs/019-deferred-rendering-pipeline/spec.md:133,Source/Renderer/Public/Renderer/FDeferred*.h; Source/Renderer/Public/Renderer/FRendererComparisonReport.h; Source/Backend/Vulkan/Public/VulkanRHI/FVulkanNativeContext.h,Source/Renderer/Private/FDeferred*.cpp; Source/Renderer/Private/FRendererComparisonReport.cpp; Source/Backend/Vulkan/Private/FVulkanNativeOffscreenSession.cpp; .github/scripts/run_deferred_validation.py,Tests/DeferredRenderingTests.cpp; Tests/DeferredNativeIntegrationTests.cpp; Tests/RendererComparisonTests.cpp; Tests/Main.cpp,Validation/019/completion.md; Validation/019/Linux/deferred-readback-report.txt; Validation/019/Linux/renderer-comparison-report.txt; .github/workflows/ci.yml,FeatureMapped,"Feature-level evidence seed for deferred planning, execution, native readback, comparison artifacts, and validation wrappers."
019-FR-014,019,FR,FR-014,"Surface-data, lighting, composition, and optional transparent work MUST be represented as render graph passes with explicit resource reads, writes, ordering dependencies, and culling eligibility.",specs/019-deferred-rendering-pipeline/spec.md:134,Source/Renderer/Public/Renderer/FDeferred*.h; Source/Renderer/Public/Renderer/FRendererComparisonReport.h; Source/Backend/Vulkan/Public/VulkanRHI/FVulkanNativeContext.h,Source/Renderer/Private/FDeferred*.cpp; Source/Renderer/Private/FRendererComparisonReport.cpp; Source/Backend/Vulkan/Private/FVulkanNativeOffscreenSession.cpp; .github/scripts/run_deferred_validation.py,Tests/DeferredRenderingTests.cpp; Tests/DeferredNativeIntegrationTests.cpp; Tests/RendererComparisonTests.cpp; Tests/Main.cpp,Validation/019/completion.md; Validation/019/Linux/deferred-readback-report.txt; Validation/019/Linux/renderer-comparison-report.txt; .github/workflows/ci.yml,FeatureMapped,"Feature-level evidence seed for deferred planning, execution, native readback, comparison artifacts, and validation wrappers."
019-FR-015,019,FR,FR-015,"Intermediate resources MUST declare compatible extents, semantic layouts, access states, and lifetimes; incompatible bindings MUST fail before dependent work executes.",specs/019-deferred-rendering-pipeline/spec.md:135,Source/Renderer/Public/Renderer/FDeferred*.h; Source/Renderer/Public/Renderer/FRendererComparisonReport.h; Source/Backend/Vulkan/Public/VulkanRHI/FVulkanNativeContext.h,Source/Renderer/Private/FDeferred*.cpp; Source/Renderer/Private/FRendererComparisonReport.cpp; Source/Backend/Vulkan/Private/FVulkanNativeOffscreenSession.cpp; .github/scripts/run_deferred_validation.py,Tests/DeferredRenderingTests.cpp; Tests/DeferredNativeIntegrationTests.cpp; Tests/RendererComparisonTests.cpp; Tests/Main.cpp,Validation/019/completion.md; Validation/019/Linux/deferred-readback-report.txt; Validation/019/Linux/renderer-comparison-report.txt; .github/workflows/ci.yml,FeatureMapped,"Feature-level evidence seed for deferred planning, execution, native readback, comparison artifacts, and validation wrappers."
019-FR-016,019,FR,FR-016,"Equivalent frame inputs MUST produce deterministic pass order, draw order, light order, resource declarations, culling decisions, diagnostics, and normalized debug reports.",specs/019-deferred-rendering-pipeline/spec.md:136,Source/Renderer/Public/Renderer/FDeferred*.h; Source/Renderer/Public/Renderer/FRendererComparisonReport.h; Source/Backend/Vulkan/Public/VulkanRHI/FVulkanNativeContext.h,Source/Renderer/Private/FDeferred*.cpp; Source/Renderer/Private/FRendererComparisonReport.cpp; Source/Backend/Vulkan/Private/FVulkanNativeOffscreenSession.cpp; .github/scripts/run_deferred_validation.py,Tests/DeferredRenderingTests.cpp; Tests/DeferredNativeIntegrationTests.cpp; Tests/RendererComparisonTests.cpp; Tests/Main.cpp,Validation/019/completion.md; Validation/019/Linux/deferred-readback-report.txt; Validation/019/Linux/renderer-comparison-report.txt; .github/workflows/ci.yml,FeatureMapped,"Feature-level evidence seed for deferred planning, execution, native readback, comparison artifacts, and validation wrappers."
019-FR-017,019,FR,FR-017,"Diagnostics MUST identify invalid view/output data, rejected draws/materials/lights, incompatible intermediate resources, light culling decisions, failed stages, and cleanup outcomes without exposing unstable native addresses.",specs/019-deferred-rendering-pipeline/spec.md:137,Source/Renderer/Public/Renderer/FDeferred*.h; Source/Renderer/Public/Renderer/FRendererComparisonReport.h; Source/Backend/Vulkan/Public/VulkanRHI/FVulkanNativeContext.h,Source/Renderer/Private/FDeferred*.cpp; Source/Renderer/Private/FRendererComparisonReport.cpp; Source/Backend/Vulkan/Private/FVulkanNativeOffscreenSession.cpp; .github/scripts/run_deferred_validation.py,Tests/DeferredRenderingTests.cpp; Tests/DeferredNativeIntegrationTests.cpp; Tests/RendererComparisonTests.cpp; Tests/Main.cpp,Validation/019/completion.md; Validation/019/Linux/deferred-readback-report.txt; Validation/019/Linux/renderer-comparison-report.txt; .github/workflows/ci.yml,FeatureMapped,"Feature-level evidence seed for deferred planning, execution, native readback, comparison artifacts, and validation wrappers."
019-FR-018,019,FR,FR-018,"The feature MUST provide a human-readable deferred frame report containing pass order, resource semantics, accepted and rejected draw counts, accepted and culled light counts by type, composition state, and stable result categories.",specs/019-deferred-rendering-pipeline/spec.md:138,Source/Renderer/Public/Renderer/FDeferred*.h; Source/Renderer/Public/Renderer/FRendererComparisonReport.h; Source/Backend/Vulkan/Public/VulkanRHI/FVulkanNativeContext.h,Source/Renderer/Private/FDeferred*.cpp; Source/Renderer/Private/FRendererComparisonReport.cpp; Source/Backend/Vulkan/Private/FVulkanNativeOffscreenSession.cpp; .github/scripts/run_deferred_validation.py,Tests/DeferredRenderingTests.cpp; Tests/DeferredNativeIntegrationTests.cpp; Tests/RendererComparisonTests.cpp; Tests/Main.cpp,Validation/019/completion.md; Validation/019/Linux/deferred-readback-report.txt; Validation/019/Linux/renderer-comparison-report.txt; .github/workflows/ci.yml,FeatureMapped,"Feature-level evidence seed for deferred planning, execution, native readback, comparison artifacts, and validation wrappers."
019-FR-019,019,FR,FR-019,"The feature MUST provide a reproducible forward-versus-deferred comparison using identical scene, view, output, material, and light inputs, with documented warm-up, sample count, workload counts, per-light-count-tier summary timing statistics, and observed crossover behavior; deferred rendering is not required to outperform forward rendering for feature completion.",specs/019-deferred-rendering-pipeline/spec.md:139,Source/Renderer/Public/Renderer/FDeferred*.h; Source/Renderer/Public/Renderer/FRendererComparisonReport.h; Source/Backend/Vulkan/Public/VulkanRHI/FVulkanNativeContext.h,Source/Renderer/Private/FDeferred*.cpp; Source/Renderer/Private/FRendererComparisonReport.cpp; Source/Backend/Vulkan/Private/FVulkanNativeOffscreenSession.cpp; .github/scripts/run_deferred_validation.py,Tests/DeferredRenderingTests.cpp; Tests/DeferredNativeIntegrationTests.cpp; Tests/RendererComparisonTests.cpp; Tests/Main.cpp,Validation/019/completion.md; Validation/019/Linux/deferred-readback-report.txt; Validation/019/Linux/renderer-comparison-report.txt; .github/workflows/ci.yml,FeatureMapped,"Feature-level evidence seed for deferred planning, execution, native readback, comparison artifacts, and validation wrappers."
019-FR-020,019,FR,FR-020,Comparison reporting MUST detect and reject non-equivalent inputs or incomplete runs rather than presenting them as valid performance evidence.,specs/019-deferred-rendering-pipeline/spec.md:140,Source/Renderer/Public/Renderer/FDeferred*.h; Source/Renderer/Public/Renderer/FRendererComparisonReport.h; Source/Backend/Vulkan/Public/VulkanRHI/FVulkanNativeContext.h,Source/Renderer/Private/FDeferred*.cpp; Source/Renderer/Private/FRendererComparisonReport.cpp; Source/Backend/Vulkan/Private/FVulkanNativeOffscreenSession.cpp; .github/scripts/run_deferred_validation.py,Tests/DeferredRenderingTests.cpp; Tests/DeferredNativeIntegrationTests.cpp; Tests/RendererComparisonTests.cpp; Tests/Main.cpp,Validation/019/completion.md; Validation/019/Linux/deferred-readback-report.txt; Validation/019/Linux/renderer-comparison-report.txt; .github/workflows/ci.yml,FeatureMapped,"Feature-level evidence seed for deferred planning, execution, native readback, comparison artifacts, and validation wrappers."
019-FR-021,019,FR,FR-021,"Automated tests MUST cover frame preparation, render graph declaration, material compatibility, all supported light types, local-light influence bounds, deterministic ordering, composition, failure handling, and cleanup without requiring visible presentation.",specs/019-deferred-rendering-pipeline/spec.md:141,Source/Renderer/Public/Renderer/FDeferred*.h; Source/Renderer/Public/Renderer/FRendererComparisonReport.h; Source/Backend/Vulkan/Public/VulkanRHI/FVulkanNativeContext.h,Source/Renderer/Private/FDeferred*.cpp; Source/Renderer/Private/FRendererComparisonReport.cpp; Source/Backend/Vulkan/Private/FVulkanNativeOffscreenSession.cpp; .github/scripts/run_deferred_validation.py,Tests/DeferredRenderingTests.cpp; Tests/DeferredNativeIntegrationTests.cpp; Tests/RendererComparisonTests.cpp; Tests/Main.cpp,Validation/019/completion.md; Validation/019/Linux/deferred-readback-report.txt; Validation/019/Linux/renderer-comparison-report.txt; .github/workflows/ci.yml,FeatureMapped,"Feature-level evidence seed for deferred planning, execution, native readback, comparison artifacts, and validation wrappers."
019-FR-022,019,FR,FR-022,"Automated validation MUST build and run deterministic deferred headless integration coverage on Windows, macOS, and Linux, while preserving all existing Core, RHI, backend, Renderer, Application, scene/ECS, and triangle demo regression outcomes.",specs/019-deferred-rendering-pipeline/spec.md:142,Source/Renderer/Public/Renderer/FDeferred*.h; Source/Renderer/Public/Renderer/FRendererComparisonReport.h; Source/Backend/Vulkan/Public/VulkanRHI/FVulkanNativeContext.h,Source/Renderer/Private/FDeferred*.cpp; Source/Renderer/Private/FRendererComparisonReport.cpp; Source/Backend/Vulkan/Private/FVulkanNativeOffscreenSession.cpp; .github/scripts/run_deferred_validation.py,Tests/DeferredRenderingTests.cpp; Tests/DeferredNativeIntegrationTests.cpp; Tests/RendererComparisonTests.cpp; Tests/Main.cpp,Validation/019/completion.md; Validation/019/Linux/deferred-readback-report.txt; Validation/019/Linux/renderer-comparison-report.txt; .github/workflows/ci.yml,FeatureMapped,"Feature-level evidence seed for deferred planning, execution, native readback, comparison artifacts, and validation wrappers."
019-FR-023,019,FR,FR-023,"Tiled or clustered deferred rendering, shadows, SSAO, SSR, temporal effects, anti-aliasing, decals, custom post-processing, new material authoring workflows, new graphics backends, scene serialization, and editor tooling MUST remain outside this feature.",specs/019-deferred-rendering-pipeline/spec.md:143,Source/Renderer/Public/Renderer/FDeferred*.h; Source/Renderer/Public/Renderer/FRendererComparisonReport.h; Source/Backend/Vulkan/Public/VulkanRHI/FVulkanNativeContext.h,Source/Renderer/Private/FDeferred*.cpp; Source/Renderer/Private/FRendererComparisonReport.cpp; Source/Backend/Vulkan/Private/FVulkanNativeOffscreenSession.cpp; .github/scripts/run_deferred_validation.py,Tests/DeferredRenderingTests.cpp; Tests/DeferredNativeIntegrationTests.cpp; Tests/RendererComparisonTests.cpp; Tests/Main.cpp,Validation/019/completion.md; Validation/019/Linux/deferred-readback-report.txt; Validation/019/Linux/renderer-comparison-report.txt; .github/workflows/ci.yml,FeatureMapped,"Feature-level evidence seed for deferred planning, execution, native readback, comparison artifacts, and validation wrappers."
019-FR-024,019,FR,FR-024,Linux CI MUST execute the deferred path through real RHI offscreen resources using the Lavapipe Vulkan runtime and MUST verify resulting pixels through output readback or deterministic reference samples; this native execution coverage complements rather than replaces three-platform deterministic headless tests and is not required on Windows or macOS for feature completion.,specs/019-deferred-rendering-pipeline/spec.md:144,Source/Renderer/Public/Renderer/FDeferred*.h; Source/Renderer/Public/Renderer/FRendererComparisonReport.h; Source/Backend/Vulkan/Public/VulkanRHI/FVulkanNativeContext.h,Source/Renderer/Private/FDeferred*.cpp; Source/Renderer/Private/FRendererComparisonReport.cpp; Source/Backend/Vulkan/Private/FVulkanNativeOffscreenSession.cpp; .github/scripts/run_deferred_validation.py,Tests/DeferredRenderingTests.cpp; Tests/DeferredNativeIntegrationTests.cpp; Tests/RendererComparisonTests.cpp; Tests/Main.cpp,Validation/019/completion.md; Validation/019/Linux/deferred-readback-report.txt; Validation/019/Linux/renderer-comparison-report.txt; .github/workflows/ci.yml,FeatureMapped,"Feature-level evidence seed for deferred planning, execution, native readback, comparison artifacts, and validation wrappers."
019-FR-025,019,FR,FR-025,"Native offscreen validation MUST compare finite readback values by semantic: final LDR color error MUST be no greater than 2/255 per channel, normalized depth error no greater than 1e-4, decoded-normal dot product no less than 0.999, metallic and roughness error no greater than 1e-3, and 8-bit UNorm ambient-occlusion error no greater than 2e-3; values outside these bounds or any non-finite result MUST fail validation.",specs/019-deferred-rendering-pipeline/spec.md:145,Source/Renderer/Public/Renderer/FDeferred*.h; Source/Renderer/Public/Renderer/FRendererComparisonReport.h; Source/Backend/Vulkan/Public/VulkanRHI/FVulkanNativeContext.h,Source/Renderer/Private/FDeferred*.cpp; Source/Renderer/Private/FRendererComparisonReport.cpp; Source/Backend/Vulkan/Private/FVulkanNativeOffscreenSession.cpp; .github/scripts/run_deferred_validation.py,Tests/DeferredRenderingTests.cpp; Tests/DeferredNativeIntegrationTests.cpp; Tests/RendererComparisonTests.cpp; Tests/Main.cpp,Validation/019/completion.md; Validation/019/Linux/deferred-readback-report.txt; Validation/019/Linux/renderer-comparison-report.txt; .github/workflows/ci.yml,FeatureMapped,"Feature-level evidence seed for deferred planning, execution, native readback, comparison artifacts, and validation wrappers."
019-SC-001,019,SC,SC-001,"A representative scene containing at least 100 opaque draws, 1 directional light, 64 point lights, and 16 spot lights prepares a complete deferred frame with one surface-data sequence, deterministic light work, and one composition result in 100% of 20 repeated runs.",specs/019-deferred-rendering-pipeline/spec.md:162,Source/Renderer/Public/Renderer/FDeferred*.h; Source/Renderer/Public/Renderer/FRendererComparisonReport.h; Source/Backend/Vulkan/Public/VulkanRHI/FVulkanNativeContext.h,Source/Renderer/Private/FDeferred*.cpp; Source/Renderer/Private/FRendererComparisonReport.cpp; Source/Backend/Vulkan/Private/FVulkanNativeOffscreenSession.cpp; .github/scripts/run_deferred_validation.py,Tests/DeferredRenderingTests.cpp; Tests/DeferredNativeIntegrationTests.cpp; Tests/RendererComparisonTests.cpp; Tests/Main.cpp,Validation/019/completion.md; Validation/019/Linux/deferred-readback-report.txt; Validation/019/Linux/renderer-comparison-report.txt; .github/workflows/ci.yml,FeatureMapped,"Feature-level evidence seed for deferred planning, execution, native readback, comparison artifacts, and validation wrappers."
019-SC-002,019,SC,SC-002,"For both standard-Z and reversed-Z native profiles, at least 18 readback or reference samples produced by real RHI offscreen execution and spanning distinct base colors, world-space normals, metallic values, roughness values, depths, emissive values, ambient-occlusion values, and the six required point/spot local-light edge cases achieve the matching far-depth clear/comparison behavior; 100% of final LDR color channels are within 2/255 of reference, normalized depths are within 1e-4, decoded normalized world-space normal dot products are at least 0.999, metallic/roughness values are within 1e-3, 8-bit UNorm ambient-occlusion values are within 2e-3, and no compared value is non-finite.",specs/019-deferred-rendering-pipeline/spec.md:163,Source/Renderer/Public/Renderer/FDeferred*.h; Source/Renderer/Public/Renderer/FRendererComparisonReport.h; Source/Backend/Vulkan/Public/VulkanRHI/FVulkanNativeContext.h,Source/Renderer/Private/FDeferred*.cpp; Source/Renderer/Private/FRendererComparisonReport.cpp; Source/Backend/Vulkan/Private/FVulkanNativeOffscreenSession.cpp; .github/scripts/run_deferred_validation.py,Tests/DeferredRenderingTests.cpp; Tests/DeferredNativeIntegrationTests.cpp; Tests/RendererComparisonTests.cpp; Tests/Main.cpp,Validation/019/completion.md; Validation/019/Linux/deferred-readback-report.txt; Validation/019/Linux/renderer-comparison-report.txt; .github/workflows/ci.yml,FeatureMapped,"Feature-level evidence seed for deferred planning, execution, native readback, comparison artifacts, and validation wrappers."
019-SC-003,019,SC,SC-003,"Local-light boundary tests covering outside-view, boundary-touching, camera-enclosing, near-plane-intersecting, and fully visible point/spot lights produce the expected accepted or culled result in 100% of cases.",specs/019-deferred-rendering-pipeline/spec.md:164,Source/Renderer/Public/Renderer/FDeferred*.h; Source/Renderer/Public/Renderer/FRendererComparisonReport.h; Source/Backend/Vulkan/Public/VulkanRHI/FVulkanNativeContext.h,Source/Renderer/Private/FDeferred*.cpp; Source/Renderer/Private/FRendererComparisonReport.cpp; Source/Backend/Vulkan/Private/FVulkanNativeOffscreenSession.cpp; .github/scripts/run_deferred_validation.py,Tests/DeferredRenderingTests.cpp; Tests/DeferredNativeIntegrationTests.cpp; Tests/RendererComparisonTests.cpp; Tests/Main.cpp,Validation/019/completion.md; Validation/019/Linux/deferred-readback-report.txt; Validation/019/Linux/renderer-comparison-report.txt; .github/workflows/ci.yml,FeatureMapped,"Feature-level evidence seed for deferred planning, execution, native readback, comparison artifacts, and validation wrappers."
019-SC-004,019,SC,SC-004,"Repeating equivalent frame preparation 20 times produces identical pass order, draw order, light order, resource declarations, culling decisions, result categories, and normalized diagnostic output in all 20 runs.",specs/019-deferred-rendering-pipeline/spec.md:165,Source/Renderer/Public/Renderer/FDeferred*.h; Source/Renderer/Public/Renderer/FRendererComparisonReport.h; Source/Backend/Vulkan/Public/VulkanRHI/FVulkanNativeContext.h,Source/Renderer/Private/FDeferred*.cpp; Source/Renderer/Private/FRendererComparisonReport.cpp; Source/Backend/Vulkan/Private/FVulkanNativeOffscreenSession.cpp; .github/scripts/run_deferred_validation.py,Tests/DeferredRenderingTests.cpp; Tests/DeferredNativeIntegrationTests.cpp; Tests/RendererComparisonTests.cpp; Tests/Main.cpp,Validation/019/completion.md; Validation/019/Linux/deferred-readback-report.txt; Validation/019/Linux/renderer-comparison-report.txt; .github/workflows/ci.yml,FeatureMapped,"Feature-level evidence seed for deferred planning, execution, native readback, comparison artifacts, and validation wrappers."
019-SC-005,019,SC,SC-005,"Every tested invalid view, output, material, surface-data layout, directional light, point light, and spot light case identifies the primary rejected subject and reason in the first actionable error diagnostic.",specs/019-deferred-rendering-pipeline/spec.md:166,Source/Renderer/Public/Renderer/FDeferred*.h; Source/Renderer/Public/Renderer/FRendererComparisonReport.h; Source/Backend/Vulkan/Public/VulkanRHI/FVulkanNativeContext.h,Source/Renderer/Private/FDeferred*.cpp; Source/Renderer/Private/FRendererComparisonReport.cpp; Source/Backend/Vulkan/Private/FVulkanNativeOffscreenSession.cpp; .github/scripts/run_deferred_validation.py,Tests/DeferredRenderingTests.cpp; Tests/DeferredNativeIntegrationTests.cpp; Tests/RendererComparisonTests.cpp; Tests/Main.cpp,Validation/019/completion.md; Validation/019/Linux/deferred-readback-report.txt; Validation/019/Linux/renderer-comparison-report.txt; .github/workflows/ci.yml,FeatureMapped,"Feature-level evidence seed for deferred planning, execution, native readback, comparison artifacts, and validation wrappers."
019-SC-006,019,SC,SC-006,"A reproducible comparison report is generated for equivalent forward and deferred scenes at no fewer than 4 local-light-count tiers, includes at least 100 measured frames after warm-up per tier, and rejects 100% of deliberately mismatched comparison inputs.",specs/019-deferred-rendering-pipeline/spec.md:167,Source/Renderer/Public/Renderer/FDeferred*.h; Source/Renderer/Public/Renderer/FRendererComparisonReport.h; Source/Backend/Vulkan/Public/VulkanRHI/FVulkanNativeContext.h,Source/Renderer/Private/FDeferred*.cpp; Source/Renderer/Private/FRendererComparisonReport.cpp; Source/Backend/Vulkan/Private/FVulkanNativeOffscreenSession.cpp; .github/scripts/run_deferred_validation.py,Tests/DeferredRenderingTests.cpp; Tests/DeferredNativeIntegrationTests.cpp; Tests/RendererComparisonTests.cpp; Tests/Main.cpp,Validation/019/completion.md; Validation/019/Linux/deferred-readback-report.txt; Validation/019/Linux/renderer-comparison-report.txt; .github/workflows/ci.yml,FeatureMapped,"Feature-level evidence seed for deferred planning, execution, native readback, comparison artifacts, and validation wrappers."
019-SC-007,019,SC,SC-007,"Across all measured light-count tiers, the report demonstrates that deferred geometry work remains constant as accepted local-light count increases and records comparative timing and any observed crossover without treating the absence of a deferred performance win as a validation failure.",specs/019-deferred-rendering-pipeline/spec.md:168,Source/Renderer/Public/Renderer/FDeferred*.h; Source/Renderer/Public/Renderer/FRendererComparisonReport.h; Source/Backend/Vulkan/Public/VulkanRHI/FVulkanNativeContext.h,Source/Renderer/Private/FDeferred*.cpp; Source/Renderer/Private/FRendererComparisonReport.cpp; Source/Backend/Vulkan/Private/FVulkanNativeOffscreenSession.cpp; .github/scripts/run_deferred_validation.py,Tests/DeferredRenderingTests.cpp; Tests/DeferredNativeIntegrationTests.cpp; Tests/RendererComparisonTests.cpp; Tests/Main.cpp,Validation/019/completion.md; Validation/019/Linux/deferred-readback-report.txt; Validation/019/Linux/renderer-comparison-report.txt; .github/workflows/ci.yml,FeatureMapped,"Feature-level evidence seed for deferred planning, execution, native readback, comparison artifacts, and validation wrappers."
019-SC-008,019,SC,SC-008,"Windows, macOS, and Linux automated jobs all build the feature and pass deterministic headless deferred integration coverage, and the Linux job additionally passes real Vulkan offscreen execution and pixel validation through Lavapipe.",specs/019-deferred-rendering-pipeline/spec.md:169,Source/Renderer/Public/Renderer/FDeferred*.h; Source/Renderer/Public/Renderer/FRendererComparisonReport.h; Source/Backend/Vulkan/Public/VulkanRHI/FVulkanNativeContext.h,Source/Renderer/Private/FDeferred*.cpp; Source/Renderer/Private/FRendererComparisonReport.cpp; Source/Backend/Vulkan/Private/FVulkanNativeOffscreenSession.cpp; .github/scripts/run_deferred_validation.py,Tests/DeferredRenderingTests.cpp; Tests/DeferredNativeIntegrationTests.cpp; Tests/RendererComparisonTests.cpp; Tests/Main.cpp,Validation/019/completion.md; Validation/019/Linux/deferred-readback-report.txt; Validation/019/Linux/renderer-comparison-report.txt; .github/workflows/ci.yml,FeatureMapped,"Feature-level evidence seed for deferred planning, execution, native readback, comparison artifacts, and validation wrappers."
019-SC-009,019,SC,SC-009,"100% of existing regression tests remain passing, and selecting the existing forward path produces no deferred passes or deferred-only resource requirements.",specs/019-deferred-rendering-pipeline/spec.md:170,Source/Renderer/Public/Renderer/FDeferred*.h; Source/Renderer/Public/Renderer/FRendererComparisonReport.h; Source/Backend/Vulkan/Public/VulkanRHI/FVulkanNativeContext.h,Source/Renderer/Private/FDeferred*.cpp; Source/Renderer/Private/FRendererComparisonReport.cpp; Source/Backend/Vulkan/Private/FVulkanNativeOffscreenSession.cpp; .github/scripts/run_deferred_validation.py,Tests/DeferredRenderingTests.cpp; Tests/DeferredNativeIntegrationTests.cpp; Tests/RendererComparisonTests.cpp; Tests/Main.cpp,Validation/019/completion.md; Validation/019/Linux/deferred-readback-report.txt; Validation/019/Linux/renderer-comparison-report.txt; .github/workflows/ci.yml,FeatureMapped,"Feature-level evidence seed for deferred planning, execution, native readback, comparison artifacts, and validation wrappers."
019-SC-010,019,SC,SC-010,"All covered successful, rejected-input, partial-execution-failure, and shutdown cases finish without a hang or crash and leave zero live deferred frame-owned resources after cleanup.",specs/019-deferred-rendering-pipeline/spec.md:171,Source/Renderer/Public/Renderer/FDeferred*.h; Source/Renderer/Public/Renderer/FRendererComparisonReport.h; Source/Backend/Vulkan/Public/VulkanRHI/FVulkanNativeContext.h,Source/Renderer/Private/FDeferred*.cpp; Source/Renderer/Private/FRendererComparisonReport.cpp; Source/Backend/Vulkan/Private/FVulkanNativeOffscreenSession.cpp; .github/scripts/run_deferred_validation.py,Tests/DeferredRenderingTests.cpp; Tests/DeferredNativeIntegrationTests.cpp; Tests/RendererComparisonTests.cpp; Tests/Main.cpp,Validation/019/completion.md; Validation/019/Linux/deferred-readback-report.txt; Validation/019/Linux/renderer-comparison-report.txt; .github/workflows/ci.yml,FeatureMapped,"Feature-level evidence seed for deferred planning, execution, native readback, comparison artifacts, and validation wrappers."
